,,,,,,,,300.784424583054,,,,,,,,,,,,,,,,,,,,,,,,,,,,,,,,,,,,,,,,,,,,,,,,,,,,,,,,,,,,,,,,,,,,,,,,,,,,,,,,,,,,,,,,,,,,,,,,,,,,,,,,,,,,,,,,,,,,,,,,,,,,,,,,,,,,,,,,,,,,,,,
,,,,,,,,,,,,,,,,,,,,,,,,,,,,,,,,,,,,,,,,,,,,,,,,,,,,,,,,,,,,,,,,,,,,,,,,,,,,,,,,,,,,,,,,,,,,,,,,,,,,,,,,,,,,,,,,,,,,,,,,,,,,,,,,,,,,,,,,,,,,,,,,,,,,,,,
,,,,,,,,,,,,,,,,,,,,,,,,,,,,,,,,,,,,,,,,,,,,,,,,,,,,,,,,,,,,,,,,,,,,,,,,,,,,,,,,,,,,,,,,,,,,,,,,,,,,,,,,,,,,,,,,,,,,,,,,,,,,,,,,,,,,,,,,,,,,,,,,,,,,,,,
,,,,,,,,,,,,,,,,,,,,,,,,,,,,,,,,,,,,,,,,,,,,,,,,,,,,,,,,2013-Q1,2013-Q2,2013-Q3,2013-Q4,2014-Q1,2014-Q2,2014-Q3,2014-Q4,2015-Q1,2015-Q2,2015-Q3,2015-Q4,2016-Q1,2016-Q2,2016-Q3,2016-Q4,2017-Q1,2017-Q2,2017-Q3,2017-Q4,2018-Q1,2018-Q2,2018-Q3,2018-Q4,2019-Q1,2019-Q2,2019-Q3,2019-Q4,2020-Q1,2020-Q2,2020-Q3,2020-Q4,2021-Q1,2021-Q2,2021-Q3,2021-Q4,2022-Q1,2022-Q2,2022-Q3,2022-Q4,2023-Q1,2023-Q2,2023-Q3,2023-Q4,2024-Q1,2024-Q2,2024-Q3,2024-Q4,2025-Q1,2025-Q2,2025-Q3,2025-Q4,2026-Q1,2026-Q2,2026-Q3,2026-Q4,2027-Q1,2027-Q2,2027-Q3,2027-Q4,2028-Q1,2028-Q2,2028-Q3,2028-Q4,,,,,,2009-FY,2010-FY,2011-FY,2012-FY,2013-FY,2014-FY,2015-FY,2016-FY,2017-FY,2018-FY,2019-FY,2020-FY,2021-FY,2022-FY,2023-FY,2024-FY,2025-FY,2026-FY,2027-FY,2028-FY,2029-FY,2030-FY,2031-FY,2032-FY,2033-FY,2034-FY,2035-FY
,,,,,,,,Period-End Date,,,,,,,,,,,,,,,,,,,,,,,,,,,,,,,,,,,,,,,,,,,,,,,,2013-03-31 00:00:00,2013-06-30 00:00:00,2013-09-30 00:00:00,2013-12-31 00:00:00,2014-03-31 00:00:00,2014-06-30 00:00:00,2014-09-30 00:00:00,2014-12-31 00:00:00,2015-03-31 00:00:00,2015-06-30 00:00:00,2015-09-30 00:00:00,2015-12-31 00:00:00,2016-03-31 00:00:00,2016-06-30 00:00:00,2016-09-30 00:00:00,2016-12-31 00:00:00,2017-03-31 00:00:00,2017-06-30 00:00:00,2017-09-30 00:00:00,2017-12-31 00:00:00,2018-03-31 00:00:00,2018-06-30 00:00:00,2018-09-30 00:00:00,2018-12-31 00:00:00,2019-03-31 00:00:00,2019-06-30 00:00:00,2019-09-30 00:00:00,2019-12-31 00:00:00,2020-03-31 00:00:00,2020-06-30 00:00:00,2020-09-30 00:00:00,2020-12-31 00:00:00,2021-03-31 00:00:00,2021-06-30 00:00:00,2021-09-30 00:00:00,2021-12-31 00:00:00,2022-03-31 00:00:00,2022-06-30 00:00:00,2022-09-30 00:00:00,2022-12-31 00:00:00,2023-03-31 00:00:00,2023-06-30 00:00:00,2023-09-30 00:00:00,2023-12-31 00:00:00,2024-03-31 00:00:00,2024-06-30 00:00:00,2024-09-30 00:00:00,2024-12-31 00:00:00,2025-03-31 00:00:00,2025-06-30 00:00:00,2025-09-30 00:00:00,2025-12-31 00:00:00,2026-03-31 00:00:00,2026-06-30 00:00:00,2026-09-30 00:00:00,2026-12-31 00:00:00,2027-03-31 00:00:00,2027-06-30 00:00:00,2027-09-30 00:00:00,2027-12-31 00:00:00,2028-03-31 00:00:00,2028-06-30 00:00:00,2028-09-30 00:00:00,2028-12-31 00:00:00,,,,,,2009-12-31 00:00:00,2010-12-31 00:00:00,2011-12-31 00:00:00,2012-12-31 00:00:00,2013-12-31 00:00:00,2014-12-31 00:00:00,2015-12-31 00:00:00,2016-12-31 00:00:00,2017-12-31 00:00:00,2018-12-31 00:00:00,2019-12-31 00:00:00,2020-12-31 00:00:00,2021-12-31 00:00:00,2022-12-31 00:00:00,2023-12-31 00:00:00,2024-12-31 00:00:00,2025-12-31 00:00:00,2026-12-31 00:00:00,2027-12-31 00:00:00,2028-12-31 00:00:00,2029-12-31 00:00:00,2030-12-31 00:00:00,2031-12-31 00:00:00,2032-12-31 00:00:00,2033-12-31 00:00:00,2034-12-31 00:00:00,2035-12-31 00:00:00
,,,,,,,,Morgan Stanley | Google revenue by product,,,,,,,,,,,,,,,,,,,,,,,,,,,,,,,,,,,,,,,,,,,,,,,,2013-12-31 00:00:00,,,,2014-12-31 00:00:00,,,,2015-12-31 00:00:00,,,,2016-12-31 00:00:00,,,,2017-12-31 00:00:00,,,,2018-12-31 00:00:00,,,,2019-12-31 00:00:00,,,,2020-12-31 00:00:00,,,,2021-12-31 00:00:00,,,,2022-12-31 00:00:00,,,,2023-12-31 00:00:00,,,,2024-12-31 00:00:00,,,,2025-12-31 00:00:00,,,,2026-12-31 00:00:00,,,,2027-12-31 00:00:00,,,,2028-12-31 00:00:00,,,,,,,,,,,,,,,,,,,,,,,,,,,,,,,,,,,
,,,,,,,,(In millions),,,,,,,,,,,,,,,,,,,,,,,,,,,,,,,,,,,,,,,,,,,,,,,,1,2,3,4,1,2,3,4,1,2,3,4,1,2,3,4,1,2,3,4,1,2,3,4,1,2,3,4,1,2,3,4,1,2,3,4,1,2,3,4,1,2,3,4,1,2,3,4,1,2,3,4,1,2,3,4,1,2,3,4,1,2,3,4,,,,,,2009-12-31 00:00:00,2010-12-31 00:00:00,2011-12-31 00:00:00,2012-12-31 00:00:00,2013-12-31 00:00:00,2014-12-31 00:00:00,2015-12-31 00:00:00,2016-12-31 00:00:00,2017-12-31 00:00:00,2018-12-31 00:00:00,2019-12-31 00:00:00,2020-12-31 00:00:00,2021-12-31 00:00:00,2022-12-31 00:00:00,2023-12-31 00:00:00,2024-12-31 00:00:00,2025-12-31 00:00:00,2026-12-31 00:00:00,2027-12-31 00:00:00,2028-12-31 00:00:00,2029-12-31 00:00:00,2030-12-31 00:00:00,2031-12-31 00:00:00,2032-12-31 00:00:00,2033-12-31 00:00:00,2034-12-31 00:00:00,2035-12-31 00:00:00
,,,,,,,,Gross advertising revenue,,,,,,,,,,,,,,,,,,,,,,,,,,,,,,,,,,,,,,,,,,,,,,,,11902,12061,12524,14060,13997,14498,14820,16309,15508,16023,16781,19078,18020,19143,19821,22399,21456.3131299901,22719.9801491766,24116.0235424313,27284.683178402,26831.8898007335,28121.5298318624,28989.5803674042,32518,30587,32494,33796,37934,33763,29867,37095,46199,44684,50444,53130,61239,54661,56288,54482,59042,54548,58143,59647,65517,61659,64616,65854,72461,66885,71340,74182,82284,77241.37239055,81344.4803151882,82599.4568801128,91326.6235548291,84017.9340118993,88115.81869869,91493.5989404118,100865.92946467,,,,,,,,,,22888.804,28236,36531,43686,51072,59624,67390,79383,95577,116461,134811,146924,209497,224473,237855,264590,294691,332511.93314068,364493.281115671,398661.859713614,433486.787052504,469871.976667059,511480.2694439,555101.286963687,601291.793005568,651138.458109289,705432.295885786
,,,,,,,,% change Y/Y,,,,,,,,,,,,,,,,,,,,,,,,,,,,,,,,,,,,,,,,,,,,,,,,NA,NA,NA,NA,0.176020836834146,0.202056214244258,0.183328010220377,0.159957325746799,0.107951703936558,0.105186922334115,0.132321187584346,0.16978355509228,0.161980913077121,0.194720089870811,0.181157261188249,0.174074850613272,0.190694402330196,0.186855777525809,0.216690557612193,0.218120593705167,0.250535897671522,0.237744471923827,0.202087911234538,0.191804199718198,0.139949523762724,0.155484790275652,0.165798178920871,0.166553908604465,0.103834962565796,-0.0808456945897704,0.0976151023789798,0.217878420414404,0.323460592956787,0.688954364348612,0.432268499797816,0.325548172038356,0.223279026049593,0.115851240980097,0.0254470167513645,-0.0358758307614429,-0.00206728746272478,0.0329555144968732,0.0948019529385853,0.109667694183801,0.130362249761678,0.111328964793698,0.104062232802991,0.10598775890227,0.0847564832384566,0.104060913705584,0.126461566495581,0.135562578490498,0.154838489804141,0.14023661781873,0.113470341593821,0.109895284075022,0.0877322788503225,0.0832427517794045,0.107677972667643,0.104452628801212,,,,,,,,,,,0.233616225644643,0.293773905652359,0.195861049519586,0.169070182667216,0.167449874686717,0.130249563933986,0.177964089627541,0.203998337175466,0.218504451907886,0.157563476185161,0.0898517183315901,0.425886853066892,0.0714855105323704,0.0596151875726703,0.112400412015724,0.11376469254318,0.128340984762616,0.0961810533321823,0.0937426843462155,0.0873545499534556,0.0839360984032664,0.0885524032992582,0.085283871393933,0.0832109510942314,0.0828992939593642,0.0833829381452129
,,,,,,,,,,,,,,,,,,,,,,,,,,,,,,,,,,,,,,,,,,,,,,,,,,,,,,,,,,,,,,,,,,,,,,,,,,,,,,,,,,,,,,,,,,,,,,,,,,,,,,,,,,,,,,,,,,,,,,,,,,,,,,,,,,,,,,,,,,,,,,,,,,,,,,,
,,,,,,,,Gross websites revenue,,,,,,,,,,,,,,,,,,,,,,,,,,,,,,,,,,,,,,,,,,,,,,,,8640,8868,9376,10538,10469,10935,11252,12429,11932,12402,13087,14936,14328,15400,16089,17968,17441.7041574536,18465.9770787268,19766.8638221834,22286.4549416362,22153.5170652715,23289.7687468859,24082.7141878426,26925,25572,27245,28545,31902,28540,25131,31375,38788,37884,42847,45131,51934,46487,48029,46610,50567,47052,50293,51978,57220,54246,57172,58306,64507,59629,63986,66828,74456,70156.4745068526,74162.7289299093,75393.4009534496,83656.0089019261,77061.4730900989,81063.9005016869,84416.5078303821,93331.8875173385,,,,,,,,,,15722.486,19444,26145,31221,37422,45085,52357,63785,77961,96451,113264,123834,177796,191693,206543,234231,264899,303368.613292138,335873.768939506,370464.399676971,405627.88426503,442282.667519302,484103.272330502,527888.78767375,574203.704179948,624141.037518186,678497.039646488
,,,,,,,,% change Y/Y,,,,,,,,,,,,,,,,,,,,,,,,,,,,,,,,,,,,,,,,,,,,,,,,NA,NA,NA,NA,0.211689814814815,0.233085250338295,0.200085324232082,0.179445815145189,0.139745916515426,0.134156378600823,0.163082118734447,0.201705688309598,0.200804559168622,0.241735203999355,0.22938794223275,0.20299946438136,0.217316035556504,0.199089420696545,0.228594929590613,0.240341437090174,0.270146361002482,0.261225910093662,0.218337638407552,0.208132925156162,0.154308813569262,0.169826986952928,0.185289987555061,0.184846796657382,0.116064445487252,-0.077592218755735,0.0991417060781223,0.215848536141935,0.32740014015417,0.704946082527556,0.438438247011952,0.338919253377333,0.227087952697709,0.120941956262982,0.032771265870466,-0.0263218700658528,0.012153935508852,0.0471381873451457,0.11516841879425,0.131568018668301,0.152894669727111,0.136778478118227,0.121743814690831,0.127350576721426,0.0992331231795893,0.119184216049815,0.146159914931568,0.154231323732308,0.176549573309171,0.159046180881901,0.128170840866846,0.12356302919746,0.0984228274265959,0.0930544448856499,0.119680326962616,0.115662685112744,,,,,,,,,,,0.236700099462642,0.344630734416787,0.194148020654045,0.198616315941193,0.204772593661483,0.161295331041366,0.218270718337567,0.222246609704476,0.237169866984774,0.174316492312159,0.0933217968639639,0.43576077652341,0.0781626133321334,0.0774676174925533,0.134054409977583,0.130930577079891,0.145223701456546,0.107147391731217,0.102986996712133,0.0949173108636632,0.0903655411182767,0.0945562824014015,0.0904466419581551,0.0877361247059141,0.0869679749098042,0.087089293702656
,,,,,,,,,,,,,,,,,,,,,,,,,,,,,,,,,,,,,,,,,,,,,,,,,,,,,,,,,,,,,,,,,,,,,,,,,,,,,,,,,,,,,,,,,,,,,,,,,,,,,,,,,,,,,,,,,,,,,,,,,,,,,,,,,,,,,,,,,,,,,,,,,,,,,,,
,,,,,,,,Search (plug),,,,,,,,,,,,,,,,,,,,,,,,,,,,,,,,,,,,,,,,,,,,,,,,8139.65206303548,8338.54872603787,8759.94514542237,9806.63968384423,9746.65552700856,10121.3685844409,10279.8169978517,11304.3282461541,10957.1960147673,11286.8135818188,11751.4184609341,13308.9674623055,12908.637537984,13804.6133957999,14204.5083260099,15656.2884848494,15515.2113804708,16398.0135623942,17273.1256768603,19235.6836601753,19614.4321408158,20541.6145121689,20709.976673041,22927.7565715865,22151.2025793215,23221.9719285472,24391.3499844583,26773.1444001658,24086.4127082876,20877.9705249745,25970.8674836812,31470.5516201741,31442.6333437019,35381.9190512233,37540.5108578653,42846.9292011828,39159.815010887,40202.7650037844,39134.2364007586,42127.225661242,39877.9057614314,42141.7650037844,43621.2364007586,47543.225661242,45670.0948190457,48017.9026538223,48976.1887647662,53552.4579178544,50211.2357672362,53693.9916803605,56154.1006524138,62586.6424970329,59685.4672441875,62900.276368188,64103.6209487623,70543.0859857166,65468.0617615202,68618.2821887015,71607.0905286553,79134.9453657358,,,,,,,,,,,,,29775.8807752687,35044.78561834,41452.1693554552,47304.3955198257,56574.0477446431,68422.0342799007,83793.7798976122,96537.6688924928,102405.802337117,147211.992453973,160624.042076672,173184.132827216,196216.644155489,222645.970597043,257232.450546854,284828.379844613,314059.770012447,343697.023000481,374672.445483845,410686.091580054,448561.721039258,488887.327016984,532778.030473701,581050.637111815
,,,,,,,,Owned & Operated Desktop Search,,,,,,,,,,,,,,,,,,,,,,,,,,,,,,,,,,,,,,,,,,,,,,,,6944.336526177,6956.65594651635,7323.33358237046,8131.99920049246,7443.96413100408,7525.38363315718,7783.69690081637,8531.54156464725,7785.50551611515,7781.08561853739,7949.05322010743,8713.63662681865,8139.3655157859,8293.13485699767,8303.85440945039,8905.7474875192,8604.53622030582,8759.10430761439,8908.94875013716,9666.79179645978,9238.05338782808,9312.41790764253,9468.52288352508,10067.1659067529,9539.75184294018,9111.3634752993,10033.7652044886,10347.5980030403,9148.1493110439,7873.6337744613,10471.854713704,10117.3413039109,11051.9038064643,14640.0019341547,14322.9897284393,12578.7535778797,13788.6497841792,15592.4803443825,12561.7834681305,8756.56203655029,11393.6985614064,14511.7984166739,14198.8878911062,10765.4172804693,13212.3407146173,15642.4893053755,15770.1262367725,12045.0233793143,14092.2469998282,17834.9838556209,19547.7373215536,16828.8466617464,20250.7553079315,23749.4116251373,24513.839006437,19854.8876491779,22840.1240262258,26297.1761730822,28832.3106290699,24422.1040812759,,,,,,,,,,,,,23773,29356.3252555563,31284.5862296249,32229.2809815786,33642.1022697532,35939.3810745171,38086.1600857485,39032.4785257684,37610.9791031201,52593.6490469381,50699.4756332425,50869.8021496558,56669.9796360796,68303.814838749,88368.8935886835,102391.714909654,119001.564001778,136982.295278614,157251.180137777,183473.560907243,212425.781678822,244641.020132877,281176.07723288,322788.697346552
,,,,,,,,Mobile Search,,,,,,,,,,,,,,,,,,,,,,,,,,,,,,,,,,,,,,,,,,,,,,,,1195.31553685848,1381.89277952152,1436.61156305191,1674.64048335177,2302.69139600448,2595.98495128368,2496.12009703534,2772.78668150681,3171.69049865215,3505.72796328138,3802.36524082672,4595.33083548684,4769.27202219807,5511.47853880221,5900.65391655953,6750.54099733017,6910.675160165,7638.90925477986,8364.17692672313,9568.89186371552,10376.3787529878,11229.1966045264,11241.4537895159,12860.5906648337,12611.4507363813,14110.6084532479,14357.5847799697,16425.5463971256,14938.2633972437,13004.3367505132,15499.0127699773,21353.2103162632,20390.7295372376,20741.9171170686,23217.521129426,30268.1756233031,25371.1652267079,24610.2846594019,26572.452932628,33370.6636246917,28484.207200025,27629.9665871105,29422.3485096524,36777.8083807727,32457.7541044284,32375.4133484468,33206.0625279937,41507.4345385401,36118.988767408,35859.0078247396,36606.3633308602,45757.7958352866,39434.711936256,39150.8647430507,39589.7819423253,50688.1983365387,42627.9377352944,42321.1060156193,42774.7798995854,54712.8412844599,,,,,,,,,,,,,4720.51582580024,5688.46036278368,10167.5831258303,15075.1145382471,22931.94547489,32482.6532053835,45707.6198118637,57505.1903667244,64794.8232339974,94618.3434070353,109924.56644343,122314.330677561,139546.664519409,154342.155758294,168863.556958171,182436.664934959,195058.206010669,206714.727721868,217421.265346069,227212.530672811,236135.939360436,244246.306884107,251601.953240821,258261.939765262
,,,,,,,,Total YouTube Revenue,,,,,,,,,,,,,,,,,,,,,,,,,,,,,,,,,,,,,,,,,,,,,,,,322.535481122172,370.34463840095,464.804213148217,568.319958028713,502.301210708586,561.719894970569,719.474736772347,882.469150312089,751.314223978601,843.901752985988,1076.04168465633,1321.31843025165,1096.18865847032,1252.42815536869,1598.99783413961,1975.42599696349,1577.4650691534,1697.56839159461,2185.40479828456,2687.58292181883,2162.135,2348.1275,3039.7375,3605,3025,3603,3804,4717,4038,3812,5037,6885,6005,7002,7205,8633,6869,7340,7071,7963,6693,7665,7952,9200,8090,8663,8921,10473,8927,9796,10261,11383,9975.33538757357,10761.4841588854,10872.7516636253,12621.7018382128,11092.7827347364,11939.6402261212,12388.2186772541,13700.8088628261,,,,,,,,,,,,,1049.22164833135,1726.00429070005,2665.96499276359,3992.57609187257,5923.04064494211,8148.02118085139,11155,15149,19772,28845,29243,31510,36147,40367,44231.273048297,49121.4505009377,54461.4516846282,59968.2515048547,65627.9861781647,71415.1225345831,77304.9878364689,83274.0775769603,89300.2844626222,95363.0527269915
,,,,,,,,Owned & Operated Display,,,,,,,,,,,,,,,,,,,,,,,,,,,,,,,,,,,,,,,,,,,,,,,,177.812455842353,159.106635561177,151.250641429412,163.040358127059,220.043262282857,251.911520588571,252.708265375948,242.202603533846,223.489761254094,271.284665195238,259.539854409524,305.714107442857,323.173803545714,342.958448831429,285.493839850476,336.285518187143,349.027707829372,370.395124737943,308.333347038515,363.188359642115,376.949924455721,400.026734716978,333.000014801596,392.243428413484,395.797420678508,420.028071452827,349.650015541676,411.855599834158,415.587291712433,441.029475025469,367.132516318759,432.448379825866,436.366656298055,463.080948776742,385.489142134697,454.070798817159,458.184989112957,486.234996215579,404.763599241432,476.774338758017,481.094238568605,486.234996215579,404.763599241432,476.774338758017,485.905180954291,491.097346177735,408.811235233846,481.542082145597,490.764232763834,496.008319639512,412.899347586185,486.357502967053,495.671875091473,500.968402835908,417.028341062047,491.221077996724,500.628593842387,505.978086864267,421.198624472667,496.133288776691,,,,,,,,,,,,,395.8975764,651.21009096,966.865651781223,1060.02838830171,1287.91161041476,1390.94453924794,1502.22010238778,1577.33110750717,1656.19766288253,1739.00754602665,1825.95792332799,1848.86717278363,1867.35584451147,1886.02940295658,1904.88969698615,1923.93859395601,1943.17797989557,1962.60975969453,1982.23585729147,2002.05821586439,2022.07879802303,2042.29958600326,2062.7225818633,2083.34980768193
,,,,,,,,Gross websites revenue,,,,,,,,,,,,,,,,,,,,,,,,,,,,,,,,,,,,,,,,,,,,,,,,8640,8868,9376,10538,10469,10935,11252,12429,11932,12402,13087,14936,14328,15400,16089,17968,17441.7041574536,18465.9770787268,19766.8638221834,22286.4549416362,22153.5170652715,23289.7687468859,24082.7141878426,26925,25572,27245,28545,31902,28540,25131,31375,38788,37884,42847,45131,51934,46487,48029,46610,50567,47052,50293,51978,57220,54246,57172,58306,64507,59629,63986,66828,74456,70156.4745068526,74162.7289299093,75393.4009534496,83656.0089019261,77061.4730900989,81063.9005016869,84416.5078303821,93331.8875173385,,,,,,,,,,,,,31221,37422,45085,52357,63785,77961,96451,113264,123834,177796,191693,206543,234231,264899,303368.613292138,335873.768939506,370464.399676971,405627.88426503,442282.667519302,484103.272330502,527888.78767375,574203.704179948,624141.037518186,678497.039646488
,,,,,,,,Check,,,,,,,,,,,,,,,,,,,,,,,,,,,,,,,,,,,,,,,,,,,,,,,,0,0,0,0,0,0,0,0,0,0,0,0,0,0,0,0,0,0,0,0,0,0,0,0,0,0,0,0,0,0,0,0,0,0,0,0,0,0,0,0,0,0,0,0,0,0,0,0,0,0,0,0,0,0,0,0,0,0,0,0,,,,,,,,,,,,,0,0,0,0,0,0,0,0,0,0,0,0,0,0,0,0,0,0,0,0,0,0,0,0
,,,,,,,,,,,,,,,,,,,,,,,,,,,,,,,,,,,,,,,,,,,,,,,,,,,,,,,,,,,,,,,,,,,,,,,,,,,,,,,,,,,,,,,,,,,,,,,,,,,,,,,,,,,,,,,,,,,,,,,,,,,,,,,,,,,,,,,,,,,,,,,,,,,,,,,
,,,,,,,,Y/Y % Growth,,,,,,,,,,,,,,,,,,,,,,,,,,,,,,,,,,,,,,,,,,,,,,,,,,,,,,,,,,,,,,,,,,,,,,,,,,,,,,,,,,,,,,,,,,,,,,,,,,,,,,,,,,,,,,,,,,,,,,,,,,,,,,,,,,,,,,,,,,,,,,,
,,,,,,,,Search (plug),,,,,,,,,,,,,,,,,,,,,,,,,,,,,,,,,,,,,,,,,,,,,,,,,,,,0.197429011894864,0.213804574030487,0.173502439478581,0.152721891554472,0.124200602391689,0.115146977175547,0.143154441697744,0.177333776275777,0.178096797810922,0.223074457261957,0.208748405414266,0.17637138487205,0.201924783682008,0.187864744360274,0.21603122617285,0.228623481151981,0.264206568626241,0.252689201286993,0.198970994623445,0.191938741384852,0.129331831800875,0.130484262314941,0.177758447995239,0.167717579195898,0.0873636599203254,-0.100938947423803,0.0647572807667207,0.17545220500806,0.305409557018978,0.694701073023304,0.445485441772549,0.361492792319405,0.245436874921638,0.136251681136399,0.0424534857537604,-0.0167970856572143,0.0183374398051859,0.0482305134937231,0.114656638602843,0.128562940354813,0.145248075269196,0.139437388289507,0.122760215111978,0.126395131441644,0.0994335782788145,0.118207766537808,0.146559217217235,0.168697851236564,0.188687478652606,0.171458377366175,0.141566158196619,0.127126862398168,0.0968844642477984,0.0909058934342839,0.117052195630111,0.121795910399481,,,,,,,,,,,,,,0.176952107070752,0.182834154184754,0.141180214579056,0.195957524093769,0.209424409381762,0.224660751167217,0.152086336365926,0.0607859451335993,0.437535658080731,0.0911070450112412,0.078195583850075,0.13299435088116,0.134694620608288,0.155342941338954,0.10728012441312,0.102628081456566,0.0943681929935163,0.0901242094358228,0.0961203486680253,0.0922252548497144,0.0898997932420476,0.0897767257018542,0.0906054752205039
,,,,,,,,Two-Year Search Rev,,,,,,,,,,,,,,,,,,,,,,,,,,,,,,,,,,,,,,,,,,,,,,,,,,,,,,,,0.321629614286553,0.328951551206034,0.316656881176325,0.330055667830249,0.302297400202612,0.338221434437504,0.35190284711201,0.353705161147827,0.38002158149293,0.410939201622231,0.424779631587116,0.40499486602403,0.466131352308249,0.440553945647267,0.415002220796295,0.420562222536833,0.393538400427116,0.383173463601934,0.376729442618685,0.35965632058075,0.216695491721201,0.0295453148911387,0.24251572876196,0.343169784203958,0.392773216939303,0.593762125599502,0.510242722539269,0.536944997327465,0.550846431940615,0.830952754159704,0.487938927526309,0.34469570666219,0.263774314726824,0.184482194630122,0.157110124356603,0.111765854697599,0.163585515074382,0.18766790178323,0.237416853714821,0.254958071796457,0.244681653548011,0.257645154827315,0.269319432329213,0.295092982678208,0.288121056931421,0.289666143903983,0.288125375413854,0.295824713634731,0.285571942900405,0.262364270800459,0.25861835382673,0.248922772797648,,,,,,,,,,,,,,,0.359786261255507,0.324014368763811,0.337137738672825,0.405381933475531,0.43408516054898,0.376747087533143,0.212872281499525,0.49832160321433,0.528642703091972,0.169302628861316,0.211189934731234,0.267688971489447,0.290037561947241,0.262623065752074,0.209908205869686,0.196996274450082,0.184492402429339,0.186244558103848,0.18834560351774,0.182125048091762,0.179676518943902,0.180382200922358
,,,,,,,,,,,,,,,,,,,,,,,,,,,,,,,,,,,,,,,,,,,,,,,,,,,,,,,,,,,,,,,,,,,,,,,,,,,,,,,,,,,,,,,,,,,,,,,,,,,,,,,,,,,,,,,,,,,,,,,,,,,,,,,,,,,,,,,,,,,,,,,,,,,,,,,
,,,,,,,,Owned & Operated Desktop Search,,,,,,,,,,,,,,,,,,,,,,,,,,,,,,,,,,,,,,,,,,,,,,,,,,,,0.0719474931757289,0.0817530277497232,0.0628625356564583,0.0491321204422397,0.0458816537936491,0.0339785980150673,0.0212439309235843,0.0213437467064526,0.0454511269612861,0.0658069148140963,0.0446343960115247,0.0220471507968636,0.0571507328940748,0.0561873716817152,0.0728690931765537,0.0854554106780066,0.0736259516262159,0.0631701119881787,0.0628103437433403,0.0414174752827208,0.0326582281403156,-0.0215899280226916,0.0596969905355631,0.0278561115297924,-0.0410495512193099,-0.135844619105962,0.0436615268831828,-0.0222521882915934,0.208102691669251,0.85937044489427,0.367760546724889,0.243286472209585,0.247626655609694,0.065059992103264,-0.122963591659344,-0.303860912582859,-0.173690046542529,-0.0693078909730969,0.130324203336971,0.229411410041284,0.159618243664184,0.077915283566953,0.110659254282194,0.118862656737563,0.0665973050662745,0.140162764854306,0.239542222304634,0.397161809635637,0.437013934554112,0.331619463039347,0.254049949781537,0.179812737512785,0.127865290895107,0.107276954400349,0.176164639961083,0.23002983007497,,,,,,,,,,,,,,0.234859935874995,0.0656846848943957,0.0301968114591578,0.0438365748519822,0.0682858278696039,0.0597333328245204,0.0248467799822638,-0.0364183745521027,0.398358944677808,-0.0360152499022283,0.00335953211124784,0.114020052001775,0.205290971999267,0.293762197577163,0.15868503894866,0.162218682505519,0.15109659631504,0.147967186693268,0.166754747064483,0.157800506124238,0.151654089251572,0.149341500784123,0.14799488108374
,,,,,,,,Mobile Search,,,,,,,,,,,,,,,,,,,,,,,,,,,,,,,,,,,,,,,,,,,,,,,,,,,,0.926429737587444,0.8785719049654,0.737505224956309,0.655750418715017,0.377384092438754,0.350442328853965,0.523310214657866,0.657296923032538,0.503700321397951,0.572135258790426,0.551837749094453,0.469,0.449,0.386,0.4175,0.4175,0.5015,0.47,0.344,0.344,0.2154,0.2566,0.2772,0.2772,0.1845,-0.0784000000000001,0.0795000000000001,0.3,0.365,0.595,0.498,0.4175,0.24425,0.1865,0.1445,0.1025,0.1227,0.1227,0.10725,0.1021,0.1395,0.17175,0.1286,0.1286,0.1128,0.1076,0.1024,0.1024,0.0918000000000001,0.0917999999999999,0.0815000000000001,0.10775,0.0809750000000002,0.0809750000000002,0.0804499999999999,0.0794000000000001,,,,,,,,,,,,,,0.205050586144228,0.78740511094196,0.482664498699737,0.521178855172828,0.416480483130024,0.407139359056062,0.258109492540204,0.126764781070808,0.460276279562249,0.161768030228018,0.112711513313152,0.140885648855615,0.10602540225408,0.0940857740941332,0.0803791429085574,0.0691831385988644,0.0597591967525899,0.0517937823888714,0.0450336139436858,0.0392734003762953,0.0343461801945011,0.0301156912075811,0.0264703291793074
,,,,,,,,Total YouTube Revenue,,,,,,,,,,,,,,,,,,,,,,,,,,,,,,,,,,,,,,,,,,,,,,,,,,,,0.557351795718625,0.5167490945621,0.547909240966628,0.552768186028589,0.495744401887341,0.50235332688404,0.495593423451654,0.49729702141356,0.459028224789129,0.484092373238008,0.485999898461464,0.495041582510332,0.439045238211712,0.355421773550657,0.366734057810956,0.36050802507916,0.370638908131503,0.383229984504065,0.390926524178061,0.341353961856668,0.399080075943454,0.534414123594226,0.251423848276372,0.308460471567268,0.334876033057851,0.0580072162087149,0.324132492113565,0.459614161543354,0.487122337790986,0.836831059811123,0.430414929521541,0.253885257806826,0.143880099916736,0.048271922307912,-0.0185981956974324,-0.0776091740993861,-0.0256223613335275,0.0442779291553133,0.124593409701598,0.155343463518774,0.208725534140146,0.130202217873451,0.121856136820925,0.138369565217391,0.103461063040791,0.130786101812305,0.150207375854725,0.0868900983481333,0.117434231833043,0.0985590198943844,0.0596191076527879,0.108820331917141,0.112021030245741,0.109478957534218,0.139382104964178,0.0854961587942287,,,,,,,,,,,,,,0.645033052306004,0.544587697219628,0.497610097173026,0.483513528270449,0.375648365305288,0.369044060196516,0.358045719408337,0.305168657997228,0.458881246206757,0.0137978852487433,0.077522825975447,0.147159631862901,0.116745511384071,0.0957285170633693,0.110559274369087,0.108710168963527,0.101113717131797,0.0943788509967123,0.0881809223995949,0.0824736427362931,0.0772148073177168,0.0723659398099312,0.0678919255504384
,,,,,,,,Owned & Operated Display,,,,,,,,,,,,,,,,,,,,,,,,,,,,,,,,,,,,,,,,,,,,,,,,,,,,0.237501958118985,0.58328733242374,0.670791363181665,0.48553773014345,0.0156628243713541,0.0769045598287959,0.0270335005600737,0.262224695285473,0.446034045283563,0.264201382649506,0.1,0.1,0.0800000000000001,0.0800000000000001,0.0800000000000001,0.0800000000000001,0.0800000000000001,0.0800000000000001,0.0800000000000001,0.0800000000000001,0.05,0.05,0.05,0.05,0.05,0.05,0.05,0.05,0.05,0.05,0.05,0.05,0.05,0.05,0.05,0.05,0.05,0,0,0,0.01,0.01,0.01,0.01,0.01,0.01,0.01,0.01,0.01,0.01,0.01,0.01,0.01,0.01,0.01,0.01,,,,,,,,,,,,,,0.644895371377676,0.4847215440963,0.0963554102360131,0.214978414378264,0.0799999999999999,0.0800000000000003,0.05,0.05,0.0500000000000003,0.0500000000000003,0.0125464279121468,0.01,0.01,0.01,0.0100000000000002,0.01,0.01,0.01,0.01,0.01,0.01,0.01,0.01
,,,,,,,,Gross websites revenue,,,,,,,,,,,,,,,,,,,,,,,,,,,,,,,,,,,,,,,,,,,,,,,,,,,,0.211689814814815,0.233085250338295,0.200085324232082,0.179445815145189,0.139745916515426,0.134156378600823,0.163082118734447,0.201705688309598,0.200804559168622,0.241735203999355,0.22938794223275,0.20299946438136,0.217316035556504,0.199089420696545,0.228594929590612,0.240341437090174,0.270146361002482,0.261225910093662,0.218337638407552,0.208132925156162,0.154308813569262,0.169826986952928,0.185289987555061,0.184846796657382,0.116064445487252,-0.077592218755735,0.0991417060781223,0.215848536141935,0.32740014015417,0.704946082527556,0.438438247011952,0.338919253377333,0.227087952697709,0.120941956262982,0.032771265870466,-0.0263218700658528,0.012153935508852,0.0471381873451457,0.11516841879425,0.131568018668301,0.152894669727111,0.136778478118227,0.121743814690831,0.127350576721426,0.0992331231795893,0.119184216049815,0.146159914931568,0.154231323732308,0.176549573309171,0.159046180881901,0.128170840866846,0.12356302919746,0.0984228274265959,0.0930544448856499,0.119680326962616,0.115662685112744,,,,,,,,,,,,,,0.198616315941193,0.204772593661482,0.161295331041367,0.218270718337567,0.222246609704476,0.237169866984775,0.174316492312158,0.0933217968639637,0.435760776523411,0.0781626133321334,0.0774676174925533,0.134054409977583,0.130930577079891,0.145223701456546,0.107147391731217,0.102986996712133,0.094917310863663,0.0903655411182767,0.0945562824014015,0.0904466419581553,0.0877361247059141,0.0869679749098042,0.087089293702656
,,,,,,,,,,,,,,,,,,,,,,,,,,,,,,,,,,,,,,,,,,,,,,,,,,,,,,,,,,,,,,,,,,,,,,,,,,,,,,,,,,,,,,,,,,,,,,,,,,,,,,,,,,,,,,,,,,,,,,,,,,,,,,,,,,,,,,,,,,,,,,,,,,,,,,,
,,,,,,,,Gross network members' websites revenue,,,,,,,,,,,,,,,,,,,,,,,,,,,,,,,,,,,,,,,,,,,,,,,,3262,3193,3148,3522,3528,3563,3568,3880,3576,3621,3694,4142,3692,3743,3732,4431,4014.60897253653,4254.00307044976,4349.15972024791,4998.22823676579,4678.37273546192,4831.76108497648,4906.86617956161,5593,5015,5249,5251,6032,5223,4736,5720,7411,6800,7597,7999,9305,8174,8259,7872,8475,7496,7850,7669,8297,7413,7444,7548,7954,7256,7354,7354,7828,7084.89788369739,7181.75138527889,7206.0559266632,7670.61465290296,6956.46092180039,7051.9181970031,7077.09111002967,7534.04194733117,,,,,,,,,,7166.318,8792,10386,12465,13650,14539,15033,15598,17616,20010,21547,23090,31701,32780,31312,30359,29792,29143.3198485424,28619.5121761643,28197.4600366426,27858.9027874735,27589.3091477571,27376.9971133979,27212.4992899375,27088.0888256198,26997.4205911032,26935.2562392976
,,,,,,,,% change Y/Y,,,,,,,,,,,,,,,,,,,,,,,,,,,,,,,,,,,,,,,,,,,,,,,,NA,NA,NA,NA,0.0815450643776825,0.115878484184153,0.133418043202033,0.101646791595684,0.0136054421768708,0.0162784170642716,0.0353139013452914,0.0675257731958763,0.0324384787472036,0.0336923501795083,0.0102869518137521,0.0697730564944472,0.0873805451074032,0.136522327130581,0.165369699959247,0.128013594395349,0.165337089481469,0.135815138108405,0.128233151962031,0.118996519378448,0.0719539214963487,0.0863533828940453,0.070133117114912,0.0784909708564276,0.0414755732801595,-0.0977329015050485,0.089316320700819,0.228614058355438,0.301933754547195,0.604096283783784,0.398426573426574,0.255566050465524,0.202058823529412,0.0871396603922601,-0.0158769846230779,-0.0891993551853842,-0.0829459261071691,-0.0495217338660855,-0.0257876016260162,-0.0210029498525074,-0.0110725720384205,-0.05171974522293,-0.0157778067544661,-0.0413402434614921,-0.021179009847565,-0.0120902740462118,-0.0257021727609963,-0.015841086245914,-0.0235807767781986,-0.0234224387708883,-0.0201174970542295,-0.0201054352448956,-0.0181282728425122,-0.0180782070153411,-0.0178967271342342,-0.0178046625663952,,,,,,,,,,NA,0.226850385372237,0.18130118289354,0.200173310225303,0.095066185318893,0.0651282051282052,0.0339775775500377,0.0375839819064725,0.129375560969355,0.135899182561308,0.0768115942028986,0.0716108971086462,0.372932005197055,0.0340367811740954,-0.0447834045149481,-0.0304356157383751,-0.0186765044961955,-0.021773635588667,-0.0179735073114634,-0.0147470067597193,-0.012006657646794,-0.00967710902949048,-0.00769544584179882,-0.00600861455984558,-0.00457181323156353,-0.00334716247795597,-0.00230260337634269
,,,,,,,,,,,,,,,,,,,,,,,,,,,,,,,,,,,,,,,,,,,,,,,,,,,,,,,,,,,,,,,,,,,,,,,,,,,,,,,,,,,,,,,,,,,,,,,,,,,,,,,,,,,,,,,,,,,,,,,,,,,,,,,,,,,,,,,,,,,,,,,,,,,,,,,
,,,,,,,,Google Search Network,,,,,,,,,,,,,,,,,,,,,,,,,,,,,,,,,,,,,,,,,,,,,,,,2254.39608356,2291.39573182,2290.9130319,2598.10463728,2372.772873015,2240.46451691,2200.783487325,2559.60516138,2258.18106295,2196.755507725,2331.41576435,2537.000935925,1995.337531385,1942.468143635,1837.76333724,2380.1403683775,2022.70450973653,2486.81170520976,2182.44236576791,2731.90650384579,2737.06657076942,2984.95014396148,2567.77872125646,3146.38427922003,2919.42012416645,3255.4247912831,2726.02753837113,3390.95410955096,3035.04916911326,2972.42041536244,3067.51642905887,4543.65817746406,4182.75419043388,5008.6930410178,4106.09845755908,5846.17509993571,5359.0117604966,5475.08713489888,4467.53594796221,5519.68632887736,4892.83841425062,5275.52969863602,4604.98235316599,5400.79260229981,4836.39066242527,4921.79144575371,4546.18191139672,5116.58561247313,4757.71958628754,4933.94089220068,4473.75554398515,5076.84300985395,4662.56519456179,4835.26207435667,4384.28043310545,4975.30614965687,4583.30158625424,4753.06261909261,4309.74766574266,4890.7259451127,,,,,,,,,,,,,9561.7511064,9434.80948456,9373.62603863,9323.35327095,8155.7093806375,9423.86508456,11436.1797152074,12291.8265633716,13618.6441909986,19143.7207889465,20821.321172235,20174.1430683524,19420.9496320488,19242.2590323273,18857.4138516808,18536.8378162022,18268.9805097581,18044.591756647,17856.2039631336,17697.7461119431,17564.2521844676,17451.6382480049,17356.5301266251,17276.1287965051
,,,,,,,,Google Display Network,,,,,,,,,,,,,,,,,,,,,,,,,,,,,,,,,,,,,,,,,,,,,,,,1007.60391644,901.60426818,857.0869681,923.89536272,1155.227126985,1322.53548309,1367.216512675,1320.39483862,1317.81893705,1424.244492275,1362.58423565,1604.999064075,1696.662468615,1800.531856365,1894.23666276,2050.8596316225,1991.9044628,1767.19136524,2166.71735448,2266.32173292,1941.3061646925,1846.810941015,2339.08745830515,2446.61572077998,2095.57987583355,1993.5752087169,2524.97246162887,2641.04589044904,2187.95083088674,1763.57958463756,2652.48357094113,2867.34182253594,2617.24580956612,2588.30695898221,3892.90154244093,3458.82490006429,2814.9882395034,2783.91286510112,3404.46405203779,2955.31367112264,2603.16158574938,2574.47030136398,3064.01764683401,2896.20739770019,2576.60933757474,2522.20855424629,3001.81808860328,2837.41438752687,2498.28041371246,2420.05910779932,2880.24445601485,2751.15699014606,2422.3326891356,2346.48931092222,2821.77549355775,2695.30850324609,2373.15933554615,2298.8555779105,2767.34344428702,2643.31600221847,,,,,,,,,,,,,2903.2488936,3690.19051544,5165.37396137,5709.64672905,7442.2906193625,8192.13491544,8573.82028479263,9255.17343662836,9471.35580900136,12557.2792110535,11958.678827765,11137.8569316476,10938.0503679512,10549.7409676727,10285.9059968617,10082.6743599621,9928.4795268845,9814.31103082648,9733.10518462348,9679.25100145479,9648.24710546985,9636.45057761488,9640.89046447805,9659.12744279245
,,,,,,,,Gross network members' websites,,,,,,,,,,,,,,,,,,,,,,,,,,,,,,,,,,,,,,,,,,,,,,,,3262,3193,3148,3522,3528,3563,3568,3880,3576,3621,3694,4142,3692,3743,3732,4431,4014.60897253653,4254.00307044976,4349.15972024791,4998.22823676579,4678.37273546192,4831.76108497648,4906.86617956161,5593,5015,5249,5251,6032,5223,4736,5720,7411,6800,7597,7999,9305,8174,8259,7872,8475,7496,7850,7669,8297,7413,7444,7548,7954,7256,7354,7354,7828,7084.89788369739,7181.75138527889,7206.0559266632,7670.61465290296,6956.46092180039,7051.9181970031,7077.09111002967,7534.04194733117,,,,,,,,,,,,,12465,13125,14539,15033,15598,17616,20010,21547,23090,31701,32780,31312,30359,29792,29143.3198485424,28619.5121761643,28197.4600366426,27858.9027874735,27589.3091477571,27376.9971133979,27212.4992899375,27088.0888256198,26997.4205911032,26935.2562392976
,,,,,,,,Check,,,,,,,,,,,,,,,,,,,,,,,,,,,,,,,,,,,,,,,,,,,,,,,,0,0,0,0,0,0,0,0,0,0,0,0,0,0,0,0,0,0,0,0,0,0,0,0,0,0,0,0,0,0,0,0,0,0,0,0,0,0,0,0,0,0,0,0,0,0,0,0,0,0,0,0,0,0,0,0,0,0,0,0,,,,,,,,,,,,,0,-525,0,0,0,0,0,0,0,0,0,0,0,0,0,0,0,0,0,0,0,0,0,0
,,,,,,,,,,,,,,,,,,,,,,,,,,,,,,,,,,,,,,,,,,,,,,,,,,,,,,,,,,,,,,,,,,,,,,,,,,,,,,,,,,,,,,,,,,,,,,,,,,,,,,,,,,,,,,,,,,,,,,,,,,,,,,,,,,,,,,,,,,,,,,,,,,,,,,,
,,,,,,,,Y/Y Growth,,,,,,,,,,,,,,,,,,,,,,,,,,,,,,,,,,,,,,,,,,,,,,,,,,,,,,,,,,,,,,,,,,,,,,,,,,,,,,,,,,,,,,,,,,,,,,,,,,,,,,,,,,,,,,,,,,,,,,,,,,,,,,,,,,,,,,,,,,,,,,,
,,,,,,,,Google Search Network,,,,,,,,,,,,,,,,,,,,,,,,,,,,,,,,,,,,,,,,,,,,,,,,,,,,0.0525093129456056,-0.0222271579730782,-0.039342193841488,-0.0148182930539341,-0.0482944707301009,-0.0195089048967767,0.0593571688343504,-0.00883113762859167,-0.116396127785091,-0.115755878701925,-0.211739336526117,-0.06182913270795,0.0137154631339675,0.280232941455666,0.187553544868056,0.147792180722554,0.353171734968808,0.200312085433785,0.17656198465198,0.151717408626817,0.0666237187449092,0.0906127855665491,0.0616286815544769,0.0777304386963071,0.0396068534260121,-0.0869331635854248,0.125269787586882,0.339935024383372,0.378150388138833,0.685055389584608,0.338574235059221,0.286667014022304,0.281216040080208,0.093116924926649,0.0880245552168266,-0.0558465604394811,-0.0869886775920747,-0.0364482667300133,0.0307655958015227,-0.0215399425788981,-0.0115368109563867,-0.0670526512197951,-0.0127688745058586,-0.0526232001031963,-0.0162664849944685,0.00246850086617489,-0.0159312515035974,-0.00776740694464262,-0.0199999999999999,-0.02,-0.0199999999999999,-0.0199999999999999,-0.017,-0.017,-0.017,-0.017,,,,,,,,,,,,,,-0.0132759805633337,-0.00648486289311168,-0.00536321456316025,-0.125238619236995,0.155492998185202,0.213533896399295,0.0748192901364135,0.107943080777008,0.405699460273709,0.0876318873318098,-0.0310824706333047,-0.0373345937793597,-0.00920091978543747,-0.0199999999999999,-0.017,-0.0144500000000001,-0.0122825,-0.010440125,-0.00887410624999985,-0.00754299031250005,-0.00641154176562497,-0.00544981050078131,-0.00463233892566395
,,,,,,,,Google Display Network,,,,,,,,,,,,,,,,,,,,,,,,,,,,,,,,,,,,,,,,,,,,,,,,,,,,0.146509167080824,0.466869146216113,0.595189944033172,0.429160586684495,0.140744452988517,0.0769045598287956,-0.00338810786883847,0.215544787915448,0.287477680669136,0.264201382649507,0.390179493641641,0.277794908126293,0.174013393734116,-0.0185170237378134,0.143847227264085,0.105059409222971,-0.025401970351718,0.0450543033092443,0.0795535714285718,0.0795535714285716,0.0794690265486726,0.0794690265486726,0.0794690265486724,0.0794690265486726,0.0440789473684211,-0.115368421052632,0.0504999999999998,0.085684210526316,0.196208695652174,0.467643979057592,0.467643979057592,0.206282722513089,0.0755536332179931,0.0755729166666668,-0.12546875,-0.145572916666667,-0.0752495697074009,-0.0752331606217616,-0.1,-0.0199999999999999,-0.0102000000000001,-0.0203,-0.0203,-0.0203000000000002,-0.0304,-0.0405000000000002,-0.0405,-0.0304000000000001,-0.0304,-0.0304,-0.0203,-0.0203,-0.0203,-0.0202999999999999,-0.0192899999999999,-0.0192899999999999,,,,,,,,,,,,,,0.271055514246386,0.399758072044718,0.105369479877047,0.303459035652243,0.100754503475938,0.0465916849871759,0.0794690265486726,0.0233580033754353,0.325816436873735,-0.0476695925309733,-0.0686381754990912,-0.0179394083549987,-0.0355007873630071,-0.0250086681388186,-0.0197582630991892,-0.0152930490039371,-0.0114990916533465,-0.00827422790534427,-0.00553309371954291,-0.00320312966161129,-0.00122266021236972,0.000460738819485496,0.00189162799656328
,,,,,,,,Gross network members' websites,,,,,,,,,,,,,,,,,,,,,,,,,,,,,,,,,,,,,,,,,,,,,,,,,,,,0.0815450643776825,0.115878484184153,0.133418043202033,0.101646791595684,0.0136054421768708,0.0162784170642716,0.0353139013452914,0.0675257731958763,0.0324384787472036,0.0336923501795083,0.0102869518137521,0.0697730564944472,0.0873805451074032,0.136522327130581,0.165369699959247,0.128013594395349,0.165337089481469,0.135815138108405,0.128233151962031,0.118996519378448,0.0719539214963487,0.0863533828940453,0.070133117114912,0.0784909708564276,0.0414755732801595,-0.0977329015050485,0.089316320700819,0.228614058355438,0.301933754547195,0.604096283783784,0.398426573426574,0.255566050465524,0.202058823529412,0.0871396603922601,-0.0158769846230779,-0.0891993551853842,-0.0829459261071691,-0.0495217338660855,-0.0257876016260162,-0.0210029498525074,-0.0110725720384205,-0.05171974522293,-0.0157778067544661,-0.0413402434614921,-0.021179009847565,-0.0120902740462118,-0.0257021727609963,-0.015841086245914,-0.0235807767781986,-0.0234224387708883,-0.0201174970542295,-0.0201054352448956,-0.0181282728425122,-0.0180782070153411,-0.0178967271342342,-0.0178046625663952,,,,,,,,,,,,,,0.0529482551143201,0.107733333333333,0.0339775775500377,0.0375839819064725,0.129375560969355,0.135899182561308,0.0768115942028986,0.0716108971086462,0.372932005197055,0.0340367811740954,-0.0447834045149481,-0.0304356157383751,-0.0186765044961955,-0.0217736355886671,-0.0179735073114634,-0.0147470067597192,-0.012006657646794,-0.00967710902949048,-0.00769544584179882,-0.00600861455984558,-0.00457181323156353,-0.00334716247795597,-0.00230260337634269
,,,,,,,,,,,,,,,,,,,,,,,,,,,,,,,,,,,,,,,,,,,,,,,,,,,,,,,,,,,,,,,,,,,,,,,,,,,,,,,,,,,,,,,,,,,,,,,,,,,,,,,,,,,,,,,,,,,,,,,,,,,,,,,,,,,,,,,,,,,,,,,,,,,,,,,
,,,,,,,,Y/Y Abs Growth,,,,,,,,,,,,,,,,,,,,,,,,,,,,,,,,,,,,,,,,,,,,,,,,,,,,,,,,,,,,,,,,,,,,,,,,,,,,,,,,,,,,,,,,,,,,,,,,,,,,,,,,,,,,,,,,,,,,,,,,,,,,,,,,,,,,,,,,,,,,,,,
,,,,,,,,Google Search Network,,,,,,,,,,,,,,,,,,,,,,,,,,,,,,,,,,,,,,,,,,,,,,,,,,,,118.376789455,-50.9312149100001,-90.1295445750006,-38.4994759000001,-114.591810065,-43.709009185,130.632277025,-22.6042254550002,-262.843531565,-254.28736409,-493.65242711,-156.8605675475,27.3669783515327,544.343561574764,344.679028527911,351.766135468293,714.362061032883,498.138438751715,385.336355488544,414.477775374232,182.353553397035,270.474647321621,158.248817114676,244.569830330936,115.629044946811,-283.004375920661,341.488890687743,1152.7040679131,1147.70502132062,2036.27262565536,1038.5820285002,1302.51692247165,1176.25757006271,466.394093881084,361.437490403136,-326.488771058349,-466.173346245975,-199.557436262859,137.446405203778,-118.893726577548,-56.4477518253561,-353.738252882312,-58.80044176927,-284.206989826685,-78.6710761377281,12.1494464469752,-72.4263674115664,-39.7426026191824,-95.1543917257504,-98.6788178440138,-89.4751108797027,-101.536860197079,-79.2636083075504,-82.1994552640635,-74.5327673627926,-84.5802045441669,,,,,,,,,,,,,,-126.94162184,-61.1834459300007,-50.2727676799987,-1167.6438903125,1268.1557039225,2012.31463064737,855.646848164268,1326.817627627,5525.07659794783,1677.60038328858,-647.178103882601,-753.193436303624,-178.690599721504,-384.845180646546,-320.576035478574,-267.857306444123,-224.388753111103,-188.387793513364,-158.457851190517,-133.493927475472,-112.613936462683,-95.1081213798134,-80.4013301200248
,,,,,,,,Google Display Network,,,,,,,,,,,,,,,,,,,,,,,,,,,,,,,,,,,,,,,,,,,,,,,,,,,,147.623210545,420.93121491,510.129544575,396.4994759,162.591810065,101.709009185,-4.63227702500012,284.604225455,378.843531565,376.28736409,531.65242711,445.8605675475,295.241994185,-33.340491125,272.48069172,215.462101297499,-50.5982981075003,79.6195757750004,172.370103825151,180.293987859975,154.27371114105,146.7642677019,185.885003323719,194.430169669064,92.3709550531894,-229.995624079339,127.511109312257,226.295932086897,429.294978679377,824.727374344644,1240.4179714998,591.483077528355,197.742429937288,195.605906118916,-488.437490403136,-503.511228941651,-211.826653754025,-209.442563737141,-340.446405203779,-59.1062734224524,-26.5522481746439,-52.2617471176886,-62.1995582307304,-58.7930101733145,-78.328923862272,-102.149446446975,-121.573632588433,-86.2573973808171,-75.947724576859,-73.5697968770992,-58.4689624571015,-55.8484868999649,-49.1733535894527,-47.6337330117208,-54.4320492707288,-51.992501027617,,,,,,,,,,,,,,786.94162184,1475.18344593,544.27276768,1732.6438903125,749.8442960775,381.685369352626,681.353151835732,216.182372373005,3085.92340205217,-598.600383288584,-820.821896117397,-199.806563696378,-388.309400278496,-263.834970811025,-203.23163689952,-154.194833077641,-114.168496058019,-81.2058462029927,-53.8541831686907,-31.0038959849408,-11.7965278549691,4.43988686316152,18.2369783144059
,,,,,,,,Gross network members' websites,,,,,,,,,,,,,,,,,,,,,,,,,,,,,,,,,,,,,,,,,,,,,,,,,,,,266,370,420,358,48,58,126,262,116,122,38,289,322.608972536533,511.003070449764,617.159720247911,567.228236765793,663.763762925382,577.758014526715,557.706459313695,594.771763234207,336.627264538085,417.238915023521,344.133820438395,439,208,-513,469,1379,1577,2861,2279,1894,1374,662,-127,-830,-678,-409,-203,-178,-83,-406,-121,-343,-157,-90,-194,-126,-171.102116302609,-172.248614721113,-147.944073336804,-157.385347097043,-128.436961897003,-129.833188275785,-128.964816633522,-136.572705571784,,,,,,,,,,,,,,660,1414,494,565,2018,2394,1537,1543,8611,1079,-1468,-953,-567,-648.680151457571,-523.807672378094,-422.052139521762,-338.557249169124,-269.593639716357,-212.312034359209,-164.497823460413,-124.410464317651,-90.6682345166519,-62.1643518056189
,,,,,,,,,,,,,,,,,,,,,,,,,,,,,,,,,,,,,,,,,,,,,,,,,,,,,,,,,,,,,,,,,,,,,,,,,,,,,,,,,,,,,,,,,,,,,,,,,,,,,,,,,,,,,,,,,,,,,,,,,,,,,,,,,,,,,,,,,,,,,,,,,,,,,,,
,,,,,,,,GROSS ADVERTISING REV BY PRODUCT,,,,,,,,,,,,,,,,,,,,,,,,,,,,,,,,,,,,,,,,,,,,,,,,,,,,,,,,,,,,,,,,,,,,,,,,,,,,,,,,,,,,,,,,,,,,,,,,,,,,,,,,,,,,,,,,,,,,,,,,,,,,,,,,,,,,,,,,,,,,,,,
,,,,,,,,Gross advertising revenue,,,,,,,,,,,,,,,,,,,,,,,,,,,,,,,,,,,,,,,,,,,,,,,,11902,12061,12524,14060,13997,14498,14820,16309,15508,16023,16781,19078,18020,19143,19821,22399,21456.3131299901,22719.9801491766,24116.0235424313,27284.683178402,26831.8898007335,28121.5298318624,28989.5803674042,32518,30587,32494,33796,37934,33763,29867,37095,46199,44684,50444,53130,61239,54661,56288,54482,59042,54548,58143,59647,65517,61659,64616,65854,72461,66885,71340,74182,82284,77241.37239055,81344.4803151882,82599.4568801128,91326.6235548291,84017.9340118993,88115.81869869,91493.5989404118,100865.92946467,,,,,,,,,,,,,43686,50547,59624,67390,79383,95577,116461,134811,146924,209497,224473,237855,264590,294691,332511.93314068,364493.281115671,398661.859713614,433486.787052504,469871.976667059,511480.2694439,555101.286963687,601291.793005568,651138.458109289,705432.295885786
,,,,,,,,Gross search revenue,,,,,,,,,,,,,,,,,,,,,,,,,,,,,,,,,,,,,,,,,,,,,,,,10394.0481465955,10629.9444578579,11050.8581773224,12404.7443211242,12119.4284000236,12361.8331013509,12480.6004851767,13863.9334075341,13215.3770777173,13483.5690895438,14082.8342252841,15845.9683982305,14903.975069369,15747.0815394349,16042.2716632499,18036.4288532269,17537.9158902074,18884.825267604,19455.5680426282,21967.5901640211,22351.4987115852,23526.5646561304,23277.7553942974,26074.1408508065,25070.6227034879,26477.3967198303,27117.3775228295,30164.0985097168,27121.4618774008,23850.390940337,29038.3839127401,36014.2097976382,35625.3875341358,40390.6120922411,41646.6093154244,48693.1043011186,44518.8267713836,45677.8521386833,43601.7723487208,47646.9119901193,44770.744175682,47417.2947024204,48226.2187539246,52944.0182635418,50506.485481471,52939.694099576,53522.3706761629,58669.0435303275,54968.9553535237,58627.9325725612,60627.856196399,67663.4855068869,64348.0324387493,67735.5384425447,68487.9013818678,75518.3921353735,70051.3633477744,73371.3448077941,75916.838194398,84025.6713108485,,,,,,,,,,,,,39337.6318816687,44479.5951029,50825.7953940852,56627.7487907757,64729.7571252806,77845.8993644607,95229.9596128196,108829.495455864,116024.446528116,166355.71324292,181445.363248907,193358.275895569,215637.593787537,241888.229629371,276089.864398535,303365.217660815,332328.750522205,361741.614757128,392528.649446979,428383.837691997,466125.973223726,506338.965264989,550134.560600326,598326.76590832
,,,,,,,,Period-to-period addition,,,,,,,,,,,,,,,,,,,,,,,,,,,,,,,,,,,,,,,,,,,,,,,,10394.0481465955,235.896311262399,420.913719464497,1353.88614380186,-285.315921100671,242.404701327303,118.767383825845,1383.33292235736,-648.55632981676,268.192011826468,599.265135740372,1763.13417294635,-941.993328861532,843.106470065917,295.190123815031,1994.15718997696,-498.512963019515,1346.90937739666,570.742775024188,2512.02212139289,383.908547564151,1175.06594454516,-248.809261832987,2796.38545650912,-1003.5181473186,1406.77401634233,639.980802999184,3046.72098688735,-3042.63663231597,-3271.07093706386,5187.99297240315,6975.82588489808,-388.82226350237,4765.22455810523,1255.99722318332,7046.49498569418,-4174.27752973491,1159.02536729966,-2076.07978996253,4045.13964139856,-2876.16781443732,2646.55052673842,808.924051504117,4717.79950961724,-2437.53278207082,2433.208618105,582.676576586899,5146.67285416466,-3700.08817680382,3658.97721903746,1999.92362383779,7035.62931048793,-3315.45306813758,3387.50600379536,752.36293932308,7030.4907535057,-5467.02878759905,3319.98146001971,2545.49338660385,8108.83311645051,,,,,,,,,,,,,39337.6318816687,5141.96322123129,6346.20029118523,5801.95339669054,8102.00833450491,13116.14223918,17384.0602483589,13599.5358430449,7194.95107225163,50331.2667148037,15089.6500059872,11912.9126466618,22279.3178919685,26250.6358418334,34201.6347691644,27275.3532622798,28963.5328613904,29412.8642349229,30787.0346898508,35855.1882450184,37742.1355317282,40212.9920412636,43795.5953353368,48192.2053079938
,,,,,,,,% change Y/Y,,,,,,,,,,,,,,,,,,,,,,,,,,,,,,,,,,,,,,,,,,,,,,,,NA,NA,NA,NA,0.165996946434505,0.162925464978581,0.129378396221601,0.117631532632636,0.0904290731806805,0.0907418809974334,0.128377936783605,0.142963395194854,0.127775241048463,0.167871906530031,0.139136583348245,0.138234559097125,0.176727403835486,0.19925874647384,0.212768892774554,0.217956744252669,0.274467208732917,0.245792022046879,0.196457247780923,0.186936785333479,0.121652871111203,0.125425539462726,0.164948125946571,0.156858769856026,0.0818024824579871,-0.0992169210323386,0.0708404191479584,0.193942851832184,0.313549678670565,0.693498953257426,0.434191704351447,0.352052552998451,0.249637684045576,0.130902696754574,0.0469465117433288,-0.0214854305556194,0.00565867123120833,0.0380806557728675,0.106060973123251,0.111174177972351,0.128113602116634,0.116463822573869,0.109818933747679,0.108133561723404,0.0883543930945234,0.107447513056762,0.132757301862203,0.153308140636551,0.170624983227453,0.155345847454393,0.129644122002381,0.116087821513231,0.0886325609792948,0.0832030938977462,0.108470790645325,0.112651751909985,,,,,,,,,,,,,NA,0.130713593454197,0.142676665030421,0.114153715681265,0.143074879498383,0.202629251548009,0.223313756925973,0.142807325534286,0.066112142136775,0.433798808965721,0.0907071341995491,0.0656556465999059,0.115222985873133,0.121734969217369,0.141394373846008,0.0987915775962998,0.0954741386791871,0.0885053254908126,0.0851078046702509,0.0913441306654523,0.0881035468916649,0.0862706528948616,0.0864946179135486,0.0876007594494788
,,,,,,,,% change Q/Q,,,,,,,,,,,,,,,,,,,,,,,,,,,,,,,,,,,,,,,,,,,,,,,,NA,0.0226953260111331,0.0395969820099436,0.122514118096293,-0.0230005483155991,0.0200013311953584,0.00960758674317219,0.110838651072948,-0.0467801099985316,0.0202939356364391,0.0444441031718441,0.125197395974515,-0.0594468766558138,0.0565692351296729,0.018745703645199,0.124306409456039,-0.0276392276473469,0.076799853861127,0.0302222957817497,0.129115845699746,0.01747613391809,0.0525721321736739,-0.0105756733067338,0.12013123297937,-0.0384871031057408,0.056112448142208,0.0241708355912449,0.112353083712553,-0.100869470086628,-0.120608208799744,0.217522345247136,0.240227758743749,-0.0107963569293105,0.13375923429715,0.0310962661401359,0.169197327261992,-0.0857262561023251,0.0260344993647648,-0.0454504687229886,0.0927746608336495,-0.0603642018822491,0.0591133914672775,0.01705968374157,0.0978264444428025,-0.0460398145440606,0.0481761618316849,0.0110064212968615,0.0961592842235,-0.0630671296846889,0.0665644306955691,0.0341121294250411,0.11604615026625,-0.0489991469298479,0.052643505565144,0.0111073589525128,0.102653032311588,-0.0723933419795129,0.047393530994357,0.0346932905928343,0.106812049991946,,,,,,,,,,,,,,,,,,,,,,,,,,,,,,,,,,,,
,,,,,,,,% of gross advertising revenue,,,,,,,,,,,,,,,,,,,,,,,,,,,,,,,,,,,,,,,,,,,,,,,,0.873302650528943,0.881348516529133,0.882374495155092,0.882272000079959,0.865858998358474,0.852657821861695,0.842145781725824,0.850078693208294,0.852165145584041,0.841513392594631,0.839213051980463,0.830588552166396,0.827079637589843,0.822602598309298,0.809357331277429,0.805233664593369,0.817377887056192,0.831199021460785,0.806748592212843,0.805125352579141,0.833019920608583,0.836603299919844,0.802969725649113,0.801837162519421,0.819649612694542,0.814839561760026,0.802384232537266,0.795173156263953,0.803289455243931,0.798553284238021,0.782811266012673,0.779545223871473,0.797273913126305,0.80070200801366,0.783862400064453,0.795132257239971,0.814453207430959,0.811502489672458,0.800296838381865,0.807000304700372,0.820758674482695,0.815528863361375,0.808527147281918,0.808095887533645,0.819125926166026,0.819296986807849,0.812742896045234,0.809663729873001,0.821842795148744,0.821810100540527,0.817285274007158,0.822316434627472,0.833077280312823,0.832699873182391,0.829156800404548,0.826904457822587,0.833766792430925,0.832669387759827,0.829750267489656,0.833043147044812,,,,,,,,,,,,,0.900463120488684,0.879965084038617,0.852438538073346,0.840298987843533,0.815410820015377,0.814483603424052,0.817698281938328,0.807274595217486,0.789690224388909,0.794072054697298,0.808317094924143,0.812925000086476,0.814987693365348,0.820819874476556,0.830315657518752,0.832293030840651,0.833610596110047,0.834492827836328,0.835394892522217,0.837537366119229,0.83971337154226,0.842085275659668,0.844881075213637,0.848170362199001
,,,,,,,,,,,,,,,,,,,,,,,,,,,,,,,,,,,,,,,,,,,,,,,,,,,,,,,,,,,,,,,,,,,,,,,,,,,,,,,,,,,,,,,,,,,,,,,,,,,,,,,,,,,,,,,,,,,,,,,,,,,,,,,,,,,,,,,,,,,,,,,,,,,,,,,
,,,,,,,,Owned & Operated Desktop Search,,,,,,,,,,,,,,,,,,,,,,,,,,,,,,,,,,,,,,,,,,,,,,,,6944.336526177,6956.65594651635,7323.33358237046,8131.99920049246,7443.96413100408,7525.38363315718,7783.69690081637,8531.54156464725,7785.50551611515,7781.08561853739,7949.05322010743,8713.63662681865,8139.3655157859,8293.13485699767,8303.85440945039,8905.7474875192,8604.53622030582,8759.10430761439,8908.94875013716,9666.79179645978,,,,,,,,,,,,,,,,,,,,,,,,,,,,,,,,,,,,,,,,,,,,,,,,,,,,,23773,29356.3252555563,31284.5862296249,32229.2809815786,33642.1022697532,35939.3810745171,38086.1600857485,39032.4785257684,37610.9791031201,52593.6490469381,50699.4756332425,50869.8021496558,56669.9796360796,68303.814838749,88368.8935886835,102391.714909654,119001.564001778,136982.295278614,157251.180137777,183473.560907243,212425.781678822,244641.020132877,281176.07723288,322788.697346552
,,,,,,,,Period-to-period addition,,,,,,,,,,,,,,,,,,,,,,,,,,,,,,,,,,,,,,,,,,,,,,,,NA,12.3194203393541,366.677635854113,808.665618121994,-688.035069488377,81.4195021530977,258.313267659187,747.844663830885,-746.036048532098,-4.41989757775991,167.967601570033,764.583406711228,-574.271111032759,153.769341211778,10.7195524527142,601.893078068812,-301.211267213381,154.568087308571,149.844442522774,757.843046322614,,,,,,,,,,,,,,,,,,,,,,,,,,,,,,,,,,,,,,,,,,,,,,,,,,,,,23773,5583.32525555627,1928.26097406861,944.694751953746,1412.82128817454,2297.27880476398,2146.7790112314,946.318440019873,-1421.49942264834,14982.669943818,-1894.17341369556,170.326516413305,5800.17748642375,11633.8352026694,20065.0787499345,14022.8213209702,16609.8490921247,17980.7312768351,20268.8848591629,26222.3807694663,28952.2207715791,32215.238454055,36535.0571000027,41612.6201136725
,,,,,,,,% change Y/Y,,,,,,,,,,,,,,,,,,,,,,,,,,,,,,,,,,,,,,,,,,,,,,,,NA,NA,NA,NA,0.0719474931757289,0.0817530277497232,0.0628625356564583,0.0491321204422397,0.0458816537936491,0.0339785980150673,0.0212439309235843,0.0213437467064526,0.0454511269612861,0.0658069148140963,0.0446343960115247,0.0220471507968636,0.0571507328940748,0.0561873716817152,0.0728690931765537,0.0854554106780066,,,,,,,,,,,,,,,,,,,,,,,,,,,,,,,,,,,,,,,,,,,,,,,,,,,,,NA,0.234859935874995,0.0656846848943957,0.0301968114591578,0.0438365748519822,0.0682858278696039,0.0597333328245204,0.0248467799822638,-0.0364183745521027,0.398358944677808,-0.0360152499022283,0.00335953211124784,0.114020052001775,0.205290971999267,0.293762197577163,0.15868503894866,0.162218682505519,0.15109659631504,0.147967186693268,0.166754747064483,0.157800506124238,0.151654089251572,0.149341500784123,0.14799488108374
,,,,,,,,% change Q/Q,,,,,,,,,,,,,,,,,,,,,,,,,,,,,,,,,,,,,,,,,,,,,,,,NA,0.00177402409761029,0.052708893277629,0.110423157572489,-0.0846083542957937,0.0109376537447281,0.0343255945811249,0.0960783382703982,-0.0874444604036743,-0.000567708489655705,0.0215866538172864,0.0961854683243517,-0.0659048725150276,0.0188920550273297,0.00129258147100653,0.0724835779133861,-0.0338221207861,0.0179635582152362,0.0171072791532476,0.0850653727591537,,,,,,,,,,,,,,,,,,,,,,,,,,,,,,,,,,,,,,,,,,,,,,,,,,,,,,,,,,,,,,,,,,,,,,,,,,,,
,,,,,,,,,,,,,,,,,,,,,,,,,,,,,,,,,,,,,,,,,,,,,,,,,,,,,,,,,,,,,,,,,,,,,,,,,,,,,,,,,,,,,,,,,,,,,,,,,,,,,,,,,,,,,,,,,,,,,,,,,,,,,,,,,,,,,,,,,,,,,,,,,,,,,,,
,,,,,,,,Mobile Search,,,,,,,,,,,,,,,,,,,,,,,,,,,,,,,,,,,,,,,,,,,,,,,,1195.31553685848,1381.89277952152,1436.61156305191,1674.64048335177,2302.69139600448,2595.98495128368,2496.12009703534,2772.78668150681,3171.69049865215,3505.72796328138,3802.36524082672,4595.33083548684,4769.27202219807,5511.47853880221,5900.65391655953,6750.54099733017,6910.675160165,7638.90925477986,8364.17692672313,9568.89186371552,,,,,,,,,,,,,,,,,,,,,,,,,,,,,,,,,,,,,,,,,,,,,,,,,,,,,4720.51582580024,5688.46036278368,10167.5831258303,15075.1145382471,22931.94547489,32482.6532053835,45707.6198118637,57505.1903667244,64794.8232339974,94618.3434070353,109924.56644343,122314.330677561,139546.664519409,154342.155758294,168863.556958171,182436.664934959,195058.206010669,206714.727721868,217421.265346069,227212.530672811,236135.939360436,244246.306884107,251601.953240821,258261.939765262
,,,,,,,,Period-to-period addition,,,,,,,,,,,,,,,,,,,,,,,,,,,,,,,,,,,,,,,,,,,,,,,,NA,186.577242663044,54.7187835303846,238.028920299862,628.050912652705,293.293555279205,-99.8648542483393,276.666584471472,398.90381714534,334.037464629228,296.637277545338,792.965594660124,173.941186711226,742.206516604139,389.175377757317,849.887080770647,160.13416283483,728.234094614858,725.267671943268,1204.71493699239,,,,,,,,,,,,,,,,,,,,,,,,,,,,,,,,,,,,,,,,,,,,,,,,,,,,,4720.51582580024,967.944536983444,4479.12276304663,4907.53141241679,7856.83093664288,9550.70773049354,13224.9666064802,11797.5705548607,7289.63286727297,29823.5201730379,15306.2230363942,12389.7642341311,17232.3338418484,14795.4912388854,14521.4011998764,13573.1079767881,12621.5410757099,11656.5217111988,10706.5376242012,9791.26532674255,8923.40868762462,8110.3675236713,7355.64635671384,6659.98652444122
,,,,,,,,% change Y/Y,,,,,,,,,,,,,,,,,,,,,,,,,,,,,,,,,,,,,,,,,,,,,,,,NA,NA,NA,NA,0.926429737587444,0.8785719049654,0.737505224956309,0.655750418715017,0.377384092438754,0.350442328853965,0.523310214657866,0.657296923032538,0.503700321397951,0.572135258790426,0.551837749094453,0.469,0.449,0.386,0.4175,0.4175,,,,,,,,,,,,,,,,,,,,,,,,,,,,,,,,,,,,,,,,,,,,,,,,,,,,,NA,0.205050586144228,0.78740511094196,0.482664498699737,0.521178855172828,0.416480483130024,0.407139359056062,0.258109492540204,0.126764781070808,0.460276279562249,0.161768030228018,0.112711513313152,0.140885648855615,0.10602540225408,0.0940857740941332,0.0803791429085574,0.0691831385988644,0.0597591967525899,0.0517937823888714,0.0450336139436858,0.0392734003762953,0.0343461801945011,0.0301156912075811,0.0264703291793074
,,,,,,,,% change Q/Q,,,,,,,,,,,,,,,,,,,,,,,,,,,,,,,,,,,,,,,,,,,,,,,,NA,0.156090368534324,0.0395969820099436,0.165687738023073,0.375036265333601,0.127369892373817,-0.0384689650065027,0.110838651072948,0.143863868001762,0.105318430272809,0.0846150302169151,0.208545351231886,0.0378517223108263,0.15562260092308,0.0706117922835812,0.144032694136752,0.0237216784400187,0.10537814001338,0.0949438784718446,0.144032694136752,,,,,,,,,,,,,,,,,,,,,,,,,,,,,,,,,,,,,,,,,,,,,,,,,,,,,,,,,,,,,,,,,,,,,,,,,,,,
,,,,,,,,,,,,,,,,,,,,,,,,,,,,,,,,,,,,,,,,,,,,,,,,,,,,,,,,,,,,,,,,,,,,,,,,,,,,,,,,,,,,,,,,,,,,,,,,,,,,,,,,,,,,,,,,,,,,,,,,,,,,,,,,,,,,,,,,,,,,,,,,,,,,,,,
,,,,,,,,Google Search Network,,,,,,,,,,,,,,,,,,,,,,,,,,,,,,,,,,,,,,,,,,,,,,,,2254.39608356,2291.39573182,2290.9130319,2598.10463728,2372.772873015,2240.46451691,2200.783487325,2559.60516138,2258.18106295,2196.755507725,2331.41576435,2537.000935925,1995.337531385,1942.468143635,1837.76333724,2380.1403683775,2022.70450973653,2486.81170520976,2182.44236576791,2731.90650384579,,,,,,,,,,,,,,,,,,,,,,,,,,,,,,,,,,,,,,,,,,,,,,,,,,,,,9561.7511064,9434.80948456,9373.62603863,9323.35327095,8155.7093806375,9423.86508456,11436.1797152074,12291.8265633716,13618.6441909986,19143.7207889465,20821.321172235,20174.1430683524,19420.9496320488,19242.2590323273,18857.4138516808,18536.8378162022,18268.9805097581,18044.591756647,17856.2039631336,17697.7461119431,17564.2521844676,17451.6382480049,17356.5301266251,17276.1287965051
,,,,,,,,Period-to-period addition,,,,,,,,,,,,,,,,,,,,,,,,,,,,,,,,,,,,,,,,,,,,,,,,NA,36.99964826,-0.482699919999959,307.19160538,-225.331764265,-132.308356105,-39.6810295850005,358.821674055001,-301.42409843,-61.4255552249997,134.660256625,205.585171575,-541.66340454,-52.8693877499998,-104.704806395,542.3770311375,-357.435858640967,464.107195473232,-304.369339441853,549.464138077882,,,,,,,,,,,,,,,,,,,,,,,,,,,,,,,,,,,,,,,,,,,,,,,,,,,,,9561.7511064,-126.94162184,-61.1834459300007,-50.2727676799987,-1167.6438903125,1268.1557039225,2012.31463064737,855.646848164268,1326.817627627,5525.07659794783,1677.60038328858,-647.178103882601,-753.193436303624,-178.690599721504,-384.845180646546,-320.576035478574,-267.857306444123,-224.388753111103,-188.387793513364,-158.457851190517,-133.493927475472,-112.613936462683,-95.1081213798134,-80.4013301200248
,,,,,,,,% change Y/Y,,,,,,,,,,,,,,,,,,,,,,,,,,,,,,,,,,,,,,,,,,,,,,,,NA,NA,NA,NA,0.0525093129456056,-0.0222271579730782,-0.039342193841488,-0.0148182930539341,-0.0482944707301009,-0.0195089048967767,0.0593571688343504,-0.00883113762859167,-0.116396127785091,-0.115755878701925,-0.211739336526117,-0.06182913270795,0.0137154631339675,0.280232941455666,0.187553544868056,0.147792180722554,,,,,,,,,,,,,,,,,,,,,,,,,,,,,,,,,,,,,,,,,,,,,,,,,,,,,NA,-0.0132759805633337,-0.00648486289311168,-0.00536321456316025,-0.125238619236995,0.155492998185202,0.213533896399295,0.0748192901364135,0.107943080777008,0.405699460273709,0.0876318873318098,-0.0310824706333047,-0.0373345937793597,-0.00920091978543747,-0.0199999999999999,-0.017,-0.0144500000000001,-0.0122825,-0.010440125,-0.00887410624999985,-0.00754299031250005,-0.00641154176562497,-0.00544981050078131,-0.00463233892566395
,,,,,,,,% change Q/Q,,,,,,,,,,,,,,,,,,,,,,,,,,,,,,,,,,,,,,,,,,,,,,,,NA,0.0164122216720553,-0.000210657597592978,0.134091343103159,-0.0867292875859319,-0.0557610707749201,-0.0177110725412102,0.163042696440412,-0.1177619513267,-0.0272013419263891,0.0612996103350876,0.0881803986739007,-0.213505401937311,-0.0264964633393641,-0.053902972225358,0.295128877667162,-0.150174276857724,0.229448836070318,-0.122393399871897,0.251765703734654,,,,,,,,,,,,,,,,,,,,,,,,,,,,,,,,,,,,,,,,,,,,,,,,,,,,,,,,,,,,,,,,,,,,,,,,,,,,
,,,,,,,,,,,,,,,,,,,,,,,,,,,,,,,,,,,,,,,,,,,,,,,,,,,,,,,,0,0,0,0,0,0,0,0,0,0,0,0,0,0,0,0,0,0,0,0,,,,,,,,,,,,,,,,,,,,,,,,,,,,,,,,,,,,,,,,,,,,,,,,,,,,,-1282.36494946842,0,0,0,0,0,0,0,0,0,0,0,0,0,0,0,0,0,0,0,0,0,0,0
,,,,,,,,Check,,,,,,,,,,,,,,,,,,,,,,,,,,,,,,,,,,,,,,,,,,,,,,,,True,True,True,True,True,True,True,True,True,True,True,True,True,True,True,True,True,True,True,True,,,,,,,,,,,,,,,,,,,,,,,,,,,,,,,,,,,,,,,,,,,,,,,,,,,,,True,True,True,True,True,True,True,True,True,True,True,True,True,True,True,True,True,True,True,True,True,True,True,True
,,,,,,,,,,,,,,,,,,,,,,,,,,,,,,,,,,,,,,,,,,,,,,,,,,,,,,,,,,,,,,,,,,,,,,,,,,,,,,,,,,,,,,,,,,,,,,,,,,,,,,,,,,,,,,,,,,,,,,,,,,,,,,,,,,,,,,,,,,,,,,,,,,,,,,,
,,,,,,,,Gross display revenue (ex-YouTube),,,,,,,,,,,,,,,,,,,,,,,,,,,,,,,,,,,,,,,,,,,,,,,,1185.41637228235,1060.71090374118,1008.33760952941,1086.93572084706,1375.27038926786,1574.44700367857,1619.92477805095,1562.59744215385,1541.30869830409,1695.52915747024,1622.12409005952,1910.71317151786,2019.83627216071,2143.49030519643,2179.73050261048,2387.14514980964,2340.93217062937,2137.58648997794,2475.05070151851,2629.51009256211,2318.25608914822,2246.83767573198,2672.08747310675,2838.85914919346,2491.37729651206,2413.60328016973,2874.62247717054,3052.9014902832,2603.53812259917,2204.60905966303,3019.61608725989,3299.7902023618,3053.61246586417,3051.38790775895,4278.39068457562,3912.89569888145,3273.17322861636,3270.1478613167,3809.22765127922,3432.08800988066,3084.25582431798,3060.70529757956,3468.78124607544,3372.9817364582,3062.51451852903,3013.30590042403,3410.62932383713,3318.95646967247,2989.0446464763,2916.06742743883,3293.14380360103,3237.51449311311,2918.00456422708,2847.45771375812,3238.80383461979,3186.52958124282,2873.78792938854,2804.83366477476,3188.54206875968,3139.44929099517,,,,,,,,,,,,,3299.14647,4341.4006064,6132.23961315122,6769.67511735171,8730.20222977726,9583.07945468794,10076.0403871804,10832.5045441355,11127.5534718839,14296.2867570802,13784.6367510929,12986.7241044312,12805.4062124626,12435.7703706293,12190.7956938478,12006.6129539182,11871.6575067801,11776.920790521,11715.341041915,11681.3092173192,11670.3259034929,11678.7501636181,11703.6130463413,11742.4772504744
,,,,,,,,Period-to-period addition,,,,,,,,,,,,,,,,,,,,,,,,,,,,,,,,,,,,,,,,,,,,,,,,NA,-124.705468541177,-52.3732942117647,78.5981113176472,288.334668420799,199.176614410714,45.4777743723769,-57.3273358971021,-21.2887438497526,154.220459166145,-73.4050674107141,288.589081458333,109.123100642857,123.654033035714,36.240197414048,207.414647199167,-46.2129791802718,-203.345680651429,337.464211540572,154.4593910436,-311.254003413893,-71.4184134162429,425.249797374768,166.771676086713,-347.481852681402,-77.77401634233,461.019197000817,178.279013112652,-449.363367684025,-398.929062936143,815.007027596856,280.174115101916,-246.177736497631,-2.22455810522433,1227.00277681668,-365.494985694172,-639.722470265088,-3.02536729966141,539.079789962521,-377.139641398564,-347.832185562673,-23.5505267384256,408.075948495884,-95.7995096172381,-310.467217929178,-49.2086181050008,397.323423413101,-91.6728541646562,-329.911823196173,-72.9772190374688,377.076376162204,-55.6293104879233,-319.509928886032,-70.5468504689529,391.346120861669,-52.2742533769779,-312.741651854276,-68.9542646137766,383.708403984922,-49.0927777645193,,,,,,,,,,,,,3299.14647,1042.2541364,1790.83900675122,637.435504200489,1960.52711242555,852.877224910681,492.960932492462,756.464156955122,295.048927748363,3168.7332851963,-511.650005987251,-797.912646661749,-181.317891968542,-369.635841833382,-244.97467678146,-184.182739929658,-134.955447138082,-94.7367162590617,-61.5797486060474,-34.0318245957769,-10.9833138262966,8.42426012526084,24.8628827231951,38.8642041330386
,,,,,,,,% change Y/Y,,,,,,,,,,,,,,,,,,,,,,,,,,,,,,,,,,,,,,,,,,,,,,,,NA,NA,NA,NA,0.160158085736548,0.484331874147257,0.606530156905446,0.437617158203339,0.120731392409771,0.0769045598287956,0.00135766304607188,0.222780173557802,0.310468353538228,0.264201382649507,0.343750774658979,0.249347722826086,0.158971250736658,-0.00275429993976328,0.135484730132628,0.101529202265642,-0.00968677425414422,0.0511095977946432,0.0796091859723698,0.079615232215124,0.0746773439630843,0.0742223642762354,0.0757965471198883,0.0753973092150588,0.0450196067228117,-0.086590129464856,0.0504391833156668,0.0808701862357513,0.172870271941968,0.384094787411128,0.41686577397261,0.185801356728929,0.0719019735498934,0.0716919513908734,-0.109658763746803,-0.12287771665834,-0.0577168976718768,-0.0640468176423102,-0.0893741294483803,-0.0172216660098141,-0.00704912530845758,-0.0154864296124873,-0.0167643671113907,-0.016017064724004,-0.0239900485722491,-0.0322696985299482,-0.0344468744858844,-0.0245384286608008,-0.0237668187167989,-0.0235281643473395,-0.0165009402024349,-0.0157481648279104,-0.0151530382716348,-0.014969159604167,-0.0155186199679206,-0.0147747852474941,,,,,,,,,,,,,NA,0.315916297102141,0.412502592852456,0.103948238231501,0.289604313122859,0.0976927226269351,0.0514407644039006,0.0750755383947805,0.0272373693956212,0.284764597465451,-0.0357890139363536,-0.0578841982614076,-0.0139617882470202,-0.0288656084547821,-0.0196991959066758,-0.0151083444063137,-0.0112400930767108,-0.00798007491413533,-0.00522884968841864,-0.00290489405933791,-0.000940246818397106,0.000721853030920094,0.00212889927217108,0.00332070139188234
,,,,,,,,% change Q/Q,,,,,,,,,,,,,,,,,,,,,,,,,,,,,,,,,,,,,,,,,,,,,,,,NA,-0.105199718391837,-0.0493756536555263,0.0779482095826305,0.265272971428427,0.144827239766827,0.0288849191278726,-0.0353888876038286,-0.0136239464339636,0.100058125498048,-0.0432933088099976,0.177908141076768,0.0571111887799309,0.0612198299139539,0.0169070964893994,0.0951560970270244,-0.0193590989571609,-0.0868652595759571,0.157871605721111,0.0624065563379508,-0.118369579297038,-0.0308069560349925,0.18926591892591,0.0624125062391063,-0.122401934868845,-0.0312172774678544,0.191008688457035,0.0620182352738472,-0.147192226514436,-0.15322574287404,0.369683243396191,0.0927846809016562,-0.0746040570462421,-0.000728500466281257,0.402113010180286,-0.085428146385006,-0.163490805657805,-0.000924291838027891,0.164848750828491,-0.0990068528122525,-0.101347105482522,-0.00763572416812519,0.133327422544926,-0.0276176278701994,-0.0920453302706535,-0.0160680440230653,0.131856318788341,-0.0268785744390186,-0.0994022748447587,-0.0244148976240618,0.129309896134119,-0.0168924631918876,-0.098689883725833,-0.0241764016868971,0.137437026358914,-0.0161399874911271,-0.098144907769003,-0.0239942077522917,0.136802552252501,-0.0153966222511268,,,,,,,,,,,,,,,,,,,,,,,,,,,,,,,,,,,,
,,,,,,,,% of gross advertising revenue,,,,,,,,,,,,,,,,,,,,,,,,,,,,,,,,,,,,,,,,,,,,,,,,0.0995980820267479,0.0879455189239015,0.0805124249065324,0.0773069502736173,0.0982546538020903,0.108597530947618,0.109306665185624,0.0958119714362528,0.0993879738395727,0.105818458308072,0.0966643281127182,0.100152697951455,0.11208858336075,0.111972538536093,0.109970763463522,0.106573737658362,0.109102256126071,0.0940839946136755,0.102630962238188,0.0963731217023468,0.0863992848198434,0.0798974198475595,0.0921740652759237,0.0873011608707011,0.0814521625694595,0.0742784292537,0.0850580683267412,0.0804792927263984,0.0771121678345873,0.0738142116604624,0.0814022398506507,0.0714255763622979,0.0683379389907835,0.0604906016128568,0.0805268338899985,0.0638954865180922,0.0598813272464163,0.0580967144207771,0.0699171772563273,0.0581296028230862,0.0565420514834272,0.052640993715143,0.0581551670004433,0.0514825424921502,0.0496685726094978,0.0466340519441628,0.0517907693357598,0.0458033489694107,0.0446893121996905,0.0408756297650523,0.0443927610956975,0.0393456138874278,0.0377777410462489,0.0350049284564237,0.0392109580008581,0.0348915733135556,0.034204458407434,0.0318312160767163,0.0348498922950482,0.0311249726013264,,,,,,,,,,,,,0.0755195364647713,0.085888393107405,0.102848510887415,0.100455187970793,0.109975715578616,0.100265539352438,0.0865185803589219,0.0803532689775725,0.0757367991062311,0.0682410094515921,0.0614088854833006,0.0545993319645632,0.0483971662287413,0.0421993558358731,0.0366627314054624,0.0329405604327392,0.0297787641770103,0.0271678887160512,0.0249330490509678,0.0228382401339147,0.0210237774214642,0.0194227666159249,0.01797407740333,0.0166457891408697
,,,,,,,,,,,,,,,,,,,,,,,,,,,,,,,,,,,,,,,,,,,,,,,,,,,,,,,,,,,,,,,,,,,,,,,,,,,,,,,,,,,,,,,,,,,,,,,,,,,,,,,,,,,,,,,,,,,,,,,,,,,,,,,,,,,,,,,,,,,,,,,,,,,,,,,
,,,,,,,,Owned & Operated Display,,,,,,,,,,,,,,,,,,,,,,,,,,,,,,,,,,,,,,,,,,,,,,,,177.812455842353,159.106635561177,151.250641429412,163.040358127059,220.043262282857,251.911520588571,252.708265375948,242.202603533846,223.489761254094,271.284665195238,259.539854409524,305.714107442857,323.173803545714,342.958448831429,285.493839850476,336.285518187143,349.027707829372,370.395124737943,308.333347038515,363.188359642115,376.949924455721,400.026734716978,333.000014801596,392.243428413484,395.797420678508,420.028071452827,349.650015541676,411.855599834158,415.587291712433,441.029475025469,367.132516318759,432.448379825866,436.366656298055,463.080948776742,385.489142134697,454.070798817159,458.184989112957,486.234996215579,404.763599241432,476.774338758017,481.094238568605,486.234996215579,404.763599241432,476.774338758017,485.905180954291,491.097346177735,408.811235233846,481.542082145597,490.764232763834,496.008319639512,412.899347586185,486.357502967053,495.671875091473,500.968402835908,417.028341062047,491.221077996724,500.628593842387,505.978086864267,421.198624472667,496.133288776691,,,,,,,,,,,,,395.8975764,651.21009096,966.865651781223,1060.02838830171,1287.91161041476,1390.94453924794,1502.22010238778,1577.33110750717,1656.19766288253,1739.00754602665,1825.95792332799,1848.86717278363,1867.35584451147,1886.02940295658,1904.88969698615,1923.93859395601,1943.17797989557,1962.60975969453,1982.23585729147,2002.05821586439,2022.07879802303,2042.29958600326,2062.7225818633,2083.34980768193
,,,,,,,,Period-to-period addition,,,,,,,,,,,,,,,,,,,,,,,,,,,,,,,,,,,,,,,,,,,,,,,,NA,-18.7058202811764,-7.85599413176476,11.7897166976471,57.0029041557984,31.8682583057141,0.796744787376611,-10.5056618421017,-18.7128422797528,47.7949039411446,-11.7448107857142,46.1742530333333,17.4596961028572,19.7846452857141,-57.4646089809522,50.7916783366667,12.7421896422286,21.3674169085712,-62.0617776994284,54.8550126036,13.7615648136069,23.0768102612569,-67.0267199153826,59.243413611888,3.55399226502385,24.2306507743197,-70.3780559111518,62.2055842924824,3.73169187827506,25.4421833130357,-73.8969587067094,65.3158635071065,3.91827647218884,26.7142924786875,-77.5918066420448,68.5816566824619,4.11419029579827,28.0500071026219,-81.4713969741471,72.010739516585,4.3198998105882,5.14075764697395,-81.4713969741471,72.010739516585,9.13084219627427,5.19216522344368,-82.2861109438886,72.7308469117509,9.22215061823698,5.24408687567814,-83.1089720533275,73.4581553808684,9.31437212441938,5.29652774443491,-83.9400617738608,74.192736934677,9.40751584566357,5.34949302187926,-84.7794623915994,74.9346643040238,,,,,,,,,,,,,395.8975764,255.31251456,315.655560821223,93.1627365204899,227.883222113049,103.032928833181,111.275563139836,75.1110051193889,78.8665553753583,82.8098831441266,86.950377301333,22.9092494556478,18.4886717278364,18.6735584451146,18.8602940295659,19.0488969698617,19.2393859395602,19.4317797989556,19.6260975969453,19.8223585729147,20.0205821586439,20.2207879802304,20.4229958600329,20.6272258186332
,,,,,,,,% change Y/Y,,,,,,,,,,,,,,,,,,,,,,,,,,,,,,,,,,,,,,,,,,,,,,,,NA,NA,NA,NA,0.237501958118985,0.58328733242374,0.670791363181665,0.48553773014345,0.0156628243713541,0.0769045598287959,0.0270335005600737,0.262224695285473,0.446034045283563,0.264201382649506,0.1,0.1,0.0800000000000001,0.0800000000000001,0.0800000000000001,0.0800000000000001,0.0800000000000001,0.0800000000000001,0.0800000000000001,0.0800000000000001,0.05,0.05,0.05,0.05,0.05,0.05,0.05,0.05,0.05,0.05,0.05,0.05,0.05,0.05,0.05,0.05,0.05,0,0,0,0.01,0.01,0.01,0.01,0.01,0.01,0.01,0.01,0.01,0.01,0.01,0.01,0.01,0.01,0.01,0.01,,,,,,,,,,,,,NA,0.644895371377676,0.4847215440963,0.0963554102360131,0.214978414378264,0.0799999999999999,0.0800000000000003,0.05,0.05,0.0500000000000003,0.0500000000000003,0.0125464279121468,0.01,0.01,0.01,0.0100000000000002,0.01,0.01,0.01,0.01,0.01,0.01,0.01,0.01
,,,,,,,,% change Q/Q,,,,,,,,,,,,,,,,,,,,,,,,,,,,,,,,,,,,,,,,,,,,,,,,NA,-0.105199718391837,-0.0493756536555267,0.0779482095826307,0.349624502856989,0.144827239766827,0.00316279614967629,-0.0415722921704707,-0.0772611111801601,0.213857241928882,-0.0432933088099974,0.177908141076768,0.0571111887799312,0.0612198299139535,-0.167555600909535,0.177908141076768,0.0378909853475686,0.0612198299139535,-0.167555600909535,0.177908141076768,0.0378909853475689,0.0612198299139535,-0.167555600909535,0.177908141076768,0.0090606801990254,0.0612198299139535,-0.167555600909535,0.177908141076768,0.0090606801990254,0.0612198299139535,-0.167555600909535,0.177908141076768,0.0090606801990254,0.0612198299139535,-0.167555600909535,0.177908141076768,0.0090606801990254,0.0612198299139535,-0.167555600909536,0.177908141076768,0.0090606801990254,0.0106855522990033,-0.167555600909536,0.177908141076768,0.0191512870010158,0.0106855522990033,-0.167555600909536,0.177908141076768,0.0191512870010155,0.0106855522990033,-0.167555600909536,0.177908141076768,0.0191512870010158,0.0106855522990033,-0.167555600909536,0.177908141076768,0.0191512870010158,0.0106855522990033,-0.167555600909536,0.177908141076768,,,,,,,,,,,,,,,,,,,,,,,,,,,,,,,,,,,,
,,,,,,,,,,,,,,,,,,,,,,,,,,,,,,,,,,,,,,,,,,,,,,,,,,,,,,,,,,,,,,,,,,,,,,,,,,,,,,,,,,,,,,,,,,,,,,,,,,,,,,,,,,,,,,,,,,,,,,,,,,,,,,,,,,,,,,,,,,,,,,,,,,,,,,,
,,,,,,,,Google Display Network,,,,,,,,,,,,,,,,,,,,,,,,,,,,,,,,,,,,,,,,,,,,,,,,1007.60391644,901.60426818,857.0869681,923.89536272,1155.227126985,1322.53548309,1367.216512675,1320.39483862,1317.81893705,1424.244492275,1362.58423565,1604.999064075,1696.662468615,1800.531856365,1894.23666276,2050.8596316225,1991.9044628,1767.19136524,2166.71735448,2266.32173292,1941.3061646925,1846.810941015,2339.08745830515,2446.61572077998,2095.57987583355,1993.5752087169,2524.97246162887,2641.04589044904,2187.95083088674,1763.57958463756,2652.48357094113,2867.34182253594,2617.24580956612,2588.30695898221,3892.90154244093,3458.82490006429,2814.9882395034,2783.91286510112,3404.46405203779,2955.31367112264,2603.16158574938,2574.47030136398,3064.01764683401,2896.20739770019,2576.60933757474,2522.20855424629,3001.81808860328,2837.41438752687,2498.28041371246,2420.05910779932,2880.24445601485,2751.15699014606,2422.3326891356,2346.48931092222,2821.77549355775,2695.30850324609,2373.15933554615,2298.8555779105,2767.34344428702,2643.31600221847,,,,,,,,,,,,,2903.2488936,3690.19051544,5165.37396137,5709.64672905,7442.2906193625,8192.13491544,8573.82028479263,9255.17343662836,9471.35580900136,12557.2792110535,11958.678827765,11137.8569316476,10938.0503679512,10549.7409676727,10285.9059968617,10082.6743599621,9928.4795268845,9814.31103082648,9733.10518462348,9679.25100145479,9648.24710546985,9636.45057761488,9640.89046447805,9659.12744279245
,,,,,,,,Period-to-period addition,,,,,,,,,,,,,,,,,,,,,,,,,,,,,,,,,,,,,,,,,,,,,,,,NA,-105.99964826,-44.5173000799999,66.8083946200001,231.331764265,167.308356105,44.6810295850003,-46.8216740550004,-2.57590156999981,106.425555225,-61.6602566249999,242.414828425,91.6634045399999,103.86938775,93.7048063950001,156.6229688625,-58.9551688225001,-224.71309756,399.52598924,99.6043784399999,-325.0155682275,-94.4952236774996,492.27651729015,107.528262474825,-351.035844946425,-102.00466711665,531.397252911969,116.07342882017,-453.095059562299,-424.371246249178,888.903986303565,214.85825159481,-250.09601296982,-28.9388505839115,1304.59458345872,-434.076642376634,-643.836660560887,-31.0753744022836,620.551186936669,-449.15038091515,-352.152085373261,-28.6912843853993,489.547345470031,-167.810249133823,-319.598060125452,-54.4007833284441,479.609534356989,-164.403701076407,-339.13397381441,-78.2213059131473,460.185348215532,-129.087465868792,-328.824301010452,-75.8433782133875,475.286182635529,-126.466990311655,-322.149167699939,-74.3037576356555,468.487866376521,-124.027442068543,,,,,,,,,,,,,2903.2488936,786.94162184,1475.18344593,544.27276768,1732.6438903125,749.8442960775,381.685369352626,681.353151835732,216.182372373005,3085.92340205217,-598.600383288584,-820.821896117397,-199.806563696378,-388.309400278496,-263.834970811025,-203.23163689952,-154.194833077641,-114.168496058019,-81.2058462029927,-53.8541831686907,-31.0038959849408,-11.7965278549691,4.43988686316152,18.2369783144059
,,,,,,,,% change Y/Y,,,,,,,,,,,,,,,,,,,,,,,,,,,,,,,,,,,,,,,,,,,,,,,,NA,NA,NA,NA,0.146509167080824,0.466869146216113,0.595189944033172,0.429160586684495,0.140744452988517,0.0769045598287956,-0.00338810786883847,0.215544787915448,0.287477680669136,0.264201382649507,0.390179493641641,0.277794908126293,0.174013393734116,-0.0185170237378134,0.143847227264085,0.105059409222971,-0.025401970351718,0.0450543033092443,0.0795535714285718,0.0795535714285716,0.0794690265486726,0.0794690265486726,0.0794690265486724,0.0794690265486726,0.0440789473684211,-0.115368421052632,0.0504999999999998,0.085684210526316,0.196208695652174,0.467643979057592,0.467643979057592,0.206282722513089,0.0755536332179931,0.0755729166666668,-0.12546875,-0.145572916666667,-0.0752495697074009,-0.0752331606217616,-0.1,-0.0199999999999999,-0.0102000000000001,-0.0203,-0.0203,-0.0203000000000002,-0.0304,-0.0405000000000002,-0.0405,-0.0304000000000001,-0.0304,-0.0304,-0.0203,-0.0203,-0.0203,-0.0202999999999999,-0.0192899999999999,-0.0192899999999999,,,,,,,,,,,,,NA,0.271055514246386,0.399758072044718,0.105369479877047,0.303459035652243,0.100754503475938,0.0465916849871759,0.0794690265486726,0.0233580033754353,0.325816436873735,-0.0476695925309733,-0.0686381754990912,-0.0179394083549987,-0.0355007873630071,-0.0250086681388186,-0.0197582630991892,-0.0152930490039371,-0.0114990916533465,-0.00827422790534427,-0.00553309371954291,-0.00320312966161129,-0.00122266021236972,0.000460738819485496,0.00189162799656328
,,,,,,,,% change Q/Q,,,,,,,,,,,,,,,,,,,,,,,,,,,,,,,,,,,,,,,,,,,,,,,,NA,-0.105199718391837,-0.0493756536555263,0.0779482095826305,0.250387407058681,0.144827239766827,0.0337843711237196,-0.0342459834422219,-0.00195085704264941,0.0807588601384335,-0.0432933088099976,0.177908141076768,0.0571111887799309,0.0612198299139541,0.0520428483749107,0.0826839496572158,-0.0287465645690529,-0.112813190470051,0.226079640891489,0.0459701761441351,-0.143411045089675,-0.0486761054985201,0.266554906275137,0.0459701761441349,-0.14347812856958,-0.0486761054985202,0.266554906275136,0.0459701761441351,-0.171558949884533,-0.193958310332407,0.504033951201724,0.0810026700819775,-0.0872222526816247,-0.0110569861180555,0.504033951201724,-0.111504654727142,-0.1861431784387,-0.0110392554989024,0.222906109855607,-0.131929835078242,-0.119158953858014,-0.0110217070436447,0.190154590328995,-0.0547680426407525,-0.110350543396594,-0.0211133222778931,0.190154590328995,-0.0547680426407527,-0.119522187279104,-0.0313100585041652,0.190154590328995,-0.0448182325632871,-0.119522187279103,-0.0313100585041651,0.202552033978255,-0.044818232563287,-0.119522187279103,-0.0313100585041651,0.203791778343181,-0.044818232563287,,,,,,,,,,,,,,,,,,,,,,,,,,,,,,,,,,,,
,,,,,,,,,,,,,,,,,,,,,,,,,,,,,,,,,,,,,,,,,,,,,,,,,,,,,,,,,,,,,,,,,,,,,,,,,,,,,,,,,,,,,,,,,,,,,,,,,,,,,,,,,,,,,,,,,,,,,,,,,,,,,,,,,,,,,,,,,,,,,,,,,,,,,,,
,,,,,,,,Check,,,,,,,,,,,,,,,,,,,,,,,,,,,,,,,,,,,,,,,,,,,,,,,,True,True,True,True,True,True,True,True,True,True,True,True,True,True,True,True,True,True,True,True,True,True,True,True,True,True,True,True,True,True,True,True,True,True,True,True,True,True,True,True,True,True,True,True,True,True,True,True,True,True,True,True,True,True,True,True,,,,,,,,,,,,,,,,,True,True,True,True,True,True,True,True,True,True,True,True,True,True,True,True,True,True,True,True,True,True,True,True
,,,,,,,,,,,,,,,,,,,,,,,,,,,,,,,,,,,,,,,,,,,,,,,,,,,,,,,,,,,,,,,,,,,,,,,,,,,,,,,,,,,,,,,,,,,,,,,,,,,,,,,,,,,,,,,,,,,,,,,,,,,,,,,,,,,,,,,,,,,,,,,,,,,,,,,
,,,,,,,,Total YouTube Revenue,,,,,,,,,,,,,,,,,,,,,,,,,,,,,,,,,,,,,,,,,,,,,,,,322.535481122172,370.34463840095,464.804213148217,568.319958028713,502.301210708586,561.719894970569,719.474736772347,882.469150312089,751.314223978601,843.901752985988,1076.04168465633,1321.31843025165,1096.18865847032,1252.42815536869,1598.99783413961,1975.42599696349,1577.4650691534,1697.56839159461,2185.40479828456,2687.58292181883,2162.135,2348.1275,3039.7375,3605,3025,3603,3804,4717,4038,3812,5037,6885,6005,7002,7205,8633,6869,7340,7071,7963,6693,7665,7952,9200,8090,8663,8921,10473,8927,9796,10261,11383,9975.33538757357,10761.4841588854,10872.7516636253,12621.7018382128,11092.7827347364,11939.6402261212,12388.2186772541,13700.8088628261,,,,,,,,,,,,,1049.22164833135,1726.00429070005,2665.96499276359,3992.57609187257,5923.04064494211,8148.02118085139,11155,15149,19772,28845,29243,31510,36147,40367,44231.273048297,49121.4505009377,54461.4516846282,59968.2515048547,65627.9861781647,71415.1225345831,77304.9878364689,83274.0775769603,89300.2844626222,95363.0527269915
,,,,,,,,Period-to-period addition,,,,,,,,,,,,,,,,,,,,,,,,,,,,,,,,,,,,,,,,,,,,,,,,NA,47.8091572787777,94.4595747472666,103.515744880496,-66.0187473201273,59.4186842619833,157.754841801778,162.994413539742,-131.154926333488,92.5875290073872,232.139931670344,245.276745595314,-225.129771781325,156.23949689837,346.569678770921,376.428162823876,-397.960927810089,120.103322441209,487.836406689953,502.178123534264,-525.447921818825,185.9925,691.61,565.2625,-580,578,201,913,-679,-226,1225,1848,-880,997,203,1428,-1764,471,-269,892,-1270,972,287,1248,-1110,573,258,1552,-1546,869,465,1122,-1407.66461242643,786.148771311817,111.267504739868,1748.95017458756,-1528.91910347646,846.85749138481,448.578451132948,1312.59018557195,,,,,,,,,,,,,1049.22164833135,676.782642368705,939.960702063538,1326.61109910898,1930.46455306954,2224.98053590928,3006.97881914861,3994,4623,9073,398,2267,4637,4220,3864.27304829703,4890.17745264067,5340.00118369046,5506.7998202265,5659.73467331004,5787.13635641843,5889.8653018858,5969.08974049139,6026.20688566186,6062.76826436931
,,,,,,,,% change Y/Y,,,,,,,,,,,,,,,,,,,,,,,,,,,,,,,,,,,,,,,,,,,,,,,,NA,NA,NA,NA,0.557351795718625,0.5167490945621,0.547909240966628,0.552768186028589,0.495744401887341,0.50235332688404,0.495593423451654,0.49729702141356,0.459028224789129,0.484092373238008,0.485999898461464,0.495041582510332,0.439045238211712,0.355421773550657,0.366734057810956,0.36050802507916,0.370638908131503,0.383229984504065,0.390926524178061,0.341353961856668,0.399080075943454,0.534414123594226,0.251423848276372,0.308460471567268,0.334876033057851,0.0580072162087149,0.324132492113565,0.459614161543354,0.487122337790986,0.836831059811123,0.430414929521541,0.253885257806826,0.143880099916736,0.048271922307912,-0.0185981956974324,-0.0776091740993861,-0.0256223613335275,0.0442779291553133,0.124593409701598,0.155343463518774,0.208725534140146,0.130202217873451,0.121856136820925,0.138369565217391,0.103461063040791,0.130786101812305,0.150207375854725,0.0868900983481333,0.117434231833043,0.0985590198943844,0.0596191076527879,0.108820331917141,0.112021030245741,0.109478957534218,0.139382104964178,0.0854961587942287,,,,,,,,,,,,,NA,0.645033052306004,0.544587697219628,0.497610097173026,0.483513528270449,0.375648365305288,0.369044060196516,0.358045719408337,0.305168657997228,0.458881246206757,0.0137978852487433,0.077522825975447,0.147159631862901,0.116745511384071,0.0957285170633693,0.110559274369087,0.108710168963527,0.101113717131797,0.0943788509967123,0.0881809223995949,0.0824736427362931,0.0772148073177168,0.0723659398099312,0.0678919255504384
,,,,,,,,% change Q/Q,,,,,,,,,,,,,,,,,,,,,,,,,,,,,,,,,,,,,,,,,,,,,,,,NA,0.148229140907038,0.255058572347957,0.222708275769194,-0.116164752596621,0.118292934588317,0.280842539518817,0.226546402825699,-0.148622675690254,0.123234095738382,0.275079333404582,0.227943535174152,-0.170382677352384,0.142529751326195,0.276718211168686,0.235415054846791,-0.201455751023734,0.0761369140843589,0.287373639321656,0.229787233892984,-0.195509473420536,0.0860226119090621,0.294536817102138,0.185957669042146,-0.160887656033287,0.191074380165289,0.0557868442964196,0.240010515247108,-0.143947424210303,-0.0559683011391778,0.321353620146905,0.366885050625372,-0.127814088598402,0.166028309741882,0.028991716652385,0.198195697432339,-0.204332213598981,0.068568932886883,-0.0366485013623978,0.126149059538962,-0.159487630290092,0.145226355894218,0.0374429223744293,0.156941649899396,-0.120652173913044,0.0708281829419035,0.0297818307745585,0.173971527855622,-0.147617683567268,0.0973451327433628,0.0474683544303798,0.109346067634734,-0.123663762841643,0.0788092571094035,0.0103394200183808,0.160856260558094,-0.121134148395709,0.0763431062913482,0.0375705165848768,0.105954715505788,,,,,,,,,,,,,,,,,,,,,,,,,,,,,,,,,,,,
,,,,,,,,% of gross advertising revenue,,,,,,,,,,,,,,,,,,,,,,,,,,,,,,,,,,,,,,,,,,,,,,,,0.0270992674443096,0.0307059645469654,0.0371130799383757,0.0404210496464234,0.035886347839436,0.0387446471906862,0.0485475530885524,0.0541093353554533,0.0484468805763864,0.0526681490972969,0.0641226199068191,0.0692587498821494,0.0608317790494074,0.0654248631546096,0.0806719052590491,0.0881925977482695,0.0735198568177368,0.0747169839255398,0.0906204455489695,0.0985015257185122,0.0805807945715735,0.0834992802325965,0.104856209074964,0.110861676609878,0.098898224735999,0.110882008986274,0.112557699135992,0.124347551009648,0.119598376921482,0.127632504101517,0.135786494136676,0.149029199766229,0.134388147882911,0.138807390373483,0.135610766045549,0.140972256241937,0.125665465322625,0.130400795906765,0.129785984361808,0.134870092476542,0.122699274033878,0.131830142923482,0.133317685717639,0.140421569974205,0.131205501224477,0.134068961247988,0.135466334619006,0.144532921157588,0.133467892651566,0.137314269694421,0.138321964897145,0.1383379514851,0.129144978640928,0.132295198361186,0.131632241594594,0.138203968863857,0.132028749161641,0.135499396163457,0.135399840215296,0.135831880353862,,,,,,,,,,,,,0.0240173430465446,0.0341465228539785,0.0447129510392391,0.0592458241856739,0.0746134644060077,0.0852508572235098,0.0957831377027503,0.112372135804942,0.13457297650486,0.13768693585111,0.130274019592557,0.13247566794896,0.136615140405911,0.136980769687571,0.133021611075785,0.13476640872661,0.136610639712943,0.138339283447621,0.139672058426816,0.139624393746856,0.139262851036276,0.138491957724408,0.137144847383033,0.135183848660129
,,,,,,,,,,,,,,,,,,,,,,,,,,,,,,,,,,,,,,,,,,,,,,,,,,,,,,,,,,,,,,,,,,,,,,,,,,,,,,,,,,,,,,,,,,,,,,,,,,,,,,,,,,,,,,,,,,,,,,,,,,,,,,,,,,,,,,,,,,,,,,,,,,,,,,,
,,,,,,,,Net YouTube revenue,,,,,,,,,,,,,,,,,,,,,,,,,,,,,,,,,,,,,,,,,,,,,,,,138.690256882534,159.248194512409,199.865811653733,244.377581952347,215.989520604692,241.539554837345,309.374136812109,379.461734634198,375.6571119893,379.755788843695,484.218758095349,594.593293613241,493.284896311644,563.592669915911,719.549025362825,888.941698633569,639.963130305612,685.272606552479,887.324951859603,1104.56808859835,846.352607905612,895.891854486734,1171.39068326156,1391.60142984269,1068.47125,1274.85,1288.3,1645.42875,1251.05906111285,1063.94448374377,1546.62021887469,2292.80564150561,1665.63075871427,2070.44335040153,2106.38531708878,2705.14790877604,1817.12778913853,1974.63065949737,1785.45915485621,2132.41202521505,1068.09996096236,1400.43239128465,981.389821606939,551.672251929229,1122.54873493498,1272.15409293086,792.727379747825,461.182737743698,639.364465430175,887.745448390744,437.175317538986,-159.161699500446,380.301479447824,559.87875184885,-108.136442282286,-492.209258407178,184.572861326262,362.329401491632,-211.153034014586,-860.603930265002,,,,,,,,,,,,,435.426984057509,742.181845001023,1146.36494688834,1834.22495254158,2665.36829022395,3319.10759646465,4305.23657549659,5277.05,6154.42940523692,8547.60733498062,7709.62962870718,4001.59442578319,3648.61294535737,1805.12353185946,339.834530607215,-524.854701461693,-1184.94744041497,-1593.85989323906,573.248942037943,713.923609735997,1052.49477366371,1566.90109614354,2234.76598095712,3034.98447389499
,,,,,,,,Period-to-period addition,,,,,,,,,,,,,,,,,,,,,,,,,,,,,,,,,,,,,,,,,,,,,,,,NA,20.5579376298744,40.6176171413246,44.5117702986134,-28.3880613476547,25.5500342326529,67.8345819747644,70.0875978220889,-3.80462264489762,4.09867685439411,104.462969251655,110.374535517891,-101.308397301596,70.3077736042666,155.956355446914,169.392673270744,-248.978568327957,45.309476246867,202.052345307124,217.243136738742,-258.215480692734,49.5392465811221,275.49882877483,220.210746581122,-323.130179842685,206.37875,13.4499999999998,357.12875,-394.369688887155,-187.114577369077,482.675735130923,746.185422630923,-627.174882791347,404.812591687258,35.9419666872582,598.762591687258,-888.020119637507,157.50287035884,-189.171504641161,346.95287035884,-1064.31206425269,332.332430322291,-419.042569677714,-429.71756967771,570.876483005755,149.605357995873,-479.426713183032,-331.544642004126,178.181727686477,248.380982960569,-450.570130851758,-596.337017039432,539.46317894827,179.577272401026,-668.015194131136,-384.072816124892,676.78211973344,177.75654016537,-573.482435506217,-649.450896250417,,,,,,,,,,,,,,306.754860943514,404.183101887322,687.860005653241,831.143337682364,653.739306240697,986.128979031948,971.813424503409,877.379405236918,2393.1779297437,-837.977706273443,-3708.03520292399,-352.98148042582,-1843.48941349791,-1465.28900125224,-864.689232068908,-660.092738953281,-408.912452824086,2167.108835277,140.674667698055,338.571163927714,514.40632247983,667.864884813578,800.218492937871
,,,,,,,,% change Y/Y,,,,,,,,,,,,,,,,,,,,,,,,,,,,,,,,,,,,,,,,,,,,,,,,NA,NA,NA,NA,0.557351795718625,0.5167490945621,0.547909240966628,0.552768186028589,0.739237676613188,0.572230225808879,0.565155908263359,0.566938743339772,0.313125402310216,0.484092373238008,0.485999898461464,0.495041582510332,0.29734993933668,0.2159004953963,0.233168165869142,0.242565277673693,0.32250213774259,0.307351039455457,0.320137206562976,0.259860251447763,0.262442202008504,0.422995413581895,0.0998038642521217,0.182399439030477,0.170886966881743,-0.165435554187734,0.200512472929202,0.393439637848563,0.331376599624842,0.946006941185621,0.361927958384879,0.17984178850836,0.090954750704298,-0.0462764126753673,-0.152358715961864,-0.211720727618227,-0.412204266894885,-0.290787679939538,-0.450343168625455,-0.741291905407637,0.0509772268164521,-0.0915990655115619,-0.192240063739602,-0.164027670177508,-0.430435004260901,-0.302171448157268,-0.448517449115917,-1.34511634212315,-0.40518827678052,-0.369325122574532,-1.24735257903174,2.09251069793835,-0.514666991056014,-0.352843092731889,0.952653791433033,0.748451325458555,,,,,,,,,,,,,NA,0.704492078292968,0.544587697219628,0.600035797954522,0.453130536977318,0.245271660445007,0.297106662068541,0.225728228277749,0.166263235185741,0.388854558589509,-0.0980365233723436,-0.480961522343037,-0.0882102089485831,-0.505257598190468,-0.811738906169401,-2.54444193921049,1.25766757373985,0.345089105961429,-1.35966081113502,0.245398913773736,0.474240043767309,0.488749526697594,0.42623295526267,0.358077087156637
,,,,,,,,% change Q/Q,,,,,,,,,,,,,,,,,,,,,,,,,,,,,,,,,,,,,,,,,,,,,,,,NA,0.148229140907038,0.255058572347957,0.222708275769194,-0.116164752596621,0.118292934588317,0.280842539518817,0.226546402825699,-0.0100263670816908,0.0109106861645438,0.275079333404582,0.227943535174151,-0.170382677352384,0.142529751326195,0.276718211168685,0.235415054846791,-0.280084249294046,0.0708001353534689,0.294849587412555,0.244829288620202,-0.233770541950383,0.058532632992899,0.307513487699546,0.187990863960074,-0.232200235579819,0.193153301972327,0.0105502608149977,0.277209306838469,-0.239675943967282,-0.149564943163143,0.4536662791206,0.48246196029549,-0.273540360961211,0.243038614392388,0.0173595508808719,0.284260712809564,-0.32827044937417,0.0866768266383229,-0.0958009558553664,0.194321370732663,-0.499111828139947,0.311143565647974,-0.299223705682297,-0.437866340384584,1.03481094256484,0.133272929129921,-0.376862139458674,-0.418232863496646,0.386358189723703,0.388481056408811,-0.507544287237436,-1.36406835682404,-3.38940323357604,0.472197143860081,-1.19314260797574,3.55174266897263,-1.37498860123751,0.963069754069409,-1.58276538736662,3.07573556440376,,,,,,,,,,,,,,,,,,,,,,,,,,,,,,,,,,,,
,,,,,,,,,,,,,,,,,,,,,,,,,,,,,,,,,,,,,,,,,,,,,,,,,,,,,,,,,,,,,,,,,,,,,,,,,,,,,,,,,,,,,,,,,,,,,,,,,,,,,,,,,,,,,,,,,,,,,,,,,,,,,,,,,,,,,,,,,,,,,,,,,,,,,,,
,,,,,,,,,,,,,,,,,,,,,,,,,,,,,,,,,,,,,,,,,,,,,,,,,,,,,,,,,,,,,,,,,,,,,,,,,,,,,,,,,,,,,,,,,,,,,,,,,,,,,,,,,,,,,,,,,,,,,,,,,,,,,,,,,,,,,,,,,,,,,,,,,,,,,,,
,,,,,,,,Check,,,,,,,,,,,,,,,,,,,,,,,,,,,,,,,,,,,,,,,,,,,,,,,,,,,,,,,,,,,,,,,,,,,,,,,,,,,,,,,,,,,,,,,,,,,,,,,,,,,,,,,,,,,,,,,,,,,,,,,,,,,,,,,,,,,,,,,,,,,,,,,
,,,,,,,,,,,,,,,,,,,,,,,,,,,,,,,,,,,,,,,,,,,,,,,,,,,,,,,,,,,,,,,,,,,,,,,,,,,,,,,,,,,,,,,,,,,,,,,,,,,,,,,,,,,,,,,,,,,,,,,,,,,,,,,,,,,,,,,,,,,,,,,,,,,,,,,
,,,,,,,,,,,,,,,,,,,,,,,,,,,,,,,,,,,,,,,,,,,,,,,,,,,,,,,,,,,,,,,,,,,,,,,,,,,,,,,,,,,,,,,,,,,,,,,,,,,,,,,,,,,,,,,,,,,,,,,,,,,,,,,,,,,,,,,,,,,,,,,,,,,,,,,
,,,,,,,,,,,,,,,,,,,,,,,,,,,,,,,,,,,,,,,,,,,,,,,,,,,,,,,,,,,,,,,,,,,,,,,,,,,,,,,,,,,,,,,,,,,,,,,,,,,,,,,,,,,,,,,,,,,,,,,,,,,,,,,,,,,,,,,,,,,,,,,,,,,,,,,
,,,,,,,,,,,,,,,,,,,,,,,,,,,,,,,,,,,,,,,,,,,,,,,,,,,,,,,,,,,,,,,,,,,,,,,,,,,,,,,,,,,,,,,,,,,,,,,,,,,,,,,,,,,,,,,,,,,,,,,,,,,,,,,,,,,,,,,,,,,,,,,,,,,,,,,
,,,,,,,,Google display revenue disclosures,,,,,,,,,,,,,,,,,,,,,,,,,,,,,,,,,,,,,,,,,,,,,,,,,,,,,,,,,,,,,,,,,,,,,,,,,,,,,,,,,,,,,,,,,,,,,,,,,,,,,,,,,,,,,,,,,,,,,,,,,,,,,,,,,,,,,,,,,,,,,,,
,,,,,,,,Call,Date,Base,Run-rate,,,,,,,,,,,,,,,,,,,,,,,,,,,,,,,,,,,,,,,,,,,,,,,,,,,,,,,,,,,,,,,,,,,,,,,,,,,,,,,,,,,,,,,,,,,,,,,,,,,,,,,,,,,,,,,,,,,,,,,,,,,,,,,,,,,,,,,,,,,,
,,,,,,,,3Q2010,2010-10-04 00:00:00,2011-09-01 00:00:00,Over $2.5bn,,,,,,,,,,,,,,,,,,,,,,,,,,,,,,,,,,,,,,,,,,,,,,,,,,,,,,,,,,,,,,,,,,,,,,,,,,,,,,,,,,,,,,,,,,,,,,,,,,,,,,,,,,,,,,,,,,,,,,,,,,,,,,,,,,,,,,,,,,,,
,,,,,,,,4Q2011,2012-01-19 00:00:00,2011-12-01 00:00:00,Over $5bn,,,,,,,,,,,,,,,,,,,,,,,,,,,,,,,,,,,,,,,,,,,,,,,,,,,,,,,,,,,,,,,,,,,,,,,,,,,,,,,,,,,,,,,,,,,,,,,,,,,,,,,,,,,,,,,,,,,,,,,,,,,,,,,,,,,,,,,,,,,,
,,,,,,,,1Q2012,2012-04-12 00:00:00,2011-12-01 00:00:00,Over $5bn,,,,,,,,,,,,,,,,,,,,,,,,,,,,,,,,,,,,,,,,,,,,,,,,,,,,,,,,,,,,,,,,,,,,,,,,,,,,,,,,,,,,,,,,,,,,,,,,,,,,,,,,,,,,,,,,,,,,,,,,,,,,,,,,,,,,,,,,,,,,
,,,,,,,,,,,,,,,,,,,,,,,,,,,,,,,,,,,,,,,,,,,,,,,,,,,,,,,,,,,,,,,,,,,,,,,,,,,,,,,,,,,,,,,,,,,,,,,,,,,,,,,,,,,,,,,,,,,,,,,,,,,,,,,,,,,,,,,,,,,,,,,,,,,,,,,
,,,,,,,,,,,,,,,,,,,,,,,,,,,,,,,,,,,,,,,,,,,,,,,,,,,,,,,,,,,,,,,,,,,,,,,,,,,,,,,,,,,,,,,,,,,,,,,,,,,,,,,,,,,,,,,,,,,,,,,,,,,,,,,,,,,,,,,,,,,,,,,,,,,,,,,
,,,,,,,,,,,,,,,,,,,,,,,,,,,,,,,,,,,,,,,,,,,,,,,,,,,,,,,,,,,,,,,,,,,,,,,,,,,,,,,,,,,,,,,,,,,,,,,,,,,,,,,,,,,,,,,,,,,,,,,,,,,,,,,,,,,,,,,,,,,,,,,,,,,,,,,
