,,,,,,,,,,,185.639606995905,,,,,,,,,,,,,,,,,,,,,,,,,,,,,,,,,
,,,,,,,,,,,,,,,,,,,,,,,,,,,,,,,,,,,,,,,,,,,,
,,,,,,,,Bear Case Valuation ,,,,,,,,,,,,,,,,,,,,,,,,,,,,,,,,,,,,
,,,,,,,,Core Google Value,,,188.707807607699,,,,,,,,,,,,,,,,,,,,,,,,,,,,,,,,,
,,,,,,,,Less Other Bets Losses,,,-3.06820061179407,,,,,,,,,,,,,,,,,,,,,,,,,,,,,,,,,
,,,,,,,,Total Bear Case Value,,,185.639606995905,,,,,,,,,,,,,,,,,,,,,,,,,,,,,,,,,
,,,,,,,,Current Market Price,,,315,,,,,,,,,,,,,,,,,,,,,,,,,,,,,,,,,
,,,,,,,,% Upside (Downside),,,-0.410667914298713,,,,,,,,,,,,,,,,,,,,,,,,,,,,,,,,,
,,,,,,,,,,,,,,,,,,,,,,,,,,,,,,,,,,,,,,,,,,,,
,,,,,,,,,,,,,,,,,,,,,,,,,,,,,,,,,,,,,,,,,,,,
,,,,,,,,,,,,,,,,,,,,,,,,,,,,,,,,,,,,,,,,,,,,
,,,,,,,,Period-End Date,,,,2009-12-31 00:00:00,2010-12-31 00:00:00,2011-12-31 00:00:00,2012-12-31 00:00:00,2013-12-31 00:00:00,2014-12-31 00:00:00,2015-12-31 00:00:00,2016-12-31 00:00:00,2017-12-31 00:00:00,2018-12-31 00:00:00,2019-12-31 00:00:00,2020-12-31 00:00:00,2021-12-31 00:00:00,2022-12-31 00:00:00,2023-12-31 00:00:00,2024-12-31 00:00:00,2025-12-31 00:00:00,,,,,,,,,,,,,,,,
,,,,,,,,Morgan Stanley | Google DCF,,,,,,,,,,,,,,,,,,,,,,,,,,,,,,,,,,,,
,,,,,,,,(USD millions),,,,2009-12-31 00:00:00,2010-12-31 00:00:00,2011-12-31 00:00:00,2012-12-31 00:00:00,2013-12-31 00:00:00,2014-12-31 00:00:00,2015-12-31 00:00:00,2016-12-31 00:00:00,2017-12-31 00:00:00,2018-12-31 00:00:00,2019-12-31 00:00:00,2020-12-31 00:00:00,2021-12-31 00:00:00,2022-12-31 00:00:00,2023-12-31 00:00:00,2024-12-31 00:00:00,2025-12-31 00:00:00,2026-12-31 00:00:00,2027-12-31 00:00:00,2028-12-31 00:00:00,2029-12-31 00:00:00,2030-12-31 00:00:00,2031-12-31 00:00:00,2032-12-31 00:00:00,2033-12-31 00:00:00,2034-12-31 00:00:00,2035-12-31 00:00:00,TY - 2030,,,,,
,,,,,,,,,,,,,,,,,,,,,,,,,,,,,,,,,,,,,,,,,,,,
,,,,,,,,Core Discounted cash flow analysis,,,,,,,,,,,,,,,,,,,,,,,,,,,,,,,,,,,,
,,,,,,,,Net revenue,,,,17481.163,22004,29094,39219,43261,52505,60646,73479,89183,110093,131768,149749,212071,233881,256508,295118,342910,411206.665750791,479936.462167229,554375.476530118,634372.612166282,725881.610117896,823399.931598021,927671.784817993,1038481.11495128,1160431.70687661,1289308.0670752,1327987.30908746,,0.169555155879166,,,
,,,,,,,,% change Y/Y,,,,NA,0.258726321583981,0.322214142883112,0.348009898948237,0.103062291236391,0.213679757749474,0.155051899819065,0.211605052270554,0.213720927067598,0.234461724768173,0.196879002298057,0.136459534940198,0.416176401845755,0.10284291581593,0.096745780974085,0.150521621158014,0.161942002859873,0.199167903388035,0.167141737089669,0.155101810824599,0.144301360761614,0.144251180137057,0.134344664640679,0.126635732186188,0.119448852435483,0.117431689579694,0.111058978684296,0.03,,,,,
,,,,,,,,,,,,,,,,,,,,,,,,,,,,,0.180408215588136,,,,,,,,,,,,,,,
,,,,,,,,Adj. EBITDA,,,,11000.548,13154,15567,18379,22469,25650,29626,36563,43476,45912,56806,67780,106531,110132,120452,150486,175128,223288.36307052,279199.785847765,335800.309123806,398155.759815286,469968.302465715,542030.005987133,622874.111246144,701852.161694407,789124.484507866,879435.930715104,905819.008636557,,,,,
,,,,,,,,(+) Other Bets EBITDA Loss (Gain)*,,,,,,,,,,3708.75,3543.15,6121.45,9135.6,7560.1,4567.0916,5510.12955,4645.5455085,4061.06909565,3758.640240125,7185.31791108987,5570.2717532,4879.4320094,3415.65763096,1917.625644989,-163.104497888025,-1804.63239229212,-3460.32486564936,-5069.9541272729,-6542.13161738398,-7313.51583669238,,,,,,
,,,,,,,,(-) Cash taxes,,,,-1909.78378175171,-2277.06734677828,-2543.72669432252,-2806.83741638825,-2770.09674877882,-3491.75851450966,-3442.17590729862,-5917,-6798.25,-8728.25,-9906.25,-12020.5,-22683.5,-17832,-21429.25,-29953.75,-39706.5,-43912.1979773321,-49658.6423387978,-56438.9531801135,-64491.5525566181,-73748.9208880295,-84523.9040911898,-98057.6707562466,-114715.31594175,-137828.345540906,-162801.497126354,,,,,,
,,,,,,,,(+/-) Changes in working capital,,,,485.987,-99,630,898,156,672,-409,3300,9246,4908,819,1827,-1523,-2235,-3845,-8406,618,-3551.39023758827,4426.73438695214,4374.12356006173,4036.17944100738,3925.15177685941,4250.93941957943,2359.39435850684,101.376975894371,-6221.92693500323,-6736.77918114012,,,,,,
,,,,,,,,(-) Capex,,,,-809.888,-4018,-3438,-3273,-7358,-10959,-9915,-9972,-13130,-25100,-23548,-22281,-24640,-31485,-32251,-52535,-91447,-184955.84497189,-249859.017304858,-293609.783685794,-335059.999082199,-371068.041350865,-402207.217962214,-426579.617060393,-447257.384131901,-463244.292963217,-473736.595472165,,,,,,
,,,,,,,,(+) Other Bets Capex*,,,,,,,,,,1225.9,884.35,649.75,-369.15,-868.25,1159.2,966,1023.5,1955,3105,3392.5,3680,4830,5117.5,5405,5405,5405,5405,5405,5405,5405,,,,,,
,,,,,,,,(-) Stock-based compensation,,,,-1164.054,-1376,-1974,-2661,-3127,-4175,-5203,-6703,-7679,-9353,-10794,-12859,-15376,-19362,-22460,-22785,-24953,-27780.7231408855,-30178.1413166897,-32452.6812574949,-35909.8403131577,-39368.8494728617,-43029.1292282223,-46668.93314469,-50241.5177173762,-53907.9036343431,-57619.8835175213,,,,,,
,,,,,,,,(+) Other Bets SBC*,,,,,,,,,,708.4,903.9,587.65,687.7,700.35,878.1584,645.82045,715.5244915,860.93090435,742.459759875,585.807088910125,789.2282468,1250.0679906,1635.71736904,2084.374355011,2727.60449788803,3104.13239229212,3494.82486564936,3839.4541272729,4046.63161738398,4128.01583669238,,,,,,
,,,,,,,,Unlevered free cash flow,,,,7602.80921824829,5383.93265322172,8241.27330567748,10536.1625836118,9369.90325122118,7696.24148549034,16299.8740927014,22602.4,32473.6,17092.9,20768.95,29050.95,49430.45,45602.57,47343.75,44412.35,30803.125,-26872.2932571758,-35109.7807256289,-32158.1104395343,-23862.4526956811,-2322.85746918229,23225.1941250863,59366.7846433208,93913.8208792738,130831.515434396,180760.675417923,214919.378802248,,,,,
,,,,,,,,% of Revenue,,,,0.434914382884496,0.24467972428748,0.283263673117395,0.268649445003997,0.216590075384785,0.146581115807834,0.268770802570679,0.307603532982213,0.364123207337721,0.1552587357961,0.157617555096837,0.193997622688632,0.233084438702133,0.194981935257674,0.18457026681429,0.150490142925881,0.0898285993409349,-0.0653498483739598,-0.0731550600825057,-0.0580078156429548,-0.0376158305671403,-0.00320005003130609,0.0282064562235411,0.0639954622043059,0.0904338264097175,0.112743830299621,0.140199755228383,0.16183842822258,,,,,
,,,,,,,,,,,,,,,,,,,,,,,,,,,,,,,,,,,,,,,,,,,,
,,,,,,,,Adj. EBITDA Margin,,,,0.629280099956736,0.597800399927286,0.535058775005156,0.468624901195849,0.519382353621044,0.488524902390249,0.488507073838341,0.497597953156684,0.487492010809235,0.417029238916189,0.431106186631049,0.4526240575897,0.502336481650013,0.47088904186317,0.469583794657477,0.509918066671636,0.510711265346592,0.543007644739501,0.581743226149131,0.605727207173029,0.627637057746941,0.647444839371786,0.658282792099804,0.671438025215298,0.675844896541364,0.680026648558107,0.682099145404486,0.682099145404486,,,,,
,,,,,,,,UFCF / Adj. EBITDA,,,,0.691130043544039,0.409300034455049,0.529406649044612,0.573271809326501,,,0.488975441324785,0.563564440865054,0.654743338619223,0.310511266612895,0.322669075802324,0.401549659530474,0.441181289393739,0.397312643322059,0.380231170461559,0.287934478182579,0.168957075396006,-0.117418743137546,-0.123591514333449,-0.0948012876492422,-0.05964518901508,-0.00494429921003421,0.0429916758084465,0.0958434990448419,0.134782174199282,0.167179230340638,0.20726525581059,0.23726525581059,,,,,
,,,,,,,,,,,,,,,,,,,,,,,,,,,,,,,,,,,,,,,,,,,,
,,,,,,,,NPV Calculations,,,,,,,,,,2015-12-31 00:00:00,2016-12-31 00:00:00,2017-12-31 00:00:00,2018-12-31 00:00:00,2019-12-31 00:00:00,2020-12-31 00:00:00,2021-12-31 00:00:00,2022-12-31 00:00:00,2023-12-31 00:00:00,2024-12-31 00:00:00,2025-12-31 00:00:00,2026-12-31 00:00:00,2027-12-31 00:00:00,2028-12-31 00:00:00,2029-12-31 00:00:00,2030-12-31 00:00:00,2031-12-31 00:00:00,2032-12-31 00:00:00,2033-12-31 00:00:00,2034-12-31 00:00:00,2035-12-31 00:00:00,,,,,,
,,,,,,,,Year for 1-year forward value,,,,,,,,,,,,,0,0,0,0,0,0,0,0,0,1,2,3,4,5,6,7,8,9,,,,,,
,,,,,,,,Discounted cash flows,,,,,,,,,,,,,,,,,,,,,-26872.2932571758,-32417.5516845542,-27415.4079022234,-18783.2770732538,-1688.22738768161,15585.4672416869,36783.7579878675,53727.1957793565,69108.1282069369,88160.2490911627,,,,,,
,,,,,,,,,,,,,,,,,,,,,,,,,Net income ,73795,100118,132170,138708.035480027,159607.04238441,178360.157038065,199722.953495981,225981.968597701,256241.673924945,296529.882804289,343708.043822034,411623.733897067,485129.239913531,,,,,,
,,,,,,,,,,,,,,,,,,,,,,,,,Net income conversion,0.612650682429516,0.665297768563189,0.754705129962085,0.621205841507375,0.571658899736537,0.531149472445261,0.501620153852947,0.480845128090711,0.472744444208921,0.476067117657275,0.489715730150715,0.52162078604591,0.551636819658998,,,,,,
,,,,,,,,Multiples Snapshot,,,,,,,2012-12-31 00:00:00,,,2015-12-31 00:00:00,2016-12-31 00:00:00,2017-12-31 00:00:00,2018-12-31 00:00:00,2019-12-31 00:00:00,2020-12-31 00:00:00,,,2023-12-31 00:00:00,2024-12-31 00:00:00,2025-12-31 00:00:00,,,,,,,,,,,,,,,,
,,,,,,,,Terminal Free Cash Flow,,,,,,,31727.21875,,,214919.378802248,214919.378802248,214919.378802248,214919.378802248,214919.378802248,214919.378802248,,,214919.378802248,214919.378802248,214919.378802248,,,,,,,,,,,,,,,,
,,,,,,,,Terminal FCF Multiple,,,,,,,18.8506743828761,,,18.8506743828761,18.8506743828761,18.8506743828761,18.8506743828761,18.8506743828761,18.8506743828761,,,18.8506743828761,18.8506743828761,18.8506743828761,,,,,,,,,,,,,,,,
,,,,,,,,Future Terminal Value,,,,,,,598079.46973053,,,4051375.22837116,4051375.22837116,4051375.22837116,4051375.22837116,4051375.22837116,4051375.22837116,,,4051375.22837116,4051375.22837116,4051375.22837116,,,,,,,,,,,,,,,,
,,,,,,,,Present Terminal Value,,,,,,,552218.547674023,,,4051375.22837116,4387835.86402455,4752239.05077799,5146905.37558653,5574348.14667092,6037289.39872972,,,4387835.86402455,4752239.05077799,4051375.22837116,,,,,,,,,,,,,,,,
,,,,,,,,Years to Terminal,,,,,,,1,,,0,-1,-2,-3,-4,-5,,,-1,-2,0,,,,,,,,,,,,,,,,
,,,,,,,,Present Value of Est. Free Cash Flow,,,,,,,0,,,0,-26872.2932571757,-59289.8449417299,-86705.2528439533,-105488.529917207,-107176.757304889,,,156188.041002122,156188.041002122,156188.041002122,,,,,,,,,,,,,,,,
,,,,,,,,,,,,,,,,,,,,,,,,,,,,,,,,,,,,,,,,,,,,
,,,,,,,,Total Present Value,,,,,,,552218.547674023,,,4051375.22837116,4360963.57076737,4692949.20583626,5060200.12274257,5468859.61675372,5930112.64142484,,,4544023.90502667,4908427.09178011,4207563.26937329,,,,,,,,,,,,,,,,
,,,,,,,,Multiple of Trailing adj. EBITDA,,,,,,,30.0461694147681,,,136.750665914101,119.272586242031,107.943444793363,110.21519695815,96.2725700938935,87.4905966571973,,,37.7247692444017,32.6171676553308,24.0256456384661,,,,,,,,,,,,,,,,
,,,,,,,,Multiple of Forward adj. EBITDA,,,,,,,24.5769080810905,,,110.805328566342,100.307378111311,102.216178903909,89.0786206165295,80.6854472817013,55.6656057056147,,,30.1956587657767,28.0276545828201,4.64503750667203,,,,,,,,,,,,,,,,
,,,,,,,,,,,,,,,,,,,,,,,,,,,,,,,,,,,,,,,,,,,,
,,,,,,,,Adj. EBITDA,,,,,,,,,,,,43476,,,,,,,,,,,,,,,,,,,,,,,,
,,,,,,,,Plus Alphabet EBITDA Losses,,,,,,,,,,,,6121.45,,,,,,,,,,,,,,,,,,,,,,,,
,,,,,,,,Less D&A ,,,,,,,,,,,,-6915,,,,,,,,,,,,,,,,,,,,,,,,
,,,,,,,,EBIT,,,,,,,,,,,,42682.45,,,,,,,,,,,,,,,,,,,,,,,,
,,,,,,,,Other Income,,,,,,,,,,,,3141,,,,,,,,,,,,,,,,,,,,,,,,
,,,,,,,,Pre-Tax Income,,,,,,,,,,,,45823.45,,,,,,,,,,,,,,,,,,,,,,,,
,,,,,,,,Less Taxes,,,,,,,,,,,,-22313.3672872954,,,,,,,,,,,,,,,,,,,,,,,,
,,,,,,,,Core Net Income,,,,,,,,,,,,23510.0827127046,,,,,,,,,,,,,,,,,,,,,,,,
,,,,,,,,Shares,,,,,,,,,,,,14019.295,,,,,,,,,,,,,,,,,,,,,,,,
,,,,,,,,Core EPS,,,,,,,,,,,,1.67698038401393,,112.528333310625,,,,,,,,,,,,,,,,,,,,,,
,,,,,,,,,,,,,,,,,,,,,,,,,,,,,,,,,,,,,,,,,,,,
,,,,,,,,,,,,,,,,,,,,,,,,,EPS,5.80092365137074,8.04338307658318,10.807031888798,11.3786035813535,13.123386195608,14.6989857640789,16.4928001668786,18.6929576397039,21.2253492456795,24.5889295869415,28.5229495975018,34.1750051076198,40.2848136698304,,,,,,
,,,,,,,,Core Fair value,,,,,,,,,,,,,,,,,,,,,,,,,,,,,,,,,,,,
,,,,,,,,PV of FCF,,,156188.041002122,,,,,,,,,,,,,,FCF,69495,72764,73266,24586.9786674124,17268.2456802448,21611.7321583557,43112.8269783763,76700.1265479001,117592.223251721,167266.694224844,220284.177880198,277176.862643943,346149.376873455,,,,,,
,,,,,,,,NPV of terminal value,,,1975928.93735975,,,,,,,,,,,,,,FCF conversion,0.576951814830804,0.483526706803291,0.418356858983144,0.11011312156759,0.0618490649189125,0.0643588810705583,0.108281309300605,0.163202765262016,0.216947810919738,0.26854012906429,0.313861223064967,0.351246055705398,0.393603859910507,,,,,,
,,,,,,,,Enterprise value,,,2132116.97836187,,,,,,,,,,,,,,,,,,,,,,,,,,,,,,,,,
,,,,,,,,(-) Debt,,,46547,,,,,,,,,,,,,,share count,12721.25,12447.25,12230,12190.2511576493,12162.0319638102,12134.181221805,12109.7055366664,12089.1499865016,12072.4361686112,12059.4872483497,12050.2279277644,12044.584414862,12042.4843934887,,,,,,
,,,,,,,,(+) Cash & equivalents,,,195530,,,,,,,,,,,,,,,,,,,,,,,,,,,,,,,,,
,,,,,,,,Equity value,,,2281099.97836187,,,,,,,,,,,,,,FCF per share,5.4629065539943,5.84578923055293,5.99067865903516,2.01693782592693,1.4198487334706,1.78106225408268,3.5601878879579,6.34454255539399,9.74055456656422,13.8701331806404,18.2804988586689,23.012571716624,28.7440170618462,,,,,,
,,,,,,,,Fully Diluted Shares,,,12088,,,,,,,,,,,,,,,,,,,,,,,,,,,,,,,,,
,,,,,,,,Equity fair value per share,,,188.707807607699,,,,,,,,,,,,,,,0.576951814830804,0.483526706803291,0.418356858983144,0.11011312156759,0.0618490649189125,0.0643588810705583,0.108281309300605,0.163202765262016,0.216947810919738,0.26854012906429,0.313861223064967,0.351246055705398,0.393603859910507,,,,,,
,,,,,,,,Terminal FCF multiple,,,18.8506743828761,,,,,,,,,,,,,,,69495,72764,73266,24586.9786674124,17268.2456802448,21611.7321583557,43112.8269783763,76700.1265479001,117592.223251721,167266.694224844,220284.177880198,277176.862643943,346149.376873455,,,,,,
,,,,,,,,,,,,,,,,,,,,,,,,,,12721.25,12447.25,12230,12190.2511576493,12162.0319638102,12134.181221805,12109.7055366664,12089.1499865016,12072.4361686112,12059.4872483497,12050.2279277644,12044.584414862,12042.4843934887,,,,,,
,,,,,,,,,,,,,,,,,,,,,,,,,,5.4629065539943,5.84578923055293,5.99067865903516,2.01693782592693,1.4198487334706,1.78106225408268,3.5601878879579,6.34454255539399,9.74055456656422,13.8701331806404,18.2804988586689,23.012571716624,28.7440170618462,,,,,,
,,,,,,,,Core DCF valuation assumptions,,,,,,,,,,,,,,,,,,,,,54.5381213967005,,,,,,,,,,,,,,,
,,,,,,,,,,,,,,,,,,,,,,,,,,,,,61.9751379507961,,,,,,,,,,,,,,,
,,,,,,,,Cost of Equity,,,0.08663,,,,,,,,,,,,,,,,,,,,,,,,,,,,,,,,,
,,,,,,,,Cost of Debt,,,0.02,,,,,,,,,,,,,,,,,,,,,,,,,,,,,,,,,
,,,,,,,,Marginal Tax-Rate,,,0.25,,,,,,,,,,,,,,,,,,,,,,,,,,,,,,,,,
,,,,,,,,Long-Term Debt / Total Cap.,,,0.05,,,,,,,,,,,,,,,,,,,,,,,,,,,,,,,,,
,,,,,,,,WACC,,,0.0830485,,,,,,,,,,,,,,,,,,,,,,,,,,,,,,,,,
,,,,,,,,Perpetual growth rate,,,0.03,,,,,,,,,,,,,,,,,,,,,,,,,,,,,,,,,
,,,,,,,,EV / EBITDA Mult. ('20e adj. EBITDA),,,31.4564322567405,,,,,,,,,,,,,,,,,,,,,,,,,,,,,,,,,
,,,,,,,,Price to Earnings Mult. ('20e GAAP EPS),,,33.6386378640296,,,,,,,,,,,,,,,,,,,,,,,,,,,,,,,,,
,,,,,,,,Terminal EBITDA Margin,,,0.510711265346592,,,,,,,,,,,,,,,,,,,,,,,,,,,,,,,,,
,,,,,,,,Terminal FCF Conversion,,,0.168957075396006,,,,,,,,,,,,,,,,,,,,,,,,,,,,,,,,,
,,,,,,,,,,,,,,,,,,,,,,,,,,,,,,,,,,,,,,,,,,,,
,,,,,,,,,,,,,,,,,,,,,,,,,,,,,,,,,,,,,,,,,,,,
,,,,,,,,,,,,,,,,,,,,,,,,,,,,,,,,,,,,,,,,,,,,
,,,,,,,,,,,,,,,,,,,,,,,,,,,,,,,,,,,,,,,,,,,,
,,,,,,,,,,,,2009-FY,2010-FY,2011-FY,2012-FY,2013-FY,2014-FY,2015-FY,2016-FY,2017-FY,2018-FY,2019-FY,2020-FY,2021-FY,2022-FY,2023-FY,2024-FY,2025-FY,,,,,,,,,,,,,,,,
,,,,,,,,Period-End Date,,,,2009-12-31 00:00:00,2010-12-31 00:00:00,2011-12-31 00:00:00,2012-12-31 00:00:00,2013-12-31 00:00:00,2014-12-31 00:00:00,2015-12-31 00:00:00,2016-12-31 00:00:00,2017-12-31 00:00:00,2018-12-31 00:00:00,2019-12-31 00:00:00,2020-12-31 00:00:00,2021-12-31 00:00:00,2022-12-31 00:00:00,2023-12-31 00:00:00,2024-12-31 00:00:00,2025-12-31 00:00:00,,,,,,,,,,,,,,,,
,,,,,,,,Morgan Stanley | Google DCF,,,,,,,,,,,,,,,,,,,,,,,,,,,,,,,,,,,,
,,,,,,,,(USD millions),,,,2009-12-31 00:00:00,2010-12-31 00:00:00,2011-12-31 00:00:00,2012-12-31 00:00:00,2013-12-31 00:00:00,2014-12-31 00:00:00,2015-12-31 00:00:00,2016-12-31 00:00:00,2017-12-31 00:00:00,2018-12-31 00:00:00,2019-12-31 00:00:00,2020-12-31 00:00:00,2021-12-31 00:00:00,2022-12-31 00:00:00,2023-12-31 00:00:00,2024-12-31 00:00:00,2025-12-31 00:00:00,2026-12-31 00:00:00,2027-12-31 00:00:00,2028-12-31 00:00:00,2029-12-31 00:00:00,2030-12-31 00:00:00,2031-12-31 00:00:00,2032-12-31 00:00:00,2033-12-31 00:00:00,2034-12-31 00:00:00,2035-12-31 00:00:00,2036-12-31 00:00:00,2037-12-31 00:00:00,2038-12-31 00:00:00,2039-12-31 00:00:00,2040-12-31 00:00:00,TY - 2040
,,,,,,,,,,,,,,,,,,,,,,,,,,,,,,,,,,,,,,,,,,,,
,,,,,,,,Non-Core Discounted cash flow analysis,,,,,,,,,,,,,,,,,,,,,,,,,,,,,,,,,,,,
,,,,,,,,Other Bets Revenue,,,,,,,,,,448,810,477,595,659,657,753,1068,1527,1625.095,1491.26132682039,2269.99663334777,4002.86477395078,5618.47337909654,7652.16443332402,10703.0342162953,13138.0617191557,16167.0342362678,20059.7821665755,24716.7188378585,30781.5944145178,37653.3859276238,45296.7529774974,53652.3474768856,62639.6006970966,72160.5551384209,74325.3717925735
,,,,,,,,% change Y/Y,,,,,,,,,,,0.808035714285714,-0.411111111111111,0.247379454926625,0.107563025210084,-0.00303490136570561,0.146118721461187,0.418326693227092,0.429775280898876,0.0642403405370006,-0.0823543689320388,0.522199089134678,0.763379167680701,0.403613086222539,0.361965060080877,0.398693704187177,0.227508148965178,0.230549420596479,0.240783057264456,0.232152903387091,0.245375432574394,0.223243520805571,0.202992821537097,0.184463431706444,0.167509040011396,0.151995771610428,0.03
,,,,,,,,,,,,,,,,,,,,,,,,,,,,,,,,,,,,,,,,,,,,
,,,,,,,,Other Bets EBITDA Loss*,,,,,,,,,,-3708.75,-3543.15,-6121.45,-9135.6,-7560.1,-4567.0916,-5510.12955,-4645.5455085,-4061.06909565,-3758.640240125,-7185.31791108987,-5570.2717532,-4879.4320094,-3415.65763096,-1917.625644989,163.104497888025,1804.63239229212,3460.32486564936,5069.9541272729,6542.13161738398,7313.51583669238,6943.92074600027,9485.90563519829,12577.0170284326,16249.7710944997,20523.6814689616,24527.3726915493
,,,,,,,,Other Bets Capex,,,,,,,,,,-1225.9,-884.35,-649.75,369.15,868.25,-1159.2,-966,-1023.5,-1955,-3105,-3392.5,-3680,-4830,-5117.5,-5405,-5405,-5405,-5405,-5405,-5405,-5405,,,,,,
,,,,,,,,Other Bets SBC,,,,,,,,,,-708.4,-903.9,-587.65,-687.7,-700.35,-878.1584,-645.82045,-715.5244915,-860.93090435,-742.459759875,-585.807088910125,-789.2282468,-1250.0679906,-1635.71736904,-2084.374355011,-2727.60449788803,-3104.13239229212,-3494.82486564936,-3839.4541272729,-4046.63161738398,-4128.01583669238,,,,,,
,,,,,,,,Unlevered free cash flow,,,,,,,,,,-5643.05,-5331.4,-7358.85,-9454.15,-7392.2,-6604.45,-7121.95,-6384.57,-6877,-7606.1,-11163.625,-10039.5,-10959.5,-10168.875,-9407,-7969.5,-6704.5,-5439.5,-4174.5,-2909.5,-2219.5,-1180.46652682005,-664.01339446388,-125.770170284326,487.493132834992,820.947258758463,4414.92708447887
,,,,,,,,,,,,,,,,,,,,,,,,,,,,,,,,,,,,,,,,,,,,
,,,,,,,,Adj. EBITDA Margin,,,,,,,,,,-8.27845982142857,-4.37425925925926,-12.8332285115304,-15.3539495798319,-11.4720789074355,-6.95143318112633,-7.31756912350598,-4.34976171207865,-2.65950824862475,-2.31287416435655,-4.81828220303288,-2.45386784780602,-1.21898497325056,-0.607933401209644,-0.250599116328189,0.0152390896442897,0.137359104475884,0.214035846963617,0.252742232451591,0.264684469662025,0.237593795116833,0.18441690102844,0.20941690102844,0.23441690102844,0.25941690102844,0.28441690102844,0.33
,,,,,,,,UFCF / Adj. EBITDA,,,,,,,,,,N/A,N/A,N/A,N/A,N/A,N/A,N/A,N/A,N/A,N/A,N/A,N/A,N/A,N/A,N/A,N/A,N/A,N/A,N/A,N/A,N/A,-0.17,-0.07,-0.00999999999999999,0.03,0.04,0.18
,,,,,,,,,,,,,,,,,,,,,,,,,,,,,,,,,,,,,,,,,,,,
,,,,,,,,NPV Calculations,,,,,,,,,,2015-12-31 00:00:00,2016-12-31 00:00:00,2017-12-31 00:00:00,2018-12-31 00:00:00,2019-12-31 00:00:00,2020-12-31 00:00:00,2021-12-31 00:00:00,2022-12-31 00:00:00,2023-12-31 00:00:00,2024-12-31 00:00:00,2025-12-31 00:00:00,2026-12-31 00:00:00,2027-12-31 00:00:00,2028-12-31 00:00:00,2029-12-31 00:00:00,2030-12-31 00:00:00,2031-12-31 00:00:00,2032-12-31 00:00:00,2033-12-31 00:00:00,2034-12-31 00:00:00,2035-12-31 00:00:00,2036-12-31 00:00:00,2037-12-31 00:00:00,2038-12-31 00:00:00,2039-12-31 00:00:00,2040-12-31 00:00:00,
,,,,,,,,Year for 1-year forward value,,,,,,,,,,,,,0,0,0,0,0,0,0,0,1,2,3,4,5,6,7,8,9,10,11,12,13,14,15,
,,,,,,,,Discounted cash flows,,,,,,,,,,,,,,,,,,,,-11163.625,-9269.66797885782,-9343.18462116607,-8004.40755542509,-6836.90465154174,-5348.00185150929,-4154.11929265406,-3111.88575553215,-2205.06412573443,-1419.01574630488,-999.484577904766,-490.825050045921,-254.918865837151,-44.5815209927062,159.550375063269,248.082813728659,
,,,,,,,,,,,,,,,,,,,,,,,,,,,,,,,,,,,,,,,,,,,,
,,,,,,,,Non-Core Fair value,,,,,,,,,,,,,,,,,,,,,,,,,,,,,,,,,,,,
,,,,,,,,PV of FCF,,,-62238.0534047142,,,,,,,,,,,,,,,,,,,,,,,,,,,,,,,,,
,,,,,,,,NPV of terminal value,,,25149.6444093475,,,,,,,,,,,,,,,,,,,,,,,,,,,,,,,,,
,,,,,,,,Enterprise value,,,-37088.4089953667,,,,,,,,,,,,,,,,,,,,,,,,,,,,,,,,,
,,,,,,,,(-) Debt,,,,,,,,,,,,,,,,,,,,,,,,,,,,,,,,,,,,
,,,,,,,,(+) Cash & equivalents,,,,,,,,,,,,,,,,,,,,,,,,,,,,,,,,,,,,
,,,,,,,,Equity value,,,-37088.4089953667,,,,,,,,,,,,,,,,,,,,,,,,,,,,,,,,,
,,,,,,,,Fully Diluted Shares,,,12088,,,,,,,,,,,,,,,,,,,,,,,,,,,,,,,,,
,,,,,,,,Equity fair value per share,,,-3.06820061179407,,,,,,,,,,,,,,,,,,,,,,,,,,,,,,,,,
,,,,,,,,,,,,,,,,,,,,,,,,,,,,,,,,,,,,,,,,,,,,
,,,,,,,,,,,,,,,,,,,,,,,,,,,,,,,,,,,,,,,,,,,,
,,,,,,,,,,,,,,,,,,,,,,,,,,,,,,,,,,,,,,,,,,,,
,,,,,,,,Non-Core DCF valuation assumptions,,,,,,,,,,,,,,,,,,,,,,,,,,,,,,,,,,,,
,,,,,,,,,,,,,,,,,,,,,,,,,,,,,,,,,,,,,,,,,,,,
,,,,,,,,Cost of Equity,,,0.08663,,,,,,,,,,,,,,,,,,,,,,,,,,,,,,,,,
,,,,,,,,Cost of Debt,,,0.02,,,,,,,,,,,,,,,,,,,,,,,,,,,,,,,,,
,,,,,,,,Marginal Tax-Rate,,,0.25,,,,,,,,,,,,,,,,,,,,,,,,,,,,,,,,,
,,,,,,,,Long-Term Debt / Total Cap.,,,0.05,,,,,,,,,,,,,,,,,,,,,,,,,,,,,,,,,
,,,,,,,,WACC,,,0.0830485,,,,,,,,,,,,,,,,,,,,,,,,,,,,,,,,,
,,,,,,,,Perpetual growth rate,,,0.03,,,,,,,,,,,,,,,,,,,,,,,,,,,,,,,,,
,,,,,,,,,,,,,,,,,,,,,,,,,,,,,,,,,,,,,,,,,,,,
,,,,,,,,,,,,,,,,,,,,,,,,,,,,,,,,,,,,,,,,,,,,
,,,,,,,,,,,,,,,,,,,,,,,,,,,,,,,,,,,,,,,,,,,,
,,,,,,,,Total Company,,,,,,,,,,,,,,,,,,,,,,,,,,,,,,,,,,,,
,,,,,,,,Net revenue,,,,,,,,43261,52505,60646,73479,89183,110093,131768,149749,212071,233881,256508,295118,342910,,,,,,,,,,,,,,,,
,,,,,,,,% change Y/Y,,,,,,,,,,,,,,,,,,,,,,,,,,,,,,,,,,,,
,,,,,,,,,,,,,,,,,,,,,,,,,,,,,,,,,,,,,,,,,,,,
,,,,,,,,Adj. EBIT,,,,,,,,22469,25650,29626,36563,43476,45912,56806,67780,106531,110132,120452,150486,175128,,,,,,,,,,,,,,,,
,,,,,,,,(-) Cash taxes,,,,,,,,-2770.09674877882,-3491.75851450966,-3442.17590729862,-5917,-6798.25,-8728.25,-9906.25,-12020.5,-22683.5,-17832,-21429.25,-29953.75,-39706.5,,,,,,,,,,,,,,,,
,,,,,,,,(+/-) Changes in working capital,,,,,,,,156,672,-409,3300,9246,4908,819,1827,-1523,-2235,-3845,-8406,618,,,,,,,,,,,,,,,,
,,,,,,,,(-) Capex,,,,,,,,-7358,-10959,-9915,-9972,-13130,-25100,-23548,-22281,-24640,-31485,-32251,-52535,-91447,,,,,,,,,,,,,,,,
,,,,,,,,(-) Stock-based compensation,,,,,,,,-3127,-4175,-5203,-6703,-7679,-9353,-10794,-12859,-15376,-19362,-22460,-22785,-24953,,,,,,,,,,,,,,,,
,,,,,,,,Unlevered free cash flow,,,,,,,,9369.90325122118,7696.24148549034,10656.8240927014,17271,25114.75,7638.75,13376.75,22446.5,42308.5,39218,40466.75,36806.25,19639.5,,,,,,,,,,,,,,,,
,,,,,,,,,,,,,,,,,,,,,,,,,,,,,,,,,,,,,,,,,,,,
,,,,,,,,Current Market Price ,,,622.36,,,,,,,,,,,,,,,,,,,,,,,,,,,,,,,,,
,,,,,,,,Fully Diluted Shares,,,12088,,,,,,,,,,,,,,,,,,,,,,,,,,,,,,,,,
,,,,,,,,Equity Value,,,7523087.68,,,,,,,,,,,,,,,,,,,,,,,,,,,,,,,,,
,,,,,,,,(+) Debt,,,46547,,,,,,,,,,,,,,,,,,,,,,,,,,,,,,,,,
,,,,,,,,(-) Cash & equivalents,,,195530,,,,,,,,,,,,,,,,,,,,,,,,,,,,,,,,,
,,,,,,,,Enterprise Value,,,7374104.68,,,,,,,,,,,,,,,,,,,,,,,,,,,,,,,,,
,,,,,,,,Bear,,,,,,,,,,,,,,,,,,,,,,,,,,,,,,,,,,,,
,,,,,,,,Current Price,,,,,,,,,,,,,,,,,,,,,,,,,,,,,,,,,,,,
,,,,,,,,EV/Gross Revenue,,,,,,,,,,,,,,,,,,,,,,,,,,,,,,,,,,,,
,,,,,,,,EV/Net Revenue,,,,,,,,,,,100.356628152261,82.6850933473868,,,,,,,,,,,,,,,,,,,,,,,,
,,,,,,,,EV/EBITDA,,,,,,,,,,,201.682156278205,169.613227527831,,,,,,,,,,,,,,,,,,,,,,,,
,,,,,,,,EV/FCF,,,,,,,,,,,307.587581546676,224.86311202592,,,,,,,,,,,,,,,,,,,,,,,,
,,,,,,,,,,,,,,,,,,,,,,,,,,,,,,,,,,,,,,,,,,,,
,,,,,,,,EV/Gross Revenue,,,,,,,,,,,,,,,,,,,,,,,,,,,,,,,,,,,,
,,,,,,,,EV/Net Revenue,,,,,,,,,,,29.358954568941,24.1892134461861,,,,,,,,,,,,,,,,,,,,,,,,
,,,,,,,,EV/EBITDA,,,,,,,,,,,59.0013571854393,49.6197125487906,,,,,,,,,,,,,,,,,,,,,,,,
,,,,,,,,EV/FCF,,,,,,,,,,,89.9835915062659,65.7828587084801,,,,,,,,,,,,,,,,,,,,,,,,
