,,,,,,,,,,,397.101019628317,,,,,,,,,,,,,,,,,,,,,,,,,,,,,,,,,
,,,,,,,,,,,,,,,,,,,,,,,,,,,,,,,,,,,,,,,,,,,,
,,,,,,,,Bull Case Valuation ,,,,,,,,,,,,,,,,,,,,,,,,,,,,,,,,,,,,
,,,,,,,,Core Google Value,,,396.985812935245,,,,,,,,,,,,,,,,,,,,,,,,,,,,,,,,,
,,,,,,,,Less Other Bets Losses,,,0.115206693071591,,,,,,,,,,,,,,,,,,,,,,,,,,,,,,,,,
,,,,,,,,Total Bull Case Value,,,397.101019628317,,,,,,,,,,,,,,,,,,,,,,,,,,,,,,,,,
,,,,,,,,Current Market Price,,,315,,,,,,,,,,,,,,,,,,,,,,,,,,,,,,,,,
,,,,,,,,% Upside (Downside),,,0.260638157550211,,,,,,,,,,,,,,,,,,,,,,,,,,,,,,,,,
,,,,,,,,,,,,,,,,,,,,,,,,,,,,,,,,,,,,,,,,,,,,
,,,,,,,,,,,,,,,,,,,,,,,,,,,,,,,,,,,,,,,,,,,,
,,,,,,,,,,,,,,,,,,,,,,,,,,,,,,,,,,,,,,,,,,,,
,,,,,,,,Period-End Date,,,,2009-12-31 00:00:00,2010-12-31 00:00:00,2011-12-31 00:00:00,2012-12-31 00:00:00,2013-12-31 00:00:00,2014-12-31 00:00:00,2015-12-31 00:00:00,2016-12-31 00:00:00,2017-12-31 00:00:00,2018-12-31 00:00:00,2019-12-31 00:00:00,2020-12-31 00:00:00,2021-12-31 00:00:00,2022-12-31 00:00:00,2023-12-31 00:00:00,2024-12-31 00:00:00,2025-12-31 00:00:00,2026-12-31 00:00:00,2027-12-31 00:00:00,2028-12-31 00:00:00,2029-12-31 00:00:00,2030-12-31 00:00:00,,,,,,,,,,,
,,,,,,,,Morgan Stanley | Google DCF,,,,,,,,,,,,,,,,,,,,,,,,,,,,,,,,,,,,
,,,,,,,,(USD millions),,,,2009-12-31 00:00:00,2010-12-31 00:00:00,2011-12-31 00:00:00,2012-12-31 00:00:00,2013-12-31 00:00:00,2014-12-31 00:00:00,2015-12-31 00:00:00,2016-12-31 00:00:00,2017-12-31 00:00:00,2018-12-31 00:00:00,2019-12-31 00:00:00,2020-12-31 00:00:00,2021-12-31 00:00:00,2022-12-31 00:00:00,2023-12-31 00:00:00,2024-12-31 00:00:00,2025-12-31 00:00:00,2026-12-31 00:00:00,2027-12-31 00:00:00,2028-12-31 00:00:00,2029-12-31 00:00:00,2030-12-31 00:00:00,2031-12-31 00:00:00,2032-12-31 00:00:00,2033-12-31 00:00:00,2034-12-31 00:00:00,2035-12-31 00:00:00,TY - 2030,,,,,
,,,,,,,,,,,,,,,,,,,,,,,,,,,,,,,,,,,,,,,,,,,,
,,,,,,,,Core Discounted cash flow analysis,,,,,,,,,,,,,,,,,,,,,,,,,,,,,,,,,,,,
,,,,,,,,Net revenue,,,,17481.163,22004,29094,39219,43261,52505,60646,73479,89183,110093,131768,149749,212071,233881,256508,295118,342910,424923.065750791,512942.367719878,607888.928833484,713844.79632108,831094.646551515,959369.671058172,1100047.54521101,1253447.91301515,1419444.13793589,1598377.8162635,1646329.15075141,,0.189164441506779,,,
,,,,,,,,% change Y/Y,,,,NA,0.258726321583981,0.322214142883112,0.348009898948237,0.103062291236391,0.213679757749474,0.155051899819065,0.211605052270554,0.213720927067598,0.234461724768173,0.196879002298057,0.136459534940198,0.416176401845755,0.10284291581593,0.096745780974085,0.150521621158014,0.161942002859873,0.239167903388035,0.207141737089669,0.185101810824599,0.174301360761614,0.164251180137057,0.154344664640679,0.146635732186188,0.139448852435483,0.132431689579694,0.126058978684296,0.03,,,,,
,,,,,,,,,,,,,,,,,,,,,,,,,,,,,,,,,,,,,,,,,,,,
,,,,,,,,Adj. EBITDA,,,,11000.548,13154,15567,18379,22469,25650,29626,36563,43476,45912,56806,67780,106531,110132,120452,150486,175128,248158.318824607,309172.537548053,377941.085995047,459456.964392064,551385.454284121,647605.987710269,751539.310055645,861864.388069644,981938.308556743,1109033.08184792,1142304.07430336,,,,,
,,,,,,,,(+) Other Bets EBITDA Loss (Gain)*,,,,,,,,,,2902.5,2772.9,4790.7,7149.6,5916.6,3574.2456,4312.2753,3635.644311,3178.2279879,2941.54453575,5623.29227824425,4359.3431112,3818.6859204,2673.12336336,1500.750504774,-127.64699834715,-1412.3210026634,-2708.08032963863,-3967.7901865614,-5119.92909186572,-5723.62108958534,,,,,,
,,,,,,,,(-) Cash taxes,,,,-1909.78378175171,-2277.06734677828,-2543.72669432252,-2806.83741638825,-2770.09674877882,-3491.75851450966,-3442.17590729862,-5243.91637766182,-12731.5883263619,-4467.29216332382,-5961.66679502485,-8127.61332482919,-22683.5,-17832,-21429.25,-29953.75,-39706.5,-43912.1979773321,-49658.6423387978,-56438.9531801135,-64491.5525566181,-73748.9208880295,-84523.9040911898,-98057.6707562466,-114715.31594175,-137828.345540906,-162801.497126354,,,,,,
,,,,,,,,(+/-) Changes in working capital,,,,485.987,-99,630,898,156,672,-409,3300,9246,4908,819,1827,-1523,-2235,-3845,-8406,618,-3551.39023758827,4426.73438695214,4374.12356006173,4036.17944100738,3925.15177685941,4250.93941957943,2359.39435850684,101.376975894371,-6221.92693500323,-6736.77918114012,,,,,,
,,,,,,,,(-) Capex,,,,-809.888,-4018,-3438,-3273,-7358,-10959,-9915,-9972,-13130,-25100,-23548,-22281,-24640,-31485,-32251,-52535,-91447,-184955.84497189,-249859.017304858,-293609.783685794,-335059.999082199,-371068.041350865,-402207.217962214,-426579.617060393,-447257.384131901,-463244.292963217,-473736.595472165,,,,,,
,,,,,,,,(+) Other Bets Capex*,,,,,,,,,,959.4,692.1,508.5,-288.9,-679.5,907.2,756,801,1530,2430,2655,2880,3780,4005,4230,4230,4230,4230,4230,4230,4230,,,,,,
,,,,,,,,(-) Stock-based compensation,,,,-1164.054,-1376,-1974,-2661,-3127,-4175,-5203,-6703,-7679,-9353,-10794,-12859,-15376,-19362,-22460,-22785,-24953,-27780.7231408855,-30178.1413166897,-32452.6812574949,-35909.8403131577,-39368.8494728617,-43029.1292282223,-46668.93314469,-50241.5177173762,-53907.9036343431,-57619.8835175213,,,,,,
,,,,,,,,(+) Other Bets SBC*,,,,,,,,,,585.2,707.4,459.9,538.2,548.1,687.2544,505.4247,559.975689,673.7720121,581.05546425,458.45772175575,617.6568888,978.3140796,1280.12663664,1631.249495226,2134.64699834715,2429.3210026634,2735.08032963863,3004.7901865614,3166.92909186572,3230.62108958534,,,,,,
,,,,,,,,Unlevered free cash flow,,,,7602.80921824829,5383.93265322172,8241.27330567748,10536.1625836118,9369.90325122118,7696.24148549034,15103.9240927014,22116.4836223382,24940.5116736381,19298.6078366762,23106.5332049751,31508.0866751708,47882.2,44214.62,45848.75,42758.85,28376.25,-4184.8375030884,-7519.52902534024,7772.04143170653,35393.7518810968,77361.7943492243,127343.675848222,186849.483452822,253018.54725451,323012.839483274,409875.326550738,424361.679227801,,,,,
,,,,,,,,% of Revenue,,,,0.434914382884496,0.24467972428748,0.283263673117395,0.268649445003997,0.216590075384785,0.146581115807834,0.249050623168904,0.300990536375538,0.279655446370252,0.17529368658022,0.175357698416726,0.210405990525284,0.2257838176837,0.189047507065559,0.178741988553963,0.144887299317561,0.0827513050071447,-0.0098484592633122,-0.014659598228873,0.0127852985357387,0.0495818587786932,0.0930842169062499,0.132736816359604,0.169855825110706,0.201858046614699,0.227562910614424,0.256432066549131,0.257762355136649,,,,,
,,,,,,,,,,,,,,,,,,,,,,,,,,,,,,,,,,,,,,,,,,,,
,,,,,,,,Adj. EBITDA Margin,,,,0.629280099956736,0.597800399927286,0.535058775005156,0.468624901195849,0.519382353621044,0.488524902390249,0.488507073838341,0.497597953156684,0.487492010809235,0.417029238916189,0.431106186631049,0.4526240575897,0.502336481650013,0.47088904186317,0.469583794657477,0.509918066671636,0.510711265346592,0.584007644739501,0.602743226149132,0.621727207173029,0.643637057746941,0.663444839371786,0.675032792099804,0.683188025215298,0.687594896541364,0.691776648558107,0.693849145404486,0.693849145404486,,,,,
,,,,,,,,UFCF / Adj. EBITDA,,,,0.691130043544039,0.409300034455049,0.529406649044612,0.573271809326501,,,0.464328945161977,0.562246792938211,0.51672295130262,0.363701958415807,0.368392464677407,0.441572697044544,0.431981100074909,0.388639672270378,0.370853882146746,0.278690831749815,0.156990578835355,-0.0165724546592397,-0.024024728048319,0.0204197353661801,0.0767830773567113,0.14033686838855,0.197067353657373,0.249521489002521,0.294928955166451,0.330678503060341,0.371496249356024,0.371496249356024,,,,,
,,,,,,,,,,,,,,,,,,,,,,,,,,,,,,,,,,,,,,,,,,,,
,,,,,,,,NPV Calculations,,,,,,,,,,2015-12-31 00:00:00,2016-12-31 00:00:00,2017-12-31 00:00:00,2018-12-31 00:00:00,2019-12-31 00:00:00,2020-12-31 00:00:00,2021-12-31 00:00:00,2022-12-31 00:00:00,2023-12-31 00:00:00,2024-12-31 00:00:00,2025-12-31 00:00:00,2026-12-31 00:00:00,2027-12-31 00:00:00,2028-12-31 00:00:00,2029-12-31 00:00:00,2030-12-31 00:00:00,2031-12-31 00:00:00,2032-12-31 00:00:00,2033-12-31 00:00:00,2034-12-31 00:00:00,2035-12-31 00:00:00,,,,,,
,,,,,,,,Year for 1-year forward value,,,,,,,,,,,,,0,0,0,0,0,0,0,0,0,1,2,3,4,5,6,7,8,9,,,,,,
,,,,,,,,Discounted cash flows,,,,,,,,,,,,,,,,,,,,,-4184.8375030884,-6942.92917199945,6625.81486197236,27860.1138249701,56225.7054999285,85455.0742473543,115772.249091478,144749.483056669,170622.595399732,199903.606254459,,,,,,
,,,,,,,,Net Income,,,,,,,,,,,,,,,,76033,59972,73795,100118,132170,154157.397272496,176741.232643473,200743.208441658,230472.873167155,265131.009392603,306152.13272646,357783.153144329,422068.548094424,512199.43235796,611783.482167203,,,,,,
,,,,,,,,Conversion,,,,,,,,,,,,,,,,0.713717133979781,0.544546544147024,0.612650682429516,0.665297768563189,0.754705129962085,0.621205841507375,0.571658899736537,0.531149472445261,0.501620153852947,0.480845128090711,0.472744444208921,0.476067117657275,0.489715730150715,0.52162078604591,0.551636819658998,,,,,,
,,,,,,,,Multiples Snapshot,,,,,,,2012-12-31 00:00:00,,,2015-12-31 00:00:00,2016-12-31 00:00:00,2017-12-31 00:00:00,2018-12-31 00:00:00,2019-12-31 00:00:00,2020-12-31 00:00:00,2021-12-31 00:00:00,2022-12-31 00:00:00,2023-12-31 00:00:00,2024-12-31 00:00:00,2025-12-31 00:00:00,,,,,,,,,,,,,,,,
,,,,,,,,Terminal Free Cash Flow,,,,,,,29227.5375,,,424361.679227801,424361.679227801,424361.679227801,424361.679227801,424361.679227801,424361.679227801,424361.679227801,424361.679227801,424361.679227801,424361.679227801,424361.679227801,,,,,,,,,,,,,,,,
,,,,,,,,Terminal FCF Multiple,,,,,,,18.8506743828761,,,18.8506743828761,18.8506743828761,18.8506743828761,18.8506743828761,18.8506743828761,18.8506743828761,18.8506743828761,18.8506743828761,18.8506743828761,18.8506743828761,18.8506743828761,,,,,,,,,,,,,,,,
,,,,,,,,Future Terminal Value,,,,,,,550958.792425799,,,7999503.83569378,7999503.83569378,7999503.83569378,7999503.83569378,7999503.83569378,7999503.83569378,7999503.83569378,7999503.83569378,7999503.83569378,7999503.83569378,7999503.83569378,,,,,,,,,,,,,,,,
,,,,,,,,Present Terminal Value,,,,,,,508711.09874193,,,7999503.83569378,8663850.62999239,9383370.42903732,10162645.2681132,11006637.7136621,11920722.4658252,12910720.5855283,13982936.5640755,15144198.4713172,16401901.4380623,7999503.83569378,,,,,,,,,,,,,,,,
,,,,,,,,Years to Terminal,,,,,,,1,,,0,-1,-2,-3,-4,-5,-6,-7,-8,-9,0,,,,,,,,,,,,,,,,
,,,,,,,,Present Value of Est. Free Cash Flow,,,,,,,0,,,0,-4184.8375030884,-11127.7666750878,-4501.95181311549,23358.1620118546,79583.8675117831,796086.875561475,796086.875561475,796086.875561475,796086.875561475,796086.875561475,,,,,,,,,,,,,,,,
,,,,,,,,,,,,,,,,,,,,,,,,,,,,,,,,,,,,,,,,,,,,
,,,,,,,,Total Present Value,,,,,,,508711.09874193,,,7999503.83569378,8659665.79248931,9372242.66236223,10158143.3163001,11029995.875674,12000306.333337,13706807.4610898,14779023.439637,15940285.3468786,17197988.3136238,8795590.71125525,,,,,,,,,,,,,,,,
,,,,,,,,Multiple of Trailing adj. EBITDA,,,,,,,27.6789324088324,,,270.016331455268,236.842321267109,215.572791019464,221.252468119448,194.169557364961,177.047895151032,128.664965700967,134.19372607087,132.337240949745,114.28297857358,50.223783240003,,,,,,,,,,,,,,,,
,,,,,,,,Multiple of Forward adj. EBITDA,,,,,,,22.6405758485883,,,218.786856540595,199.182670726132,204.13492468989,178.821661731157,162.732308581794,112.646143689039,124.457990966202,122.696372327873,105.925370777871,98.202390900506,7.69986810790229,,,,,,,,,,,,,,,,
,,,,,,,,,,,,,,,,,,,,,,,,,,,,,,,,,,,,,,,,,,,,
,,,,,,,,Adj. EBITDA,,,,,,,,,,,,43476,,,,,,,,,,,,,,,,,,,,,,,,
,,,,,,,,Plus Alphabet EBITDA Losses,,,,,,,,,,,,4790.7,,,,,,,,,,,,,,,,,,,,,,,,
,,,,,,,,Less D&A ,,,,,,,,,,,,-6915,,,,,,,,,,,,,,,,,,,,,,,,
,,,,,,,,EBIT,,,,,,,,,,,,41351.7,,,,,,,,,,,,,,,,,,,,,,,,
,,,,,,,,Other Income,,,,,,,,,,,,3141,,,,,,,,,,,,,,,,,,,,,,,,
,,,,,,,,Pre-Tax Income,,,,,,,,,,,,44492.7,,,,,,,,,,,,,,,,,,,,,,,,
,,,,,,,,Less Taxes,,,,,,,,,,,,-21665.3690785711,,,,,,,,,,,,,,,,,,,,,,,,
,,,,,,,,Core Net Income,,,,,,,,,,,,22827.3309214289,,,,,,,,,,,,,,,,,,,,,,,,
,,,,,,,,Shares,,,,,,,,,,,,14019.295,,,,,,,,,,,,,,,,,,,,,,,,
,,,,,,,,Core EPS,,,,,,,,,,,,1.62827951915049,,243.806919061637,,,,,,,,,,,,,,,,,,,,,,
,,,,,,,,,,,,,,,,,,,,,,,,,,,,,,,,,,,,,,,,,,,,
,,,,,,,,,,,,,,,,,,,,,,,,5.60985282372233,4.55766061570064,5.80092365137074,8.04338307658318,10.807031888798,12.6459574358944,14.5322124764506,16.543613843588,19.0320790600001,21.9313193804892,25.3595983818467,29.6681895155444,35.0257730081564,42.5252889361587,50.8020988175822,,,,,,
,,,,,,,,Core Fair value,,,,,,,,,,,,,,,,,,,,,,,,,,,,,,,,,,,,
,,,,,,,,PV of FCF,,,796086.875561475,,,,,,,,,,,,,,,,,,,,,,,,,,,,,,,,,
,,,,,,,,NPV of terminal value,,,3901502.63119977,,,,,,,,,,,,,,,,,,,,,,,,,,,,,,,,,
,,,,,,,,Enterprise value,,,4697589.50676124,,,,,,,,,,,,,,,,,,,,,,,,,,,,,,,,,
,,,,,,,,(-) Debt,,,46547,,,,,,,,,,,,,,,,,,,,,,,,,,,,,,,,,
,,,,,,,,(+) Cash & equivalents,,,147722,,,,,,,,,,,,,,,,,,,,,,,,,,,,,,,,,
,,,,,,,,Equity value,,,4798764.50676124,,,,,,,,,,,,,,,,,,,,,,,,,,,,,,,,,
,,,,,,,,Fully Diluted Shares,,,12088,,,,,,,,,,,,,,,,,,,,,,,,,,,,,,,,,
,,,,,,,,Equity fair value per share,,,396.985812935245,,,,,,,,,,,,,,,,,,,,,,,,,,,,,,,,,
,,,,,,,,Terminal FCF multiple,,,18.8506743828761,,,,,,,,,,,,,,,,,,,,,,,,,,,,,,,,,
,,,,,,,,,,,,,,,,,,,,,,,,,,,,,,,,,,,,,,,,,,,,
,,,,,,,,,,,,,,,,,,,,,,,,,,,,,,,,,,,,,,,,,,,,
,,,,,,,,Core DCF valuation assumptions,,,,,,,,,,,,,,,,,,,,,,,,,,,,,,,,,,,,
,,,,,,,,,,,,,,,,,,,,,,,,,,,,,,,,,,,,,,,,,,,,
,,,,,,,,Cost of Equity,,,0.08663,,,,,,,,,,,,,,,,,,,,,,,,,,,,,,,,,
,,,,,,,,Cost of Debt,,,0.02,,,,,,,,,,,,,,,,,,,,,,,,,,,,,,,,,
,,,,,,,,Marginal Tax-Rate,,,0.25,,,,,,,,,,,,,,,,,,,,,,,,,,,,,,,,,
,,,,,,,,Long-Term Debt / Total Cap.,,,0.05,,,,,,,,,,,,,,,,,,,,,,,,,,,,,,,,,
,,,,,,,,WACC,,,0.0830485,,,,,,,,,,,,,,,,,,,,,,,,,,,,,,,,,
,,,,,,,,Perpetual growth rate,,,0.03,,,,,,,,,,,,,,,,,,,,,,,,,,,,,,,,,
,,,,,,,,EV / EBITDA Mult. ('20e adj. EBITDA),,,69.3064252989265,,,,,,,,,,,,,,,,,,,,,,,,,,,,,,,,,
,,,,,,,,Price to Earnings Mult. ('20e GAAP EPS),,,70.7658160400421,,,,,,,,,,,,,,,,,,,,,,,,,,,,,,,,,
,,,,,,,,Terminal EBITDA Margin,,,0.510711265346592,,,,,,,,,,,,,,,,,,,,,,,,,,,,,,,,,
,,,,,,,,Terminal FCF Conversion,,,0.156990578835355,,,,,,,,,,,,,,,,,,,,,,,,,,,,,,,,,
,,,,,,,,,,,,,,,,,,,,,,,,,,,,,,,,,,,,,,,,,,,,
,,,,,,,,,,,,,,,,,,,,,,,,,,,,,,,,,,,,,,,,,,,,
,,,,,,,,,,,,,,,,,,,,,,,,,,,,,,,,,,,,,,,,,,,,
,,,,,,,,,,,,,,,,,,,,,,,,,,,,,,,,,,,,,,,,,,,,
,,,,,,,,,,,,2009-FY,2010-FY,2011-FY,2012-FY,2013-FY,2014-FY,2015-FY,2016-FY,2017-FY,2018-FY,2019-FY,2020-FY,2021-FY,2022-FY,2023-FY,2024-FY,2025-FY,2026-FY,2027-FY,2028-FY,2029-FY,2030-FY,2031-FY,2032-FY,2033-FY,2034-FY,2035-FY,2036-FY,2037-FY,2038-FY,2039-FY,2040-FY,
,,,,,,,,Period-End Date,,,,2009-12-31 00:00:00,2010-12-31 00:00:00,2011-12-31 00:00:00,2012-12-31 00:00:00,2013-12-31 00:00:00,2014-12-31 00:00:00,2015-12-31 00:00:00,2016-12-31 00:00:00,2017-12-31 00:00:00,2018-12-31 00:00:00,2019-12-31 00:00:00,2020-12-31 00:00:00,2021-12-31 00:00:00,2022-12-31 00:00:00,2023-12-31 00:00:00,2024-12-31 00:00:00,2025-12-31 00:00:00,2026-12-31 00:00:00,2027-12-31 00:00:00,2028-12-31 00:00:00,2029-12-31 00:00:00,2030-12-31 00:00:00,2031-12-31 00:00:00,2032-12-31 00:00:00,2033-12-31 00:00:00,2034-12-31 00:00:00,2035-12-31 00:00:00,2036-12-31 00:00:00,2037-12-31 00:00:00,2038-12-31 00:00:00,2039-12-31 00:00:00,2040-12-31 00:00:00,
,,,,,,,,Morgan Stanley | Google DCF,,,,,,,,,,,,,,,,,,,,,,,,,,,,,,,,,,,,
,,,,,,,,(USD millions),,,,2009-12-31 00:00:00,2010-12-31 00:00:00,2011-12-31 00:00:00,2012-12-31 00:00:00,2013-12-31 00:00:00,2014-12-31 00:00:00,2015-12-31 00:00:00,2016-12-31 00:00:00,2017-12-31 00:00:00,2018-12-31 00:00:00,2019-12-31 00:00:00,2020-12-31 00:00:00,2021-12-31 00:00:00,2022-12-31 00:00:00,2023-12-31 00:00:00,2024-12-31 00:00:00,2025-12-31 00:00:00,2026-12-31 00:00:00,2027-12-31 00:00:00,2028-12-31 00:00:00,2029-12-31 00:00:00,2030-12-31 00:00:00,2031-12-31 00:00:00,2032-12-31 00:00:00,2033-12-31 00:00:00,2034-12-31 00:00:00,2035-12-31 00:00:00,2036-12-31 00:00:00,2037-12-31 00:00:00,2038-12-31 00:00:00,2039-12-31 00:00:00,2040-12-31 00:00:00,TY - 2040
,,,,,,,,,,,,,,,,,,,,,,,,,,,,,,,,,,,,,,,,,,,,
,,,,,,,,Non-Core Discounted cash flow analysis,,,,,,,,,,,,,,,,,,,,,,,,,,,,,,,,,,,,
,,,,,,,,Other Bets Revenue,,,,,,,,,,448,810,477,595,659,657,753,1068,1527,1670.905,1583.42582317961,2457.79212045172,4407.75318730789,6319.0126501637,8795.84482323694,12566.568121966,15802.5618178983,19919.9101434917,25313.8843125796,31949.9925811273,40748.2356089039,51067.4622611177,62965.8143820747,76469.6790146454,91573.1319068077,108239.054706971,111486.22634818
,,,,,,,,% change Y/Y,,,,,,,,,,,0.808035714285714,-0.411111111111111,0.247379454926625,0.107563025210084,-0.00303490136570561,0.146118721461187,0.418326693227092,0.429775280898876,0.0942403405370006,-0.0523543689320388,0.552199089134678,0.793379167680701,0.433613086222539,0.391965060080877,0.428693704187177,0.257508148965178,0.260549420596479,0.270783057264456,0.262152903387091,0.275375432574394,0.253243520805571,0.232992821537097,0.214463431706444,0.197509040011396,0.181995771610428,0.03
,,,,,,,,,,,,,,,,,,,,,,,,,,,,,,,,,,,,,,,,,,,,
,,,,,,,,Other Bets EBITDA Loss*,,,,,,,,,,-2902.5,-2772.9,-4790.7,-7149.6,-5916.6,-3574.2456,-4312.2753,-3635.644311,-3178.2279879,-2941.54453575,-5623.29227824425,-4359.3431112,-3818.6859204,-2673.12336336,-1500.750504774,127.64699834715,1412.3210026634,2708.08032963863,3967.7901865614,5119.92909186572,5723.62108958534,11460.4016240269,15704.7382939091,20984.5723378386,27418.543373005,35114.5786982832,39020.1792218629
,,,,,,,,Other Bets Capex,,,,,,,,,,-959.4,-692.1,-508.5,288.9,679.5,-907.2,-756,-801,-1530,-2430,-2655,-2880,-3780,-4005,-4230,-4230,-4230,-4230,-4230,-4230,-4230,,,,,,
,,,,,,,,Other Bets SBC,,,,,,,,,,-585.2,-707.4,-459.9,-538.2,-548.1,-687.2544,-505.4247,-559.975689,-673.7720121,-581.05546425,-458.45772175575,-617.6568888,-978.3140796,-1280.12663664,-1631.249495226,-2134.64699834715,-2429.3210026634,-2735.08032963863,-3004.7901865614,-3166.92909186572,-3230.62108958534,,,,,,
,,,,,,,,Unlevered free cash flow,,,,,,,,,,-4447.1,-4172.4,-5759.1,-7398.9,-5785.2,-5168.7,-5573.7,-4996.62,-5382,-5952.6,-8736.75,-7857,-8577,-7958.25,-7362,-6237,-5247,-4257,-3267,-2277,-1737,-1489.85221112349,-471.142148817272,629.537170135157,1919.29803611035,2809.16629586266,8584.43942880984
,,,,,,,,,,,,,,,,,,,,,,,,,,,,,,,,,,,,,,,,,,,,
,,,,,,,,Adj. EBITDA Margin,,,,,,,,,,-6.47879464285714,-3.42333333333333,-10.0433962264151,-12.0161344537815,-8.97814871016692,-5.44025205479452,-5.72679322709163,-3.40416133988764,-2.08135428153242,-1.76044989736101,-3.55134556726652,-1.77368259704519,-0.866356567195253,-0.423028645668363,-0.170620393485036,0.0101576657292795,0.0893729142741765,0.135948420958286,0.156743632765582,0.16024820909943,0.140463041014092,0.22441690102844,0.24941690102844,0.27441690102844,0.299416901028441,0.324416901028441,0.35
,,,,,,,,UFCF / Adj. EBITDA,,,,,,,,,,N/A,N/A,N/A,N/A,N/A,N/A,N/A,N/A,N/A,N/A,N/A,N/A,N/A,N/A,N/A,N/A,N/A,N/A,N/A,N/A,N/A,-0.13,-0.03,0.03,0.07,0.08,0.22
,,,,,,,,,,,,,,,,,,,,,,,,,,,,,,,,,,,,,,,,,,,,
,,,,,,,,NPV Calculations,,,,,,,,,,2015-12-31 00:00:00,2016-12-31 00:00:00,2017-12-31 00:00:00,2018-12-31 00:00:00,2019-12-31 00:00:00,2020-12-31 00:00:00,2021-12-31 00:00:00,2022-12-31 00:00:00,2023-12-31 00:00:00,2024-12-31 00:00:00,2025-12-31 00:00:00,2026-12-31 00:00:00,2027-12-31 00:00:00,2028-12-31 00:00:00,2029-12-31 00:00:00,2030-12-31 00:00:00,2031-12-31 00:00:00,2032-12-31 00:00:00,2033-12-31 00:00:00,2034-12-31 00:00:00,2035-12-31 00:00:00,2036-12-31 00:00:00,2037-12-31 00:00:00,2038-12-31 00:00:00,2039-12-31 00:00:00,2040-12-31 00:00:00,
,,,,,,,,Year for 1-year forward value,,,,,,,,,,,,,0,0,0,0,0,0,0,0,1,2,3,4,5,6,7,8,9,10,11,12,13,14,15,
,,,,,,,,Discounted cash flows,,,,,,,,,,,,,,,,,,,,-8736.75,-7254.52276606265,-7312.05752960823,-6264.31895641964,-5350.62103164136,-4185.3927533551,-3251.04988120752,-2435.3888521556,-1725.70235927042,-1110.53406232555,-782.205321838512,-619.464228312837,-180.874396850907,223.150883095903,628.162123512932,848.904569050234,
,,,,,,,,,,,,,,,,,,,,,,,,,,,,,,,,,,,,,,,,,,,,
,,,,,,,,,,,,,,,,,,,,,,,,,,,,,,,,,,,,,,,,,,,,
,,,,,,,,,,,,,,,,,,,,,,,,,,,,,,,,,,,,,,,,,,,,
,,,,,,,,,,,,,,,,,,,,,,,,,,,,,,,,,,,,,,,,,,,,
,,,,,,,,Non-Core Fair value,,,,,,,,,,,,,,,,,,,,,,,,,,,,,,,,,,,,
,,,,,,,,PV of FCF,,,-47508.6645633893,,,,,,,,,,,,,,,,,,,,,,,,,,,,,,,,,
,,,,,,,,NPV of terminal value,,,48901.2830692386,,,,,,,,,,,,,,,,,,,,,,,,,,,,,,,,,
,,,,,,,,Enterprise value,,,1392.61850584939,,,,,,,,,,,,,,,,,,,,,,,,,,,,,,,,,
,,,,,,,,(-) Debt,,,,,,,,,,,,,,,,,,,,,,,,,,,,,,,,,,,,
,,,,,,,,(+) Cash & equivalents,,,,,,,,,,,,,,,,,,,,,,,,,,,,,,,,,,,,
,,,,,,,,Equity value,,,1392.61850584939,,,,,,,,,,,,,,,,,,,,,,,,,,,,,,,,,
,,,,,,,,Fully Diluted Shares,,,12088,,,,,,,,,,,,,,,,,,,,,,,,,,,,,,,,,
,,,,,,,,Equity fair value per share,,,0.115206693071591,,,,,,,,,,,,,,,,,,,,,,,,,,,,,,,,,
,,,,,,,,,,,,,,,,,,,,,,,,,,,,,,,,,,,,,,,,,,,,
,,,,,,,,,,,,,,,,,,,,,,,,,,,,,,,,,,,,,,,,,,,,
,,,,,,,,,,,,,,,,,,,,,,,,,,,,,,,,,,,,,,,,,,,,
,,,,,,,,DCF valuation assumptions,,,,,,,,,,,,,,,,,,,,,,,,,,,,,,,,,,,,
,,,,,,,,,,,,,,,,,,,,,,,,,,,,,,,,,,,,,,,,,,,,
,,,,,,,,Cost of Equity,,,0.08663,,,,,,,,,,,,,,,,,,,,,,,,,,,,,,,,,
,,,,,,,,Cost of Debt,,,0.02,,,,,,,,,,,,,,,,,,,,,,,,,,,,,,,,,
,,,,,,,,Marginal Tax-Rate,,,0.25,,,,,,,,,,,,,,,,,,,,,,,,,,,,,,,,,
,,,,,,,,Long-Term Debt / Total Cap.,,,0.05,,,,,,,,,,,,,,,,,,,,,,,,,,,,,,,,,
,,,,,,,,WACC,,,0.0830485,,,,,,,,,,,,,,,,,,,,,,,,,,,,,,,,,
,,,,,,,,Perpetual growth rate,,,0.03,,,,,,,,,,,,,,,,,,,,,,,,,,,,,,,,,
,,,,,,,,,,,,,,,,,,,,,,,,,,,,,,,,,,,,,,,,,,,,
,,,,,,,,,,,,,,,,,,,,,,,,,,,,,,,,,,,,,,,,,,,,
,,,,,,,,,,,,,,,,,,,,,,,,,,,,,,,,,,,,,,,,,,,,
,,,,,,,,,,,,,,,,,,,,,,,,,,,,,,,,,,,,,,,,,,,,
,,,,,,,,Total Company,,,,,,,,,,,,,,,,,,,,,,,,,,,,,,,,,,,,
,,,,,,,,Net revenue,,,,,,,,43261,52505,60646,73479,89183,110093,131768,149749,212071,233881,256508,295118,342910,424923.065750791,512942.367719878,607888.928833484,713844.79632108,831094.646551515,,,,,,,,,,,
,,,,,,,,% change Y/Y,,,,,,,,,,,,,,,,,,,,,,,,,,,,,,,,,,,,
,,,,,,,,,,,,,,,,,,,,,,,,,,,,,,,,,,,,,,,,,,,,
,,,,,,,,Adj. EBIT,,,,,,,,22469,25650,29626,36563,43476,45912,56806,67780,106531,110132,120452,150486,175128,248158.318824607,309172.537548053,377941.085995047,459456.964392064,551385.454284121,,,,,,,,,,,
,,,,,,,,(-) Cash taxes,,,,,,,,-2770.09674877882,-3491.75851450966,-3442.17590729862,-5243.91637766182,-12731.5883263619,-4467.29216332382,-5961.66679502485,-8127.61332482919,-22683.5,-17832,-21429.25,-29953.75,-39706.5,-43912.1979773321,-49658.6423387978,-56438.9531801135,-64491.5525566181,-73748.9208880295,,,,,,,,,,,
,,,,,,,,(+/-) Changes in working capital,,,,,,,,156,672,-409,3300,9246,4908,819,1827,-1523,-2235,-3845,-8406,618,-3551.39023758827,4426.73438695214,4374.12356006173,4036.17944100738,3925.15177685941,,,,,,,,,,,
,,,,,,,,(-) Capex,,,,,,,,-7358,-10959,-9915,-9972,-13130,-25100,-23548,-22281,-24640,-31485,-32251,-52535,-91447,-184955.84497189,-249859.017304858,-293609.783685794,-335059.999082199,-371068.041350865,,,,,,,,,,,
,,,,,,,,(-) Stock-based compensation,,,,,,,,-3127,-4175,-5203,-6703,-7679,-9353,-10794,-12859,-15376,-19362,-22460,-22785,-24953,-27780.7231408855,-30178.1413166897,-32452.6812574949,-35909.8403131577,-39368.8494728617,,,,,,,,,,,
,,,,,,,,Unlevered free cash flow,,,,,,,,9369.90325122118,7696.24148549034,10656.8240927014,17944.0836223382,19181.4116736381,11899.7078366762,17321.3332049751,26339.3866751708,42308.5,39218,40466.75,36806.25,19639.5,-12041.8375030884,-16096.5290253402,-186.208568293467,28031.7518810968,71124.7943492243,,,,,,,,,,,
,,,,,,,,,,,,,,,,,,,,,,,,,,,,,,,,,,,,,,,,,,,,
,,,,,,,,Current Market Price ,,,622.36,,,,,,,,,,,,,,,,,,,,,,,,,,,,,,,,,
,,,,,,,,Fully Diluted Shares,,,12088,,,,,,,,,,,,,,,,,,,,,,,,,,,,,,,,,
,,,,,,,,Equity Value,,,7523087.68,,,,,,,,,,,,,,,,,,,,,,,,,,,,,,,,,
,,,,,,,,(+) Debt,,,46547,,,,,,,,,,,,,,,,,,,,,,,,,,,,,,,,,
,,,,,,,,(-) Cash & equivalents,,,147722,,,,,,,,,,,,,,,,,,,,,,,,,,,,,,,,,
,,,,,,,,Enterprise Value,,,7421912.68,,,,,,,,,,,,,,,,,,,,,,,,,,,,,,,,,
,,,,,,,,Bull,,,,,,,,,,,,,,,,,,,,,,,,,,,,,,,,,,,,
,,,,,,,,Current Price,,,,,,,,,,,,,,,,,,,,,,,,,,,,,,,,,,,,
,,,,,,,,EV/Gross Revenue,,,,,,,,,,,,,,,,,,,,,,,,,,,,,,,,,,,,
,,,,,,,,EV/Net Revenue,,,,,,,,,,,101.007263027532,83.2211596380476,,,,,,,,,,,,,,,,,,,,,,,,
,,,,,,,,EV/EBITDA,,,,,,,,,,,202.98970762793,170.712868709173,,,,,,,,,,,,,,,,,,,,,,,,
,,,,,,,,EV/FCF,,,,,,,,,,,301.127419118802,276.31418200802,,,,,,,,,,,,,,,,,,,,,,,,
,,,,,,,,,,,,,,,,,,,,,,,,,,,,,,,,,,,,,,,,,,,,
,,,,,,,,Scenario Price,,,,,,,,,,,,,,,,,,,,,,,,,,,,,,,,,,,,
,,,,,,,,EV/Gross Revenue,,,,,,,,,,,,,,,,,,,,,,,,,,,,,,,,,,,,
,,,,,,,,EV/Net Revenue,,,,,,,,,,,63.9500010243347,52.6892134741721,,,,,,,,,,,,,,,,,,,,,,,,
,,,,,,,,EV/EBITDA,,,,,,,,,,,128.517411735008,108.082209156019,,,,,,,,,,,,,,,,,,,,,,,,
,,,,,,,,EV/FCF,,,,,,,,,,,190.650634260367,174.940808144011,,,,,,,,,,,,,,,,,,,,,,,,
,,,,,,,,P/E,,,,,,,,,,,,,,,,,,,,,,,,,,,,,,,,,,,,
