,,,,,,,,,,,300.784424583054,,,,,,,,,,,,,,,,,,,,,,,,,,,,,,,,,,,,,,,
,,,,,,,,,,,,,,,,,,,,,,,,,,,,,,,,,,,,,,,,,,,,,,,,,,
,,,,,,,,Base Case Valuation ,,,,,,,,,,,,,,,,,,,,,,,,,,,,,,,,,,,,,,,,,,
,,,,,,,,Core Google Value,,,302.208189398158,,,,,,,,,,,,,,,,,,,,,,,,,,,,,,,,,,,,,,,
,,,,,,,,Less Other Bets Losses,,,-1.42376481510466,,,,,,,,,,,,,,,,,,,,,,,,,,,,,,,,,,,,,,,
,,,,,,,,Total Base Case Value,,,300.784424583054,,,,,,,,,,,,,,,,,,,,,,,,,,,,,,,,,,,,,,,
,,,,,,,,Current Market Price,,,315,,,,,,,,,,,,,,,,,,,,,,,,,,,,,,,,,,,,,,,
,,,,,,,,% Upside (Downside),,,-0.0451288108474486,,,,,,,,,,,,,,,,,,,,,,,,,,,,,,,,,,,,,,,
,,,,,,,,,,,,,,,,,,,,,,,,,,,,,,,,,,,,,,,,,,,,,,,,,,
,,,,,,,,,,,,,,,,,,,,,,,,,,,,,,,,,,,,,,,,,,,,,,,,,,
,,,,,,,,,,,,,,,,,,,,,,,,,,,,,,,,,,,,,,,,,,,,,,,,,,
,,,,,,,,Period-End Date,,,,2009-12-31 00:00:00,2010-12-31 00:00:00,2011-12-31 00:00:00,2012-12-31 00:00:00,2013-12-31 00:00:00,2014-12-31 00:00:00,2015-12-31 00:00:00,2016-12-31 00:00:00,2017-12-31 00:00:00,2018-12-31 00:00:00,2019-12-31 00:00:00,2020-12-31 00:00:00,2021-12-31 00:00:00,2022-12-31 00:00:00,2023-12-31 00:00:00,2024-12-31 00:00:00,2025-12-31 00:00:00,2026-12-31 00:00:00,2027-12-31 00:00:00,2028-12-31 00:00:00,2029-12-31 00:00:00,2030-12-31 00:00:00,,,,,,,,,,,,,,,,,
,,,,,,,,Morgan Stanley | Google DCF,,,,,,,,,,,,,,,,,,,,,,,,,,,,,,,,,,,,,,,,,,
,,,,,,,,(USD millions),,,,2009-12-31 00:00:00,2010-12-31 00:00:00,2011-12-31 00:00:00,2012-12-31 00:00:00,2013-12-31 00:00:00,2014-12-31 00:00:00,2015-12-31 00:00:00,2016-12-31 00:00:00,2017-12-31 00:00:00,2018-12-31 00:00:00,2019-12-31 00:00:00,2020-12-31 00:00:00,2021-12-31 00:00:00,2022-12-31 00:00:00,2023-12-31 00:00:00,2024-12-31 00:00:00,2025-12-31 00:00:00,2026-12-31 00:00:00,2027-12-31 00:00:00,2028-12-31 00:00:00,2029-12-31 00:00:00,2030-12-31 00:00:00,2031-12-31 00:00:00,2032-12-31 00:00:00,2033-12-31 00:00:00,2034-12-31 00:00:00,2035-12-31 00:00:00,TY - 2035,,,,,,,,,,,
,,,,,,,,,,,,,,,,,,,,,,,,,,,,,,,,,,,,,,,,,,,,,,,,,,
,,,,,,,,Core Discounted cash flow analysis,,,,,,,,,,,,,,,,,,,,,,,,,,,,,,,,,,,,,,,,,,
,,,,,,,,Net revenue,,,,17481.163,22004,29094,39219,43261,52505,60646,73479,89183,110093,131768,149749,212071,233881,256508,295118,342910,418064.865750791,496302.250943554,583205.673800094,679027.159609343,783767.900324198,896900.615052624,1019449.28728858,1151415.82764426,1292385.61283155,1442378.56712305,1485649.92413675,,0.179400568024888,,,,,,,,,
,,,,,,,,% change Y/Y,,,,NA,0.258726321583981,0.322214142883112,0.348009898948237,0.103062291236391,0.213679757749474,0.155051899819065,0.211605052270554,0.213720927067598,0.234461724768173,0.196879002298057,0.136459534940198,0.416176401845755,0.10284291581593,0.096745780974085,0.150521621158014,0.161942002859873,0.219167903388035,0.187141737089669,0.175101810824599,0.164301360761614,0.154251180137057,0.144344664640679,0.136635732186188,0.129448852435483,0.122431689579694,0.116058978684296,0.03,,,,,,,,,,,
,,,,,,,,,,,,,,,,,,,,,,,,,,,,,,,,,,,,,,,,,,,,,,,,,,
,,,,,,,,Adj. EBITDA,,,,11000.548,13154,15567,18379,22469,25650,29626,36563,43476,45912,56806,67780,106531,110132,120452,150486,175128,237513.840574669,291875.169502756,355341.565580651,429426.019073054,511658.478724845,595730.391836587,685463.989714309,778635.563942633,878063.550082876,980096.531648282,1057930.04134802,,,,,,,,,,,
,,,,,,,,(+) Other Bets EBITDA Loss (Gain)*,,,,,,,,,,3225,3081,5323,7944,6574,3971.384,4791.417,4039.60479,3531.364431,3268.3828175,6248.1025313825,4843.714568,4242.984356,2970.1370704,1667.50056086,-141.8299981635,-1569.24555851488,-3008.97814404292,-4408.655762846,-5688.81010207303,-6359.57898842816,,,,,,,,,,,,
,,,,,,,,(-) Cash taxes,,,,-1896,-2175,-1471,-2034,-1932,-2819,-3338,-5917,-6798.25,-8728.25,-9906.25,-12020.5,-22683.5,-17832,-21429.25,-29953.75,-39706.5,-43912.1979773321,-49658.6423387978,-56438.9531801135,-64491.5525566181,-73748.9208880295,-84523.9040911898,-98057.6707562466,-114715.31594175,-137828.345540906,-162801.497126354,,,,,,,,,,,,
,,,,,,,,(+/-) Changes in working capital,,,,485.987,-99,630,898,156,672,-409,3300,9246,4908,819,1827,-1523,-2235,-3845,-8406,618,-3551.39023758827,4426.73438695214,4374.12356006173,4036.17944100738,3925.15177685941,4250.93941957943,2359.39435850684,101.376975894371,-6221.92693500323,-6736.77918114012,,,,,,,,,,,,
,,,,,,,,(-) Capex,,,,-809.888,-4018,-3438,-3273,-7358,-10959,-9915,-9972,-13130,-25100,-23548,-22281,-24640,-31485,-32251,-52535,-91447,-184955.84497189,-249859.017304858,-293609.783685794,-335059.999082199,-371068.041350865,-402207.217962214,-426579.617060393,-447257.384131901,-463244.292963217,-473736.595472165,,,,,,,,,,,,
,,,,,,,,(+) Other Bets Capex*,,,,,,,,,,1066,769,565,-321,-755,1008,840,890,1700,2700,2950,3200,4200,4450,4700,4700,4700,4700,4700,4700,4700,,,,,,,,,,,,
,,,,,,,,(-) Stock-based compensation,,,,-1164.054,-1376,-1974,-2661,-3127,-4175,-5203,-6703,-7679,-9353,-10794,-12859,-15376,-19362,-22460,-22785,-24953,-27780.7231408855,-30178.1413166897,-32452.6812574949,-35909.8403131577,-39368.8494728617,-43029.1292282223,-46668.93314469,-50241.5177173762,-53907.9036343431,-57619.8835175213,,,,,,,,,,,,
,,,,,,,,(+) Other Bets SBC*,,,,,,,,,,616,786,511,598,609,763.616,561.583,622.19521,748.635569,645.6171825,509.3974686175,686.285432,1087.015644,1422.3629296,1812.49943914,2371.8299981635,2699.24555851488,3038.97814404292,3338.655762846,3518.81010207302,3589.57898842816,,,,,,,,,,,,
,,,,,,,,Unlevered free cash flow,,,,7616.593,5486,9314,11309,10208,8369,15668,21907,31513.75,15859.75,19804.75,28189.5,48501.5,44769.8,46446.75,43420.25,29347,-13956.3157530265,-23863.8970706378,-13943.228982689,6180.80656208639,38327.8187899475,76051.0799745401,121247.163111486,170152.723127499,219391.081009406,281131.776351102,337177.425710512,,,,,,,,,,,
,,,,,,,,% of Revenue,,,,0.435702876290325,0.249318305762589,0.320134735684334,0.288355133991178,0.235963107648922,0.159394343395867,0.258351746199255,0.298139604512854,0.353360505926017,0.144057751174007,0.150300148746281,0.18824499662769,0.228704066091073,0.191421278342405,0.181073299858094,0.147128436760889,0.0855822227406608,-0.0333831347629818,-0.0480833947967564,-0.0239079103806325,0.00910244380451927,0.0489020011843986,0.0847932075172878,0.118933981928582,0.147776953418839,0.169756672336156,0.194908453826961,0.226956176036177,,,,,,,,,,,
,,,,,,,,,,,,,,,,,,,,,,,,,,,,,,,,,,,,,,,,,,,,,,,,,,
,,,,,,,,Adj. EBITDA Margin,,,,0.629280099956736,0.597800399927286,0.535058775005156,0.468624901195849,0.519526463039608,0.491586492391429,0.545715804511778,0.545542115620141,0.550120623182197,0.491844599901368,0.483414563454835,0.481255761543208,0.52680044766655,0.490400470721137,0.486245502335468,0.523918570271237,0.531313555938468,0.583007644739501,0.601743226149131,0.620727207173029,0.642637057746941,0.662444839371786,0.673282792099804,0.681438025215298,0.685844896541364,0.690026648558107,0.692099145404486,0.712099145404486,,,,,,,,,,,
,,,,,,,,UFCF / Adj. EBITDA,,,,0.692383052189764,0.417059449597081,0.598316952527783,0.61532183470265,0.454314833770973,0.326276803118908,0.476941341207269,0.55259307839774,0.645786798909814,0.294484365715983,0.312476333228148,0.392877439130651,0.43568493486806,0.392127272646703,0.374620822826992,0.282400079947887,0.161801911003806,-0.0575856434300587,-0.0805891052597218,-0.0389136857086354,0.0143375074794331,0.0749297581718151,0.127997396751601,0.177663232089845,0.219771130827175,0.251487200344928,0.288714293509313,0.318714293509314,,,,,,,,,,,
,,,,,,,,,,,,,,,,,,,,,,,,,,,,,,,,,,,,,,,,,,,,,,,,,,
,,,,,,,,NPV Calculations,,,,,,,,,,2015-12-31 00:00:00,2016-12-31 00:00:00,2017-12-31 00:00:00,2018-12-31 00:00:00,2019-12-31 00:00:00,2020-12-31 00:00:00,2021-12-31 00:00:00,2022-12-31 00:00:00,2023-12-31 00:00:00,2024-12-31 00:00:00,2025-12-31 00:00:00,2026-12-31 00:00:00,2027-12-31 00:00:00,2028-12-31 00:00:00,2029-12-31 00:00:00,2030-12-31 00:00:00,2031-12-31 00:00:00,2032-12-31 00:00:00,2033-12-31 00:00:00,2034-12-31 00:00:00,2035-12-31 00:00:00,,,,,,,,,,,,
,,,,,,,,Year for 1-year forward value,,,,,,,,,,,,,0,0,0,0,0,0,0,0,0,1,2,3,4,5,6,7,8,9,,,,,,,,,,,,
,,,,,,,,Discounted cash flows,,,,,,,,,,,,,,,,,,,,,,-22034.0059292246,-11886.8709886817,4865.20826976291,27856.2392440142,51034.734489381,75124.9428683714,97342.7402087455,115887.268472856,137113.049468594,,,,,,,,,,,,
,,,,,,,,Net Income,,,,,,,,,,,,,,,,76033,59972,73795,100118,132170,147544.985203836,166853.038258361,188739.485096036,215408.745755884,246028.486741146,281628.23298715,326326.865841147,381310.08371748,458016.199192492,540657.333677273,,,,,,,,,,,,
,,,,,,,,,,,,,,,,,,,,,,,,0.713717133979781,0.544546544147024,0.612650682429516,0.665297768563189,0.754705129962085,0.621205841507375,0.571658899736537,0.531149472445261,0.501620153852947,0.480845128090711,0.472744444208921,0.476067117657275,0.489715730150715,0.52162078604591,0.551636819658998,,,,,,,,,,,,
,,,,,,,,Multiples Snapshot,,,,,,,2012-12-31 00:00:00,,,2015-12-31 00:00:00,2016-12-31 00:00:00,2017-12-31 00:00:00,2018-12-31 00:00:00,2019-12-31 00:00:00,2020-12-31 00:00:00,2021-12-31 00:00:00,2022-12-31 00:00:00,2023-12-31 00:00:00,2024-12-31 00:00:00,2025-12-31 00:00:00,,,,,,,,,,,,,,,,,,,,,,
,,,,,,,,Terminal Free Cash Flow,,,,,,,30227.41,,,337177.425710512,337177.425710512,337177.425710512,337177.425710512,337177.425710512,337177.425710512,337177.425710512,337177.425710512,337177.425710512,337177.425710512,337177.425710512,,,,,,,,,,,,,,,,,,,,,,
,,,,,,,,Terminal FCF Multiple,,,,,,,18.8506743828761,,,18.8506743828761,18.8506743828761,18.8506743828761,18.8506743828761,18.8506743828761,18.8506743828761,18.8506743828761,18.8506743828761,18.8506743828761,18.8506743828761,18.8506743828761,,,,,,,,,,,,,,,,,,,,,,
,,,,,,,,Future Terminal Value,,,,,,,569807.063347691,,,6356021.86132523,6356021.86132523,6356021.86132523,6356021.86132523,6356021.86132523,6356021.86132523,6356021.86132523,6356021.86132523,6356021.86132523,6356021.86132523,6356021.86132523,,,,,,,,,,,,,,,,,,,,,,
,,,,,,,,Present Terminal Value,,,,,,,526114.078314767,,,6356021.86132523,6883879.9428755,7455575.8463114,8074750.23698379,8745346.13203994,9471634.01028666,10258239.00739,11110170.3695952,12032853.3535345,13032163.7752655,6356021.86132523,,,,,,,,,,,,,,,,,,,,,,
,,,,,,,,Years to Terminal,,,,,,,1,,,0,-1,-2,-3,-4,-5,-6,-7,-8,-9,0,,,,,,,,,,,,,,,,,,,,,,
,,,,,,,,Present Value of Est. Free Cash Flow,,,,,,,0,,,0,475303.306103819,475303.306103819,475303.306103819,475303.306103819,475303.306103819,475303.306103819,475303.306103819,475303.306103819,475303.306103819,0,,,,,,,,,,,,,,,,,,,,,,
,,,,,,,,,,,,,,,,,,,,,,,,,,,,,,,,,,,,,,,,,,,,,,,,,,
,,,,,,,,Total Present Value,,,,,,,526114.078314767,,,6356021.86132523,7359183.24897932,7930879.15241522,8550053.54308761,9220649.43814376,9946937.31639048,10733542.3134938,11585473.675699,12508156.6596383,13507467.0813693,6356021.86132523,,,,,,,,,,,,,,,,,,,,,,
,,,,,,,,Multiple of Trailing adj. EBITDA,,,,,,,28.6258272112067,,,214.542019217081,201.27405434399,182.419706330279,186.226989525344,162.318231140087,146.753279970352,100.755107090835,105.19625245795,103.843494999156,89.758961507179,36.293578761393,,,,,,,,,,,,,,,,,,,,,,
,,,,,,,,Multiple of Forward adj. EBITDA,,,,,,,23.4151087415892,,,173.837536890442,169.270016767396,172.740877165343,150.513212391079,136.037908500203,93.3712939556606,97.460704549938,96.1833234458456,83.1184074242011,77.1291117432354,6.00797936811246,,,,,,,,,,,,,,,,,,,,,,
,,,,,,,,,,,,,,,,,,,,,,,,,,,,,,,,,,,,,,,,,,,,,,,,,,
,,,,,,,,Adj. EBITDA,,,,,,,,,,,36563,43476,,,,,,,,,,,,,,,,,,,,,,,,,,,,,,
,,,,,,,,Plus Alphabet EBITDA Losses,,,,,,,,,,,3081,5323,,,,,,,,,,,,,,,,,,,,,,,,,,,,,,
,,,,,,,,Less D&A ,,,,,,,,,,,-6144,-6915,,,,,,,,,,,,,,,,,,,,,,,,,,,,,,
,,,,,,,,EBIT,,,,,,,,,,,33500,41884,,,,,,,,,,,,,,,,,,,,,,,,,,,,,,
,,,,,,,,Other Income,,,,,,,,,,,1302,1047,,,,,,,,,,,,,,,,,,,,,,,,,,,,,,
,,,,,,,,Pre-Tax Income,,,,,,,,,,,34802,42931,,,,,,,,,,,,,,,,,,,,,,,,,,,,,,
,,,,,,,,Less Taxes,,,,,,,,,,,-7695.17531520436,-20904.9115902639,,,,,,,,,,,,,,,,,,,,,,,,,,,,,,
,,,,,,,,Core Net Income,,,,,,,,,,,27106.8246847956,22026.0884097361,,,,,,,,,,,,,,,,,,,,,,,,,,,,,,
,,,,,,,,Shares,,,,,,,,,,,13974.095,14019.295,,,,,,,,,,,,,,,,,,,,,,,,,,,,,,
,,,,,,,,Core EPS,,,,,,,,,,,1.93979106946072,1.57112668003178,,155.794195651275,192.351255464675,,,,,,,,,,,,,,,,,,,,,,,,,,,
,,,,,,,,,,,,,,,,,,,,,,,,,,,,,,,,,,,,,,,,,,,,,,,,,,
,,,,,,,,,,,,,,,,,,,,,,,,5.60985282372233,4.55766061570064,5.80092365137074,8.04338307658318,10.807031888798,12.1035229951971,13.7191744566085,15.5543651150416,17.7881076549433,20.3511815980325,23.3282022827666,27.0597629170183,31.6433918099523,38.026733294952,44.8958301303346,,,,,,,,,,,,
,,,,,,,,Core Fair value,,,,,,,,,,,,,,,,,,,,,,,,,,,,,,,,,,,,,,,,,,
,,,,,,,,PV of FCF,,,475303.306103819,,,,,,,,,,,,,,,69495,72764,73266,26153.3904011838,18052.2063067945,22869.3855586311,46498.8115929767,83504.0785976509,129242.404407305,184074.588266803,244383.510420915,308416.358625289,385769.777941665,,,,,,,,,,,,
,,,,,,,,NPV of terminal value,,,3099946.76235729,,,,,,,,,,,,,,,0.576951814830804,0.483526706803291,0.418356858983144,0.11011312156759,0.0618490649189125,0.0643588810705583,0.108281309300605,0.163202765262016,0.216947810919738,0.26854012906429,0.313861223064967,0.351246055705398,0.393603859910507,,,,,,,,,,,,
,,,,,,,,Enterprise value,,,3575250.06846111,,,,,,,,,,,,,,,,,,,,,,,,,,,,,,,,,,,,,,,
,,,,,,,,(-) Debt,,,96547,,,,,,,,,,,,,,,0.576951814830804,0.483526706803291,0.418356858983144,0.11011312156759,0.0618490649189125,0.0643588810705583,0.108281309300605,0.163202765262016,0.216947810919738,0.26854012906429,0.313861223064967,0.351246055705398,0.393603859910507,,,,,,,,,,,,
,,,,,,,,(+) Cash & equivalents,,,203236.422047887,,,,,,,,,,,,,,,69495,72764,73266,26153.3904011838,18052.2063067945,22869.3855586311,46498.8115929767,83504.0785976509,129242.404407305,184074.588266803,244383.510420915,308416.358625289,385769.777941665,,,,,,,,,,,,
,,,,,,,,Equity value,,,3681939.49050899,,,,,,,,,,,,,,,12721.25,12447.25,12230,12190.2511576493,12162.0319638102,12134.181221805,12109.7055366664,12089.1499865016,12072.4361686112,12059.4872483497,12050.2279277644,12044.584414862,12042.4843934887,,,,,,,,,,,,
,,,,,,,,Fully Diluted Shares,,,12183.4537238766,,,,,,,,,,,,,,,5.4629065539943,5.84578923055293,5.99067865903516,2.14543491048359,1.48430840837382,1.88470776400925,3.83979704974538,6.90735731551757,10.705577780841,15.2638818281427,20.2804056392859,25.6062266660467,32.0340691618624,,,,,,,,,,,,
,,,,,,,,Equity fair value per share,,,302.208189398158,,,,,,,,,,,,,,,,,,,,,,,,,,,,,,,,,,,,,,,
,,,,,,,,Terminal FCF multiple,,,18.8506743828761,,,,,,,,,,,,,,,,,,,,,,,,,,,,,,,,,,,,,,,
,,,,,,,,,,,,,,,,,,,,,,,,,,,,,,,,,,,,,,,,,,,,,,,,,,
,,,,,,,,,,,,,,,,,,,,,,,,,,,,,,,,,,,,,,,,,,,,,,,,,,
,,,,,,,,Core DCF valuation assumptions,,,,,,,,,,,,,,,,,,,,,,,,,,,,,,,,,,,,,,,,,,
,,,,,,,,,,,,,,,,,,,,,,,,,,,,,,,,,,,,,,,,,,,,,,,,,,
,,,,,,,,Cost of Equity,,,0.08663,,,,,,,,,,,,,,,,,,,,,,,,,,,,,,,,,,,,,,,
,,,,,,,,Cost of Debt,,,0.02,,,,,,,,,,,,,,,,,,,,,,,,,,,,,,,,,,,,,,,
,,,,,,,,Marginal Tax-Rate,,,0.25,,,,,,,,,,,,,,,,,,,,,,,,,,,,,,,,,,,,,,,
,,,,,,,,Long-Term Debt / Total Cap.,,,0.05,,,,,,,,,,,,,,,,,,,,,,,,,,,,,,,,,,,,,,,
,,,,,,,,WACC,,,0.0830485,,,,,,,,,,,,,,,,,,,,,,,,,,,,,,,,,,,,,,,
,,,,,,,,Perpetual growth rate,,,0.03,,,,,,,,,,,,,,,,,,,,,,,,,,,,,,,,,,,,,,,
,,,,,,,,EV / EBITDA Mult. ('20e adj. EBITDA),,,33.5606543490731,,,,,,,,,,,,,,,,,,,,,,,,,,,,,,,,,,,,,,,
,,,,,,,,Price to Earnings Mult. ('20e GAAP EPS),,,53.870965762277,,,,,,,,,,,,,,,,,,,,,,,,,,,,,,,,,,,,,,,
,,,,,,,,Terminal EBITDA Margin,,,0.531313555938468,,,,,,,,,,,,,,,,,,,,,,,,,,,,,,,,,,,,,,,
,,,,,,,,Terminal FCF Conversion,,,0.161801911003806,,,,,,,,,,,,,,,,,,,,,,,,,,,,,,,,,,,,,,,
,,,,,,,,,,,,,,,,,,,,,,,,,,,,,,,,,,,,,,,,,,,,,,,,,,
,,,,,,,,Cost of Equity,,,,,,,,,,,,,,,,,,,,,,,,,,,,,,,,,,,,,,,,,,
,,,,,,,,Risk Free Rate,,,0.0416,,,,,,,,,,,,,,,,,,,,,,,,,,,,,,,,,,,,,,,
,,,,,,,,Beta,,,1.14,,,,,,,,,,,,,,,,,,,,,,,,,,,,,,,,,,,,,,,
,,,,,,,,Market Risk Premium ,,,0.0395,,,,,,,,,,,,,,,,,,,,,,,,,,,,,,,,,,,,,,,
,,,,,,,,CAPM,,,0.08663,,,,,,,,,,,,,,,,,,,,,,,,,,,,,,,,,,,,,,,
,,,,,,,,,,,,,,,,,,,,,,,,,,,,,,,,,,,,,,,,,,,,,,,,,,
,,,,,,,,,,,,,,,,,,,,,,,,,,,,,,,,,,,,,,,,,,,,,,,,,,
,,,,,,,,,,,,,,,,,,,,,,,,,,,,,,,,,,,,,,,,,,,,,,,,,,
,,,,,,,,,,,,,,,,,,,,,,,,,,,,,,,,,,,,,,,,,,,,,,,,,,
,,,,,,,,,,,,2009-FY,2010-FY,2011-FY,2012-FY,2013-FY,2014-FY,2015-FY,2016-FY,2017-FY,2018-FY,2019-FY,2020-FY,2021-FY,2022-FY,2023-FY,2024-FY,2025-FY,2026-FY,2027-FY,2028-FY,2029-FY,2030-FY,,,,,,2031-FY,2032-FY,2033-FY,2034-FY,2035-FY,2036-FY,2037-FY,2038-FY,2039-FY,2040-FY,,
,,,,,,,,Period-End Date,,,,2009-12-31 00:00:00,2010-12-31 00:00:00,2011-12-31 00:00:00,2012-12-31 00:00:00,2013-12-31 00:00:00,2014-12-31 00:00:00,2015-12-31 00:00:00,2016-12-31 00:00:00,2017-12-31 00:00:00,2018-12-31 00:00:00,2019-12-31 00:00:00,2020-12-31 00:00:00,2021-12-31 00:00:00,2022-12-31 00:00:00,2023-12-31 00:00:00,2024-12-31 00:00:00,2025-12-31 00:00:00,2026-12-31 00:00:00,2027-12-31 00:00:00,2028-12-31 00:00:00,2029-12-31 00:00:00,2030-12-31 00:00:00,,,,,,2031-12-31 00:00:00,2032-12-31 00:00:00,2033-12-31 00:00:00,2034-12-31 00:00:00,2035-12-31 00:00:00,2036-12-31 00:00:00,2037-12-31 00:00:00,2038-12-31 00:00:00,2039-12-31 00:00:00,2040-12-31 00:00:00,,
,,,,,,,,Morgan Stanley | Google DCF,,,,,,,,,,,,,,,,,,,,,,,,,,,,,,,,,,,,,,,,,,
,,,,,,,,(USD millions),,,,2009-12-31 00:00:00,2010-12-31 00:00:00,2011-12-31 00:00:00,2012-12-31 00:00:00,2013-12-31 00:00:00,2014-12-31 00:00:00,2015-12-31 00:00:00,2016-12-31 00:00:00,2017-12-31 00:00:00,2018-12-31 00:00:00,2019-12-31 00:00:00,2020-12-31 00:00:00,2021-12-31 00:00:00,2022-12-31 00:00:00,2023-12-31 00:00:00,2024-12-31 00:00:00,2025-12-31 00:00:00,2026-12-31 00:00:00,2027-12-31 00:00:00,2028-12-31 00:00:00,2029-12-31 00:00:00,2030-12-31 00:00:00,2031-12-31 00:00:00,2032-12-31 00:00:00,2033-12-31 00:00:00,2034-12-31 00:00:00,2035-12-31 00:00:00,2036-12-31 00:00:00,2037-12-31 00:00:00,2038-12-31 00:00:00,2039-12-31 00:00:00,2040-12-31 00:00:00,,TY - 2040,,,,,
,,,,,,,,,,,,,,,,,,,,,,,,,,,,,,,,,,,,,,,,,,,,,,,,,,
,,,,,,,,Discounted cash flow analysis,,,,,,,,,,,,,,,,,,,,,,,,,,,,,,,,,,,,,,,,,,
,,,,,,,,Other Bets Revenue,,,,,,,,,,448,810,477,595,659,657,753,1068,1527,1648,1537,2362.675,4201.732,5960.632,8207.582,11603.007,14416.83075,17956.8751875,22549.939621875,28123.222670625,35445.818938875,43890.5556407094,53458.3817036586,64121.3739717433,75824.1043795379,88486.4091970684,,91141.0014729805,,,,,
,,,,,,,,% change Y/Y,,,,NA,NA,NA,NA,NA,NA,NA,0.808035714285714,-0.411111111111111,0.247379454926625,0.107563025210084,-0.00303490136570561,0.146118721461187,0.418326693227092,0.429775280898876,0.0792403405370006,-0.0673543689320388,0.537199089134678,0.778379167680701,0.418613086222539,0.376965060080877,0.413693704187177,0.242508148965178,0.245549420596479,0.255783057264456,0.247152903387091,0.260375432574394,0.238243520805571,0.217992821537097,0.199463431706444,0.182509040011396,0.166995771610428,,,,,,,
,,,,,,,,,,,,,,,,,,,,,,,,,,,,,,,,,,,,,,,,,,,,,,,,,,
,,,,,,,,Other Bets EBITDA Loss*,,,,,,,,,,-3225,-3081,-5323,-7944,-6574,-3971.384,-4791.417,-4039.60479,-3531.364431,-3268.3828175,-6248.1025313825,-4843.714568,-4242.984356,-2970.1370704,-1667.50056086,141.8299981635,1569.24555851488,3008.97814404292,4408.655762846,5688.81010207303,6359.57898842816,8971.97136849015,12264.2562644488,16313.5612555766,21186.5362689875,26936.7584709061,,31899.3505155432,,,,,
,,,,,,,,Other Bets Capex,,,,,,,,,,-1066,-769,-565,321,755,-1008,-840,-890,-1700,-2700,-2950,-3200,-4200,-4450,-4700,-4700,-4700,-4700,-4700,-4700,-4700,,,,,,,,,,,,
,,,,,,,,Other Bets SBC,,,,,,,,,,-616,-786,-511,-598,-609,-763.616,-561.583,-622.19521,-748.635569,-645.6171825,-509.3974686175,-686.285432,-1087.015644,-1422.3629296,-1812.49943914,-2371.8299981635,-2699.24555851488,-3038.97814404292,-3338.655762846,-3518.81010207302,-3589.57898842816,,,,,,,,,,,,
,,,,,,,,Unlevered free cash flow,,,,,,,,,,-4907,-4636,-6399,-8221,-6428,-5743,-6193,-5551.8,-5980,-6614,-9707.5,-8730,-9530,-8842.5,-8180,-6930,-5830,-4730,-3630,-2530,-1930,-1345.79570527352,-613.212813222441,163.135612555766,1059.32681344937,1616.20550825436,,6379.87010310863,,,,,
,,,,,,,,,,,,,,,,,,,,,,,,,,,,,,,,,,,,,,,,,,,,,,,,,,
,,,,,,,,Adj. EBITDA Margin,,,,,,,,,,-7.19866071428571,-3.8037037037037,-11.1593291404612,-13.3512605042017,-9.97572078907436,-6.04472450532725,-6.36310358565737,-3.78240148876405,-2.31261586836935,-1.98324200091019,-4.06512851749024,-2.05009769350419,-1.00981794079204,-0.498292306990266,-0.203165872830756,0.0122235553390169,0.108848164047073,0.167566913097303,0.195506322268344,0.202281586598361,0.17941690102844,0.20441690102844,0.22941690102844,0.25441690102844,0.27941690102844,0.304416901028441,,0.35,,,,,
,,,,,,,,UFCF / Adj. EBITDA,,,,,,,,,,1.5215503875969,N/A,N/A,N/A,N/A,N/A,N/A,N/A,N/A,N/A,N/A,N/A,N/A,N/A,N/A,N/A,N/A,N/A,N/A,N/A,N/A,-0.15,-0.05,0.01,0.05,0.06,,0.2,,,,,
,,,,,,,,,,,,,,,,,,,,,,,,,,,,,,,,,,,,,,,,,,,,,,,,,,
,,,,,,,,NPV Calculations,,,,,,,,,,2015-12-31 00:00:00,2016-12-31 00:00:00,2017-12-31 00:00:00,2018-12-31 00:00:00,2019-12-31 00:00:00,2020-12-31 00:00:00,2021-12-31 00:00:00,2022-12-31 00:00:00,2023-12-31 00:00:00,2024-12-31 00:00:00,2025-12-31 00:00:00,2026-12-31 00:00:00,2027-12-31 00:00:00,2028-12-31 00:00:00,2029-12-31 00:00:00,2030-12-31 00:00:00,,,,,,2031-12-31 00:00:00,2032-12-31 00:00:00,2033-12-31 00:00:00,2034-12-31 00:00:00,2035-12-31 00:00:00,2036-12-31 00:00:00,2037-12-31 00:00:00,2038-12-31 00:00:00,2039-12-31 00:00:00,2040-12-31 00:00:00,,
,,,,,,,,Year for 1-year forward value,,,,,,,,,,0,,,0,0,0,0,0,0,0,0,1,2,3,4,5,,,,,,6,7,8,9,10,11,12,13,14,15,,
,,,,,,,,Discounted cash flows,,,,,,,,,,,,,,,,,,,,-9707.5,-8060.58085118072,-8124.50836623137,-6960.35439602182,-5945.13447960152,-4650.43639261678,,,,,,-3612.27764578614,-2705.98761350622,-1917.44706585603,-1233.92673591728,-869.117024265014,-559.56711129443,-235.416207213237,57.8263806065568,346.704351336234,488.402641916206,,
,,,,,,,,,,,,,,,,,,,,,,,,,,,,,,,,,,,,,,,,,,,,,,,,,,
,,,,,,,,Non-Core Fair value,,,,,,,,,,,,,,,,,,,,,,,,,,,,,,,,,,,,,,,,,,
,,,,,,,,PV of FCF,,,-53689.3205156315,,,,,,,,,,,,,,,,,,,,,,,,,,,,,,,,,,,,,,,
,,,,,,,,NPV of terminal value,,,36342.9477771203,,,,,,,,,,,,,,,,,,,,,,,,,,,,,,,,,,,,,,,
,,,,,,,,Enterprise value,,,-17346.3727385113,,,,,,,,,,,,,,,,,,,,,,,,,,,,,,,,,,,,,,,
,,,,,,,,(-) Debt,,,,,,,,,,,,,,,,,,,,,,,,,,,,,,,,,,,,,,,,,,
,,,,,,,,(+) Cash & equivalents,,,,,,,,,,,,,,,,,,,,,,,,,,,,,,,,,,,,,,,,,,
,,,,,,,,Equity value,,,-17346.3727385113,,,,,,,,,,,,,,,,,,,,,,,,,,,,,,,,,,,,,,,
,,,,,,,,Fully Diluted Shares,,,12183.4537238766,,,,,,,,,,,,,,,,,,,,,,,,,,,,,,,,,,,,,,,
,,,,,,,,Equity fair value per share,,,-1.42376481510466,,,,,,,,,,,,,,,,,,,,,,,,,,,,,,,,,,,,,,,
,,,,,,,,,,,,,,,,,,,,,,,,,,,,,,,,,,,,,,,,,,,,,,,,,,
,,,,,,,,,,,,,,,,,,,,,,,,,,,,,,,,,,,,,,,,,,,,,,,,,,
,,,,,,,,,,,,,,,,,,,,,,,,,,,,,,,,,,,,,,,,,,,,,,,,,,
,,,,,,,,DCF valuation assumptions,,,,,,,,,,,,,,,,,,,,,,,,,,,,,,,,,,,,,,,,,,
,,,,,,,,,,,,,,,,,,,,,,,,,,,,,,,,,,,,,,,,,,,,,,,,,,
,,,,,,,,Cost of Equity,,,0.08663,,,,,,,,,,,,,,,,,,,,,,,,,,,,,,,,,,,,,,,
,,,,,,,,Cost of Debt,,,0.02,,,,,,,,,,,,,,,,,,,,,,,,,,,,,,,,,,,,,,,
,,,,,,,,Marginal Tax-Rate,,,0.25,,,,,,,,,,,,,,,,,,,,,,,,,,,,,,,,,,,,,,,
,,,,,,,,Long-Term Debt / Total Cap.,,,0.05,,,,,,,,,,,,,,,,,,,,,,,,,,,,,,,,,,,,,,,
,,,,,,,,WACC,,,0.0830485,,,,,,,,,,,,,,,,,,,,,,,,,,,,,,,,,,,,,,,
,,,,,,,,Perpetual growth rate,,,0.03,,,,,,,,,,,,,,,,,,,,,,,,,,,,,,,,,,,,,,,
,,,,,,,,,,,,,,,,,,,,,,,,,,,,,,,,,,,,,,,,,,,,,,,,,,
,,,,,,,,,,,,,,,,,,,,,,,,,,,,,,,,,,,,,,,,,,,,,,,,,,
,,,,,,,,,,,,,,,,,,,,,,,,,,,,,,,,,,,,,,,,,,,,,,,,,,
,,,,,,,,,,,,,,,,,,,,,,,,,,,,,,,,,,,,,,,,,,,,,,,,,,
,,,,,,,,Total Company,,,,,,,,,,,,,,,,,,,,,,,,,,,,,,,,,,,,,,,,,,
,,,,,,,,Net revenue,,,,,,,,43261,52505,60646,73479,89183,110093,131768,149749,212071,233881,256508,295118,342910,418064.865750791,496302.250943554,583205.673800094,679027.159609343,783767.900324198,896900.615052624,1019449.28728858,1151415.82764426,1292385.61283155,1442378.56712305,,,,,,,,,,,,
,,,,,,,,% change Y/Y,,,,,,,,,,,,,,,,,,,,,,,,,,,,,,,,,,,,,,,,,,
,,,,,,,,,,,,,,,,,,,,,,,,,,,,,,,,,,,,,,,,,,,,,,,,,,
,,,,,,,,Adj. EBITDA,,,,,,,,22469,25650,29626,36563,43476,45912,56806,67780,106531,110132,120452,150486,175128,237513.840574669,291875.169502756,355341.565580651,429426.019073054,511658.478724845,595730.391836587,685463.989714309,778635.563942633,878063.550082876,980096.531648282,,,,,,,,,,,,
,,,,,,,,(-) Cash taxes,,,,,,,,-1932,-2819,-3338,-5917,-6798.25,-8728.25,-9906.25,-12020.5,-22683.5,-17832,-21429.25,-29953.75,-39706.5,-43912.1979773321,-49658.6423387978,-56438.9531801135,-64491.5525566181,-73748.9208880295,-84523.9040911898,-98057.6707562466,-114715.31594175,-137828.345540906,-162801.497126354,,,,,,,,,,,,
,,,,,,,,(+/-) Changes in working capital,,,,,,,,156,672,-409,3300,9246,4908,819,1827,-1523,-2235,-3845,-8406,618,-3551.39023758827,4426.73438695214,4374.12356006173,4036.17944100738,3925.15177685941,4250.93941957943,2359.39435850684,101.376975894371,-6221.92693500323,-6736.77918114012,,,,,,,,,,,,
,,,,,,,,(-) Capex,,,,,,,,-7358,-10959,-9915,-9972,-13130,-25100,-23548,-22281,-24640,-31485,-32251,-52535,-91447,-184955.84497189,-249859.017304858,-293609.783685794,-335059.999082199,-371068.041350865,-402207.217962214,-426579.617060393,-447257.384131901,-463244.292963217,-473736.595472165,,,,,,,,,,,,
,,,,,,,,(-) Stock-based compensation,,,,,,,,-3127,-4175,-5203,-6703,-7679,-9353,-10794,-12859,-15376,-19362,-22460,-22785,-24953,-27780.7231408855,-30178.1413166897,-32452.6812574949,-35909.8403131577,-39368.8494728617,-43029.1292282223,-46668.93314469,-50241.5177173762,-53907.9036343431,-57619.8835175213,,,,,,,,,,,,
,,,,,,,,Unlevered free cash flow,,,,,,,,10208,8369,10761,17271,25114.75,7638.75,13376.75,22446.5,42308.5,39218,40466.75,36806.25,19639.5,-22686.3157530265,-33393.8970706378,-22785.728982689,-1999.19343791361,31397.8187899475,70221.0799745401,116517.163111486,166522.723127499,216861.081009407,279201.776351102,,,,,,,,,,,,
,,,,,,,,,,,,,,,,,,,,,,,,,,,,,,,,,,,,,,,,,,,,,,,,,,
,,,,,,,,,,,,,,,,,,,1,1,1,1,1,1,1,1,1,1,1,1,1,1,1,1,1,1,1,1,,,,,,,,,,,,
,,,,,,,,Current Market Price ,,,622.36,,,,,,,,,,,,,,,,,,,,,,,,,,,,,,,,,,,,,,,
,,,,,,,,Fully Diluted Shares,,,12183.4537238766,,,,,,,,,,,,,,,,,,,,,,,,,,,,,,,,,,,,,,,
,,,,,,,,Equity Value,,,7582494.25959183,,,,,,,,,,,,,,,,,,,,,,,,,,,,,,,,,,,,,,,
,,,,,,,,(+) Debt,,,96547,,,,,,,,,,,,,,,,,,,,,,,,,,,,,,,,,,,,,,,
,,,,,,,,(-) Cash & equivalents,,,203236.422047887,,,,,,,,,,,,,,,,,,,,,,,,,,,,,,,,,,,,,,,
,,,,,,,,Enterprise Value,,,7475804.83754394,,,,,,,,,,,,,,,,,,,,,,,,,,,,,,,,,,,,,,,
,,,,,,,,,,,,,,,,,,,,,,,,,,,,,,,,,,,,,,,,,,,,,,,,,,
,,,,,,,,Core,,,,,,,,,,,,,,,,,,,,,,,,,,,,,,,,,,,,,,,,,,
,,,,,,,,Current Price,,,,,,,,,,,,,,,,,,,,,,,,,,,,,,,,,,,,,,,,,,
,,,,,,,,EV/Gross Revenue,,,,,,,,,,,82.8142152333386,67.4376874073695,,,,,,,,,,,,,,,,,,,,,,,,,,,,,,
,,,,,,,,EV/Net Revenue,,,,,,,,,,,101.740699213979,83.8254469746919,,,,,,,,,,,,,,,,,,,,,,,,,,,,,,
,,,,,,,,EV/EBITDA,,,,,,,,,,,204.463661010966,171.952452791056,,,,,,,,,,,,,,,,,,,,,,,,,,,,,,
,,,,,,,,EV/FCF,,,,,,,,,,,286.824924706259,311.99886638888,,,,,,,,,,,,,,,,,,,,,,,,,,,,,,
,,,,,,,,P/E (GAAP),,,,,,,,,,,446.499525834275,689.073482561997,,,,,,,,,,,,,,,,,,,,,,,,,,,,,,
,,,,,,,,P/E (Non-GAAP),,,,,,,,,,,361.904114027714,487.668402410906,,,,,,,,,,,,,,,,,,,,,,,,,,,,,,
,,,,,,,,P/FCF,,,,,,,,,,,290.918288044499,316.451494494881,,,,,,,,,,,,,,,,,,,,,,,,,,,,,,
,,,,,,,,,,,,,,,,,,,,,,,,,,,,,,,,,,,,,,,,,,,,,,,,,,
,,,,,,,,Scenario Price,,,,,,,,,,,,,,,,,,,,,,,,,,,,,,,,,,,,,,,,,,
,,,,,,,,EV/Gross Revenue,,,,,,,,,,,39.4131479940911,32.0951124958062,,,,,,,,,,,,,,,,,,,,,,,,,,,,,,
,,,,,,,,EV/Net Revenue,,,,,,,,,,,48.4206874851671,39.8944159281768,,,,,,,,,,,,,,,,,,,,,,,,,,,,,,
,,,,,,,,EV/EBITDA,,,,,,,,,,,97.3088558302818,81.8360404757244,,,,,,,,,,,,,,,,,,,,,,,,,,,,,,
,,,,,,,,EV/FCF,,,,,,,,,,,136.506433997951,148.487279150394,,,,,,,,,,,,,,,,,,,,,,,,,,,,,,
,,,,,,,,P/E (GAAP),,,,,,,,,,,215.791668736212,333.026818799169,,,,,,,,,,,,,,,,,,,,,,,,,,,,,,
,,,,,,,,P/E (Non-GAAP),,,,,,,,,,,174.907000276473,235.688443676492,,,,,,,,,,,,,,,,,,,,,,,,,,,,,,
,,,,,,,,P/FCF,,,,,,,,,,,140.599797336191,152.939907256395,,,,,,,,,,,,,,,,,,,,,,,,,,,,,,
,,,,,,,,,,,,,,,,,,,,,,,,,,,,,,,,,,,,,,,,,,,,,,,,,,
,,,,,,,,,,,,,,,,,,,,,,,,,,,,,,,,,,,,,,,,,,,,,,,,,,
,,,,,,,,,,,,,,,,,,,,,,,,,,,,,,,,,,,,,,,,,,,,,,,,,,
,,,,,,,,Tax / NOL worksheet,,,,,,,,,,,,,,,,,,,,,,,,,,,,,,,,,,,,,,,,,,
,,,,,,,,GAAP pre-tax income,,,,8381.189,10796,12326,13386,15899,17259,19651,24150,27193,34913,39625,48082,90734,71328,85717,119815,158826,175648.791909328,198634.569355191,225755.812720454,257966.210226472,294995.683552118,338095.616364759,392230.683024986,458861.263767001,551313.382163623,651205.988505415,,,,,,,,,,,,
,,,,,,,,Beginning NOL value,,,,186.7,187.8,362,420,1048,440,554,482,0,0,0,0,0,0,0,0,0,0,0,0,0,0,0,0,0,0,0,,,,,,,,,,,,
,,,,,,,,NOL used,,,,186.7,187.8,362,420,1048,440,554,482,0,0,0,0,0,0,0,0,0,0,0,0,0,0,0,0,0,0,0,,,,,,,,,,,,
,,,,,,,,Ending NOL value,,,,0,0,0,0,0,0,0,0,0,0,0,0,0,0,0,0,0,0,0,0,0,0,0,0,0,0,0,,,,,,,,,,,,
,,,,,,,,,,,,,,,,,,,,,,,,,,,,,,,,,,,,,,,,,,,,,,,,,,
,,,,,,,,Taxable income,,,,8194.489,10608.2,11964,12966,14851,16819,19097,23668,27193,34913,39625,48082,90734,71328,85717,119815,158826,175648.791909328,198634.569355191,225755.812720454,257966.210226472,294995.683552118,338095.616364759,392230.683024986,458861.263767001,551313.382163623,651205.988505415,,,,,,,,,,,,
,,,,,,,,Assumed cash tax rate,,,,0.231375013133827,0.205030071077091,0.122952189903042,0.156871818602499,0.130092249680156,0.167608062310482,0.17479185212337,0.25,0.25,0.25,0.25,0.25,0.25,0.25,0.25,0.25,0.25,0.25,0.25,0.25,0.25,0.25,0.25,0.25,0.25,0.25,0.25,,,,,,,,,,,,
,,,,,,,,Cash taxes paid,,,,-1896,-2175,-1471,-2034,-1932,-2819,-3338,-5917,-6798.25,-8728.25,-9906.25,-12020.5,-22683.5,-17832,-21429.25,-29953.75,-39706.5,-43912.1979773321,-49658.6423387978,-56438.9531801135,-64491.5525566181,-73748.9208880295,-84523.9040911898,-98057.6707562466,-114715.31594175,-137828.345540906,-162801.497126354,,,,,,,,,,,,
