,,,,,,,,,,,,,,,,,,,,,,,,,,,,,,,,,,,,,,,,,,,,,,,,,,,,,,,,,,,,,,,,,,,,,,,,,,,,,,,,,,,,,,,,,,,,,,,,,,,,,,,,,,
,,,,,,,,300.784424583054,,,,,,,,,,,,,,,,,,,,,,,,,,,,,,,,,,,,,,,,,,,,,,,,,,,,,,,,,,,,,,,,,,,,,,,,,,,,,,,,,,,,,,,,,,,,,,,,,,
,,,,,,,,,,,,,,,,,,,,,,,,,,,,,,,,,,,,,,,,,,,,,,,,,,,,,,,,,,,,,,,,,,,,,,,,,,,,,,,,,,,,,,,,,,,,,,,,,,,,,,,,,,
,,,,,,,,,,,2013-Q1,2013-Q2,2013-Q3,2013-Q4,2014-Q1,2014-Q2,2014-Q3,2014-Q4,2015-Q1,2015-Q2,2015-Q3,2015-Q4,2016-Q1,2016-Q2,2016-Q3,2016-Q4,2017-Q1,2017-Q2,2017-Q3,2017-Q4,2018-Q1,2018-Q2,2018-Q3,2018-Q4,2019-Q1,2019-Q2,2019-Q3,2019-Q4,2020-Q1,2020-Q2,2020-Q3,2020-Q4,2021-Q1,2021-Q2,2021-Q3,2021-Q4,2022-Q1,2022-Q2,2022-Q3,2022-Q4,2023-Q1,2023-Q2,2023-Q3,2023-Q4,2024-Q1,2024-Q2,2024-Q3,2024-Q4,2025-Q1,2025-Q2,2025-Q3,2025-Q4,2026-Q1,2026-Q2,2026-Q3,2026-Q4,2027-Q1,2027-Q2,2027-Q3,2027-Q4,2028-Q1,2028-Q2,2028-Q3,2028-Q4,,,,,,,,2011-FY,2012-FY,2013-FY,2014-FY,2015-FY,2016-FY,2017-FY,2018-FY,2019-FY,2020-FY,2021-FY,2022-FY,2023-FY,2024-FY,2025-FY,2026-FY,2027-FY,2028-FY,2029-FY,2030-FY,2031-FY,2032-FY,2033-FY,2034-FY,2035-FY
,,,,,,,,Period-End Date,,,2013-03-31 00:00:00,2013-06-30 00:00:00,2013-09-30 00:00:00,2013-12-31 00:00:00,2014-03-31 00:00:00,2014-06-30 00:00:00,2014-09-30 00:00:00,2014-12-31 00:00:00,2015-03-31 00:00:00,2015-06-30 00:00:00,2015-09-30 00:00:00,2015-12-31 00:00:00,2016-03-31 00:00:00,2016-06-30 00:00:00,2016-09-30 00:00:00,2016-12-31 00:00:00,2017-03-31 00:00:00,2017-06-30 00:00:00,2017-09-30 00:00:00,2017-12-31 00:00:00,2018-03-31 00:00:00,2018-06-30 00:00:00,2018-09-30 00:00:00,2018-12-31 00:00:00,2019-03-31 00:00:00,2019-06-30 00:00:00,2019-09-30 00:00:00,2019-12-31 00:00:00,2020-03-31 00:00:00,2020-06-30 00:00:00,2020-09-30 00:00:00,2020-12-31 00:00:00,2021-03-31 00:00:00,2021-06-30 00:00:00,2021-09-30 00:00:00,2021-12-31 00:00:00,2022-03-31 00:00:00,2022-06-30 00:00:00,2022-09-30 00:00:00,2022-12-31 00:00:00,2023-03-31 00:00:00,2023-06-30 00:00:00,2023-09-30 00:00:00,2023-12-31 00:00:00,2024-03-31 00:00:00,2024-06-30 00:00:00,2024-09-30 00:00:00,2024-12-31 00:00:00,2025-03-31 00:00:00,2025-06-30 00:00:00,2025-09-30 00:00:00,2025-12-31 00:00:00,2026-03-31 00:00:00,2026-06-30 00:00:00,2026-09-30 00:00:00,2026-12-31 00:00:00,2027-03-31 00:00:00,2027-06-30 00:00:00,2027-09-30 00:00:00,2027-12-31 00:00:00,2028-03-31 00:00:00,2028-06-30 00:00:00,2028-09-30 00:00:00,2028-12-31 00:00:00,,,,,,,,1900-12-31 00:00:00,1901-12-31 00:00:00,1902-12-31 00:00:00,1903-12-31 00:00:00,1904-12-31 00:00:00,1905-12-31 00:00:00,1906-12-31 00:00:00,1907-12-31 00:00:00,1908-12-31 00:00:00,1909-12-31 00:00:00,1910-12-31 00:00:00,1911-12-31 00:00:00,1912-12-31 00:00:00,1913-12-31 00:00:00,1914-12-31 00:00:00,1915-12-31 00:00:00,1916-12-31 00:00:00,1917-12-31 00:00:00,1918-12-31 00:00:00,1919-12-31 00:00:00,1920-12-31 00:00:00,1921-12-31 00:00:00,1922-12-31 00:00:00,1923-12-31 00:00:00,1924-12-31 00:00:00
,,,,,,,,Morgan Stanley | Google Display Network estimates,,,2013-12-31 00:00:00,,,,2014-12-31 00:00:00,,,,2015-12-31 00:00:00,,,,2016-12-31 00:00:00,,,,2017-12-31 00:00:00,,,,2018-12-31 00:00:00,,,,2019-12-31 00:00:00,,,,2020-12-31 00:00:00,,,,2021-12-31 00:00:00,,,,2022-12-31 00:00:00,,,,2023-12-31 00:00:00,,,,2024-12-31 00:00:00,,,,2025-12-31 00:00:00,,,,2026-12-31 00:00:00,,,,2027-12-31 00:00:00,,,,2028-12-31 00:00:00,,,,,,,,,,,,,,,,,,,,,,,,,,,,,,,,,,,
,,,,,,,,(In millions),,,1,2,3,4,1,2,3,4,1,2,3,4,1,2,3,4,1,2,3,4,1,2,3,4,1,2,3,4,1,2,3,4,1,2,3,4,1,2,3,4,1,2,3,4,1,2,3,4,1,2,3,4,1,2,3,4,1,2,3,4,1,2,3,4,,,,,,2009-12-31 00:00:00,2010-12-31 00:00:00,2011-12-31 00:00:00,2012-12-31 00:00:00,2013-12-31 00:00:00,2014-12-31 00:00:00,2015-12-31 00:00:00,2016-12-31 00:00:00,2017-12-31 00:00:00,2018-12-31 00:00:00,2019-12-31 00:00:00,2020-12-31 00:00:00,2021-12-31 00:00:00,2022-12-31 00:00:00,2023-12-31 00:00:00,2024-12-31 00:00:00,2025-12-31 00:00:00,2026-12-31 00:00:00,2027-12-31 00:00:00,2028-12-31 00:00:00,2029-12-31 00:00:00,2030-12-31 00:00:00,2031-12-31 00:00:00,2032-12-31 00:00:00,2033-12-31 00:00:00,2034-12-31 00:00:00,2035-12-31 00:00:00
,,,,,,,,Google Display Network (GDN) revenue,,,1185.41637228235,1060.71090374118,1008.33760952941,1086.93572084706,1375.27038926786,1574.44700367857,1619.92477805095,1562.59744215385,1541.30869830409,1695.52915747024,1622.12409005952,1910.71317151786,2019.83627216071,2143.49030519643,2179.73050261048,2387.14514980964,2340.93217062937,2137.58648997794,2475.05070151851,2629.51009256211,2318.25608914822,2246.83767573198,2672.08747310675,2838.85914919346,2491.37729651206,2413.60328016973,2874.62247717054,3052.9014902832,2603.53812259917,2204.60905966303,3019.61608725989,3299.7902023618,3053.61246586417,3051.38790775895,4278.39068457562,3912.89569888145,3273.17322861636,3270.1478613167,3809.22765127922,3432.08800988066,3084.25582431798,3060.70529757956,3468.78124607544,3372.9817364582,3062.51451852903,3013.30590042403,3410.62932383713,3318.95646967247,2989.0446464763,2916.06742743883,3293.14380360103,3237.51449311311,2918.00456422708,2847.45771375812,3238.80383461979,3186.52958124282,2873.78792938854,2804.83366477476,3188.54206875968,3139.44929099517,,,,,,,,,,,,,3299.14647,4341.4006064,6132.23961315122,6769.67511735171,8730.20222977726,9583.07945468794,10076.0403871804,10832.5045441355,11127.5534718839,14296.2867570802,13784.6367510929,12986.7241044312,12805.4062124626,12435.7703706293,12190.7956938478,12006.6129539182,11871.6575067801,11776.920790521,11715.341041915,11681.3092173192,11670.3259034929,11678.7501636181,11703.6130463413,11742.4772504744
,,,,,,,,% change Y/Y,,,NA,NA,NA,NA,0.160158085736548,0.484331874147257,0.606530156905446,0.437617158203339,0.120731392409771,0.0769045598287956,0.00135766304607188,0.222780173557802,0.310468353538228,0.264201382649507,0.343750774658979,0.249347722826086,0.158971250736658,-0.00275429993976328,0.135484730132628,0.101529202265642,-0.00968677425414422,0.0511095977946432,0.0796091859723698,0.079615232215124,0.0746773439630843,0.0742223642762354,0.0757965471198883,0.0753973092150588,0.0450196067228117,-0.086590129464856,0.0504391833156668,0.0808701862357513,0.172870271941968,0.384094787411128,0.41686577397261,0.185801356728929,0.0719019735498934,0.0716919513908734,-0.109658763746803,-0.12287771665834,-0.0577168976718768,-0.0640468176423102,-0.0893741294483803,-0.0172216660098141,-0.00704912530845758,-0.0154864296124873,-0.0167643671113907,-0.016017064724004,-0.0239900485722491,-0.0322696985299482,-0.0344468744858844,-0.0245384286608008,-0.0237668187167989,-0.0235281643473395,-0.0165009402024349,-0.0157481648279104,-0.0151530382716348,-0.014969159604167,-0.0155186199679206,-0.0147747852474941,,,,,,,,,,,,,NA,0.315916297102141,0.412502592852456,0.103948238231501,0.289604313122859,0.0976927226269351,0.0514407644039006,0.0750755383947805,0.0272373693956212,0.284764597465451,-0.0357890139363536,-0.0578841982614076,-0.0139617882470202,-0.0288656084547821,-0.0196991959066758,-0.0151083444063137,-0.0112400930767108,-0.00798007491413533,-0.00522884968841864,-0.00290489405933791,-0.000940246818397106,0.000721853030920094,0.00212889927217108,0.00332070139188234
,,,,,,,,% change Q/Q,,,NA,-0.105199718391837,-0.0493756536555263,0.0779482095826305,0.265272971428427,0.144827239766827,0.0288849191278726,-0.0353888876038286,-0.0136239464339636,0.100058125498048,-0.0432933088099976,0.177908141076768,0.0571111887799309,0.0612198299139539,0.0169070964893994,0.0951560970270244,-0.0193590989571609,-0.0868652595759571,0.157871605721111,0.0624065563379508,-0.118369579297038,-0.0308069560349925,0.18926591892591,0.0624125062391063,-0.122401934868845,-0.0312172774678544,0.191008688457035,0.0620182352738472,-0.147192226514436,-0.15322574287404,0.369683243396191,0.0927846809016562,-0.0746040570462421,-0.000728500466281257,0.402113010180286,-0.085428146385006,-0.163490805657805,-0.000924291838027891,0.164848750828491,-0.0990068528122525,-0.101347105482522,-0.00763572416812519,0.133327422544926,-0.0276176278701994,-0.0920453302706535,-0.0160680440230653,0.131856318788341,-0.0268785744390186,-0.0994022748447587,-0.0244148976240618,0.129309896134119,-0.0168924631918876,-0.098689883725833,-0.0241764016868971,0.137437026358914,-0.0161399874911271,-0.098144907769003,-0.0239942077522917,0.136802552252501,-0.0153966222511268,,,,,,,,,,,,,,,6132.23961315122,,,,,,,,,,,,,,,,,,,,,
,,,,,,,,,,,,,,,,,,,,,,,,,,,,,,,,,,,,,,,,,,,,,,,,,,,,,,,,,,,,,,,,,,,,,,,,,,,,,,,,,,,,,6132.23961315122,,,,,,,,,,,,,,,,,,,,,
,,,,,,,,Google Websites Display Revenue,,,177.812455842353,159.106635561177,151.250641429412,163.040358127059,220.043262282857,251.911520588571,252.708265375948,242.202603533846,223.489761254094,271.284665195238,259.539854409524,305.714107442857,323.173803545714,342.958448831429,285.493839850476,336.285518187143,349.027707829372,370.395124737943,308.333347038515,363.188359642115,376.949924455721,400.026734716978,333.000014801596,392.243428413484,395.797420678508,420.028071452827,349.650015541676,411.855599834158,415.587291712433,441.029475025469,367.132516318759,432.448379825866,436.366656298055,463.080948776742,385.489142134697,454.070798817159,458.184989112957,486.234996215579,404.763599241432,476.774338758017,481.094238568605,486.234996215579,404.763599241432,476.774338758017,485.905180954291,491.097346177735,408.811235233846,481.542082145597,490.764232763834,496.008319639512,412.899347586185,486.357502967053,495.671875091473,500.968402835908,417.028341062047,491.221077996724,500.628593842387,505.978086864267,421.198624472667,496.133288776691,,,,,,,,,,,,,395.8975764,651.21009096,966.865651781223,1060.02838830171,1287.91161041476,1390.94453924794,1502.22010238778,1577.33110750717,1656.19766288253,1739.00754602665,1825.95792332799,1848.86717278363,1867.35584451147,1886.02940295658,1904.88969698615,1923.93859395601,1943.17797989557,1962.60975969453,1982.23585729147,2002.05821586439,2022.07879802303,2042.29958600326,2062.7225818633,2083.34980768193
,,,,,,,,% change Y/Y,,,NA,NA,NA,NA,0.237501958118985,0.58328733242374,0.670791363181665,0.48553773014345,0.0156628243713541,0.0769045598287959,0.0270335005600737,0.262224695285473,0.446034045283563,0.264201382649506,0.1,0.1,0.08,0.08,0.08,0.08,0.08,0.08,0.08,0.08,0.05,0.05,0.05,0.05,0.05,0.05,0.05,0.05,0.05,0.05,0.05,0.05,0.05,0.05,0.05,0.05,0.05,0,0,0,0.01,0.01,0.01,0.01,0.01,0.01,0.01,0.01,0.01,0.01,0.01,0.01,0.01,0.01,0.01,0.01,,,,,,,,,,,,,NA,0.644895371377676,0.4847215440963,0.0963554102360131,0.214978414378264,0.0799999999999999,0.0800000000000003,0.05,0.05,0.0500000000000003,0.0500000000000003,0.0125464279121468,0.01,0.01,0.01,0.01,0.01,0.01,0.01,0.01,0.01,0.01,0.01,0.01
,,,,,,,,Two-year % Growth,,,,,,,,,,0.723039688262435,0.598950156795095,0.747695923010461,0.512571230703524,0.277887519656827,0.522938605112358,0.29123488320958,0.362224695285473,0.546034045283563,0.344201382649506,0.18,0.18,0.16,0.16,0.16,0.16,0.16,0.13,0.13,0.13,0.1,0.1,0.1,0.1,0.1,0.1,0.1,0.1,0.1,0.1,0.1,0.1,0.1,0.1,0.05,0.05,0.05,0.01,0.01,0.01,0.02,0.02,0.02,0.02,0.02,0.02,0.02,0.02,0.02,0.02,0.02,0.02,0.02,,,,,,,,,,,,,,,1.12961691547398,0.581076954332313,0.311333824614278,0.294978414378264,0.16,0.13,0.1,0.1,0.100000000000001,0.062546427912147,0.0225464279121468,0.02,0.02,0.02,0.02,0.02,0.02,0.02,0.02,0.02,0.02,0.02
,,,,,,,,% change Q/Q,,,NA,-0.105199718391837,-0.0493756536555267,0.0779482095826307,0.349624502856989,0.144827239766827,0.00316279614967629,-0.0415722921704707,-0.0772611111801601,0.213857241928882,-0.0432933088099974,0.177908141076768,0.0571111887799312,0.0612198299139535,-0.167555600909535,0.177908141076768,0.0378909853475686,0.0612198299139535,-0.167555600909535,0.177908141076768,0.0378909853475689,0.0612198299139535,-0.167555600909535,0.177908141076768,0.0090606801990254,0.0612198299139535,-0.167555600909535,0.177908141076768,0.0090606801990254,0.0612198299139535,-0.167555600909535,0.177908141076768,0.0090606801990254,0.0612198299139535,-0.167555600909535,0.177908141076768,0.0090606801990254,0.0612198299139535,-0.167555600909536,0.177908141076768,0.0090606801990254,0.0106855522990033,-0.167555600909536,0.177908141076768,0.0191512870010158,0.0106855522990033,-0.167555600909536,0.177908141076768,0.0191512870010155,0.0106855522990033,-0.167555600909536,0.177908141076768,0.0191512870010158,0.0106855522990033,-0.167555600909536,0.177908141076768,0.0191512870010158,0.0106855522990033,-0.167555600909536,0.177908141076768,,,,,,,,,,,,,,,,,,,,,,,,,,,,,,,,,,,,
,,,,,,,,% of total Display (ex-YouTube),,,0.15,0.15,0.15,0.15,0.16,0.16,0.156,0.155,0.145,0.16,0.16,0.16,0.16,0.16,0.130976668679254,0.140873510860435,0.149097744995975,0.173277257540005,0.124576578107811,0.138120161877087,0.162600640291738,0.178039890926547,0.124621674310096,0.138169386996506,0.158866913185982,0.174025315139318,0.121633368666146,0.134906285428801,0.159624047024724,0.200048835457874,0.121582514369206,0.131053295302333,0.142901779834909,0.151760760275427,0.0901014354590047,0.116044697778926,0.139981894360856,0.148688994148356,0.106258705516197,0.138916699509287,0.155983895620912,0.158863709158833,0.116687554079514,0.141350999207797,0.158662164053243,0.162976266733699,0.119863871566645,0.14508839948513,0.164187655524779,0.170094941897539,0.125381511470796,0.150225583237277,0.169866723708421,0.175935326595148,0.128759987438697,0.154155505377464,0.17420512791593,0.180395042037154,0.132097559131942,0.158031948533057,,,,,,,,,,0,0,0,0.12,0.15,0.157669255080587,0.156584824223647,0.147523685765481,0.145145884037047,0.149088336753695,0.145610934302455,0.148837538014736,0.12164050536867,0.132463260098835,0.142365939086423,0.145825584407787,0.151661645941212,0.156256387591457,0.160239911233931,0.163682112526056,0.166648803588302,0.169200013059753,0.171389882642269,0.173266694927331,0.174873129178281,0.176246649107057,0.177419956900301
,,,,,,,,,,,,,,,,,,,,,,,,,,,,,,,,,,,,,,,,,,,,,,,,,,,,,,,,,,,,,,,,,,,,,,,,,,,,,,,,,,,,,,15033,0.379807538684893,,,,,,,,,,,,,,,,,,,
,,,,,,,,Display Revenue from Network sites,,,1007.60391644,901.60426818,857.0869681,923.89536272,1155.227126985,1322.53548309,1367.216512675,1320.39483862,1317.81893705,1424.244492275,1362.58423565,1604.999064075,1696.662468615,1800.531856365,1894.23666276,2050.8596316225,1991.9044628,1767.19136524,2166.71735448,2266.32173292,1941.3061646925,1846.810941015,2339.08745830515,2446.61572077998,2095.57987583355,1993.5752087169,2524.97246162887,2641.04589044904,2187.95083088674,1763.57958463756,2652.48357094113,2867.34182253594,2617.24580956612,2588.30695898221,3892.90154244093,3458.82490006429,2814.9882395034,2783.91286510112,3404.46405203779,2955.31367112264,2603.16158574938,2574.47030136398,3064.01764683401,2896.20739770019,2576.60933757474,2522.20855424629,3001.81808860328,2837.41438752687,2498.28041371246,2420.05910779932,2880.24445601485,2751.15699014606,2422.3326891356,2346.48931092222,2821.77549355775,2695.30850324609,2373.15933554615,2298.8555779105,2767.34344428702,2643.31600221847,,,,,,,,,,940.553700257906,1333.85958426229,2072.26364756634,2903.2488936,3690.19051544,5165.37396137,5709.64672905,7442.2906193625,8192.13491544,8573.82028479263,9255.17343662836,9471.35580900136,12557.2792110535,11958.678827765,11137.8569316476,10938.0503679512,10549.7409676727,10285.9059968617,10082.6743599621,9928.4795268845,9814.31103082648,9733.10518462348,9679.25100145479,9648.24710546985,9636.45057761488,9640.89046447805,9659.12744279245
,,,,,,,,% change Y/Y,,,NA,NA,NA,NA,0.146509167080824,0.466869146216113,0.595189944033172,0.429160586684495,0.140744452988517,0.0769045598287956,-0.00338810786883847,0.215544787915448,0.287477680669136,0.264201382649507,0.390179493641641,0.277794908126293,0.174013393734116,-0.0185170237378134,0.143847227264085,0.105059409222971,-0.025401970351718,0.0450543033092443,0.0795535714285718,0.0795535714285716,0.0794690265486726,0.0794690265486726,0.0794690265486724,0.0794690265486726,0.0440789473684211,-0.115368421052632,0.0504999999999998,0.085684210526316,0.196208695652174,0.467643979057592,0.467643979057592,0.206282722513089,0.0755536332179931,0.0755729166666668,-0.12546875,-0.145572916666667,-0.0752495697074009,-0.0752331606217616,-0.1,-0.0199999999999999,-0.0102000000000001,-0.0203,-0.0203,-0.0203000000000002,-0.0304,-0.0405000000000002,-0.0405,-0.0304000000000001,-0.0304,-0.0304,-0.0203,-0.0203,-0.0203,-0.0202999999999999,-0.0192899999999999,-0.0192899999999999,,,,,,,,,,,0.418164198276547,0.553584554188608,0.401003630503085,0.271055514246386,0.399758072044718,0.105369479877047,0.303459035652243,0.100754503475938,0.0465916849871759,0.0794690265486726,0.0233580033754353,0.325816436873735,-0.0476695925309733,-0.0686381754990912,-0.0179394083549987,-0.0355007873630071,-0.0250086681388186,-0.0197582630991892,-0.0152930490039371,-0.0114990916533465,-0.00827422790534427,-0.00553309371954291,-0.00320312966161129,-0.00122266021236972,0.000460738819485496,0.00189162799656328
,,,,,,,,Two-year % Growth,,,,,,,,,,0.575669753765319,0.60761359920463,0.672094503861968,0.425772478815657,0.356289240903965,0.364382240497931,0.260813274780668,0.605724281557089,0.565272588795428,0.438214776383623,0.371662469903828,0.421642135390378,0.279072802957087,-0.0439189940895314,0.188901530573329,0.184612980651543,0.0541516010768536,0.124523329857917,0.159022597977244,0.159022597977244,0.158938053097345,0.123547973917094,-0.0358993945039592,0.129969026548672,0.129763157894737,0.0808402745995422,0.518143979057592,0.553328189583908,0.402491418165263,0.543197612275585,0.543216895724259,0.0808139725130885,-0.0700192834486737,0.000323346959265836,-0.200701910621762,-0.245572916666667,-0.0952495697074008,-0.0854331606217617,-0.1203,-0.0402999999999999,-0.0305000000000003,-0.0507,-0.0608000000000002,-0.0608000000000002,-0.0608000000000001,-0.0709000000000002,-0.0709,-0.0507000000000001,-0.0507,-0.0507,-0.0405999999999999,-0.0395899999999999,-0.0395899999999999,,,,,,,,,,,,,,,0.670813586291105,0.505127551921766,0.40882851552929,0.404213539128181,0.147346188463114,0.126060711535849,0.102827029924108,0.34917444024917,0.278146844342762,-0.116307768030064,-0.08657758385409,-0.0534401957180058,-0.0605094555018257,-0.0447669312380078,-0.0350513121031263,-0.0267921406572836,-0.0197733195586908,-0.0138073216248872,-0.00873622338115421,-0.00442578987398101,-0.000761921392884224,0.00235236681604878
,,,,,,,,% change Q/Q,,,NA,-0.105199718391837,-0.0493756536555263,0.0779482095826305,0.250387407058681,0.144827239766827,0.0337843711237196,-0.0342459834422219,-0.00195085704264941,0.0807588601384335,-0.0432933088099976,0.177908141076768,0.0571111887799309,0.0612198299139541,0.0520428483749107,0.0826839496572158,-0.0287465645690529,-0.112813190470051,0.226079640891489,0.0459701761441351,-0.143411045089675,-0.0486761054985201,0.266554906275137,0.0459701761441349,-0.14347812856958,-0.0486761054985202,0.266554906275136,0.0459701761441351,-0.171558949884533,-0.193958310332407,0.504033951201724,0.0810026700819775,-0.0872222526816247,-0.0110569861180555,0.504033951201724,-0.111504654727142,-0.1861431784387,-0.0110392554989024,0.222906109855607,-0.131929835078242,-0.119158953858014,-0.0110217070436447,0.190154590328995,-0.0547680426407525,-0.110350543396594,-0.0211133222778931,0.190154590328995,-0.0547680426407527,-0.119522187279104,-0.0313100585041652,0.190154590328995,-0.0448182325632871,-0.119522187279103,-0.0313100585041651,0.202552033978255,-0.044818232563287,-0.119522187279103,-0.0313100585041651,0.203791778343181,-0.044818232563287,,,,,,,,,,,,,,,,,,,,,,,,,,,,,,,,,,,,
,,,,,,,,% of total Display (ex-YouTube),,,0.85,0.85,0.85,0.85,0.84,0.84,0.844,0.845,0.855,0.84,0.84,0.84,0.84,0.84,0.869023331320746,0.859126489139565,0.850902255004025,0.826722742459995,0.875423421892189,0.861879838122913,0.837399359708262,0.821960109073453,0.875378325689904,0.861830613003494,0.841133086814018,0.825974684860683,0.878366631333854,0.865093714571199,0.840375952975276,0.799951164542126,0.878417485630795,0.868946704697667,0.857098220165091,0.848239239724573,0.909898564540995,0.883955302221074,0.860018105639144,0.851311005851643,0.893741294483803,0.861083300490713,0.844016104379088,0.841136290841167,0.883312445920486,0.858649000792203,0.841337835946757,0.837023733266301,0.880136128433355,0.85491160051487,0.835812344475221,0.829905058102461,0.874618488529204,0.849774416762723,0.830133276291579,0.824064673404853,0.871240012561304,0.845844494622536,0.825794872084069,0.819604957962847,0.867902440868058,0.841968051466943,,,,,,,,,,,,,0.88,0.85,0.842330744919413,0.843415175776353,0.852476314234519,0.854854115962953,0.850911663246306,0.854389065697545,0.851162461985264,0.878359494631331,0.867536739901165,0.857634060913577,0.854174415592213,0.848338354058788,0.843743612408543,0.839760088766069,0.836317887473944,0.833351196411698,0.830799986940247,0.828610117357731,0.826733305072669,0.825126870821719,0.823753350892943,0.822580043099699
,,,,,,,,,,,,,,,,,,,,,,,,,,,,,,,,,,,,,,,,,,,,,,,,,,,,,,,,,,,,,,,,,,,,,,,,,,,,,,,,,,,,,,,,,,,,,,,,,,,,,,,,,,
,,,,,,,,"Google Display Network Total Ad Impressions (ComScore, WW Desktop)",,,4580017.802,4098201.219,3895849.855,4199524.376,4359347.649,4898279.567,5159307.595,5078441.687,4792068.862,5179070.881,4954851.766,5836360.233,6114098.986,6488403.086,6826078.064,7390485.159,7113944.51,6311397.733,7738276.266,8094006.189,6871880.229,6537383.862,8279955.60462,8660586.62223,7352911.84503,6995000.73234,8859552.4969434,9266827.6857861,7610263.75960605,6155600.6444592,9258232.35930585,10008173.900649,9056213.8739312,8987176.94091043,13517019.2445865,12009808.6807788,9690148.84510638,9616279.32677416,11759806.7427903,10208337.378662,8914936.93749787,8846976.98063223,10583826.0685113,10004170.6310887,8736638.19874791,8581567.67121326,10266311.2864559,9704045.51215607,8387172.670798,8152489.2876526,9752995.72213313,9315883.69166982,8051685.76396608,7826389.7161465,9460405.85046914,9036407.18091973,7810135.1910471,7591598.0246621,9186054.08080553,8774351.37267306,,,,,,,,,,5532668.82504651,7410331.0236794,10906650.7766649,14516244.468,16773593.252,19495376.498,20762351.742,26819065.295,29257624.698,30349806.31785,32474292.7600995,33032270.6640201,43570218.740207,41274572.2933328,38349910.6177301,37288562.6685732,35608541.3722535,34374888.5115014,33362138.6691878,32526663.2154889,31834293.2019767,31258305.9453643,30777575.0584698,30375238.11375,30037722.29571,29754021.6241788,29515153.6282113
,,,,,,,,% change Y/Y,,,NA,NA,NA,NA,-0.0481810688385617,0.195226711731648,0.324308632782256,0.209289727194573,0.0992628365162074,0.0573244769228176,-0.0396285403099718,0.149242344938242,0.27587878264509,0.252812181004016,0.377655354059284,0.266283242287317,0.163531131290062,-0.0272802645972973,0.133634305592084,0.0951928073549089,-0.034026731676039,0.0358060351383658,0.07,0.07,0.07,0.07,0.07,0.07,0.035,-0.12,0.045,0.08,0.19,0.46,0.46,0.2,0.07,0.07,-0.13,-0.15,-0.08,-0.08,-0.1,-0.02,-0.02,-0.03,-0.03,-0.03,-0.04,-0.05,-0.05,-0.04,-0.04,-0.04,-0.03,-0.03,-0.03,-0.03,-0.029,-0.029,,,,,,,,,,,0.339377298372294,0.471816946073418,0.33095344897793,0.15550501295126,0.162265962045757,0.0649884983821665,0.291716161457179,0.0909263382663312,0.0373298116687053,0.0700000000000003,0.0171821418265392,0.319019790778875,-0.0526884306127138,-0.0708586791600779,-0.0276753695656915,-0.0450546005554553,-0.0346448580371614,-0.0294619091484414,-0.0250426227761752,-0.0212862293597489,-0.0180932949557866,-0.0153793007124186,-0.0130724056055558,-0.0111115447647224,-0.00944481305001406,-0.00802809109251195
,,,,,,,,% change Q/Q,,,NA,-0.105199718391837,-0.0493756536555263,0.0779482095826303,0.0380574700109801,0.123626735326701,0.0532897366166198,-0.0156737908161106,-0.0563899012039597,0.0807588601384335,-0.0432933088099978,0.177908141076768,0.0475876645566884,0.0612198299139541,0.0520428483749107,0.0826839496572158,-0.0374184702425434,-0.112813190470051,0.226079640891489,0.0459701761441351,-0.15099147831897,-0.0486761054985203,0.266554906275136,0.0459701761441351,-0.15099147831897,-0.0486761054985202,0.266554906275136,0.0459701761441351,-0.178762785102929,-0.191144901293428,0.504033951201724,0.0810026700819773,-0.0951182539560049,-0.00762315620874321,0.504033951201724,-0.111504654727142,-0.193147109777438,-0.00762315620874321,0.222906109855607,-0.131929835078242,-0.126700401170874,-0.0076231562087431,0.196321194423964,-0.0547680426407526,-0.126700401170874,-0.0177494505331438,0.196321194423964,-0.0547680426407526,-0.135703489818597,-0.0279812270900902,0.196321194423964,-0.0448182325632871,-0.135703489818596,-0.0279812270900903,0.208782873532547,-0.0448182325632871,-0.135703489818596,-0.0279812270900903,0.210029041443405,-0.044818232563287,,,,,,,,,,,,,,,,,,,,,,,,,,,,,,,,,,,,
,,,,,,,,% of total ad impressions,,,0.922266155751663,0.922266155751663,0.922266155751663,0.922266155751663,0.923266155751663,0.924266155751663,0.925266155751663,0.926266155751663,0.927266155751663,0.928266155751663,0.929266155751663,0.930266155751663,0.931266155751663,0.932266155751663,0.933266155751663,0.934266155751663,0.935266155751663,0.936266155751663,0.937266155751663,0.938266155751663,0.939266155751663,0.940266155751663,0.941266155751663,0.942266155751663,0.943266155751663,0.944266155751663,0.945266155751663,0.946266155751663,0.947266155751663,0.948266155751663,0.949266155751663,0.950266155751663,0.951266155751663,0.952266155751663,0.953266155751663,0.954266155751663,0.955266155751663,0.956266155751663,0.957266155751663,0.958266155751663,0.959266155751663,0.960266155751663,0.961266155751663,0.962266155751663,0.963266155751663,0.964266155751663,0.965266155751663,0.966266155751663,0.967266155751663,0.968266155751663,0.969266155751663,0.970266155751663,0.971266155751663,0.972266155751663,0.973266155751663,0.974266155751663,0.975266155751663,0.976266155751663,0.977266155751663,0.978266155751663,,,,,,,,,,0.8,0.8,0.8,0.885446601441565,0.922266155751663,0.916026108706729,0.954918000873183,0.977145856629025,0.991217102333348,0.995388691497552,0.995207353958813,0.996475676515726,0.997592571123028,0.997712530280048,0.997760163191947,0.997893632776507,0.997973750502441,0.998071804873665,0.998166076920882,0.998256410511705,0.998342148143687,0.998422936423221,0.998498643189034,0.998569293045213,0.998635018133324,0.998696021165208,0.99875254810936
,,,,,,,,,,,,,,,,,,,,,,,,,,,,,,,,,,,,,,,,,,,,,,,,,,,,,,,,,,,,,,,,,,,,,,,,,,,,,,,,,,,,,,,,,,,,,,,,,,,,,,,,,,
,,,,,,,,Average CPM,,,0.22,0.22,0.22,0.22,0.265,0.27,0.265,0.26,0.275,0.275,0.275,0.275,0.2775,0.2775,0.2775,0.2775,0.28,0.28,0.28,0.28,0.2825,0.2825,0.2825,0.2825,0.285,0.285,0.285,0.285,0.2875,0.2865,0.2865,0.2865,0.289,0.288,0.288,0.288,0.2905,0.2895,0.2895,0.2895,0.292,0.291,0.2895,0.2895,0.29492,0.29391,0.292395,0.292395,0.2978692,0.2968491,0.29531895,0.29531895,0.300847892,0.299817591,0.2982721395,0.2982721395,0.30385637092,0.30281576691,0.301254860895,0.301254860895,,,,,,,,,,0.17,0.18,0.19,0.2,0.22,0.264953793628962,0.275,0.2775,0.28,0.2825,0.285,0.286730388756408,0.288207853302916,0.289734772846978,0.290427194020584,0.293335263822592,0.296269955497057,0.29922732675686,0.302219065148667,0.305241255800154,0.308293668358156,0.311376605041737,0.314490371092155,0.317635274803076,0.320811627551107,0.324019743826618,0.327259941264884
,,,,,,,,% change Y/Y,,,NA,NA,NA,NA,0.204545454545455,0.227272727272727,0.204545454545455,0.181818181818182,0.0377358490566038,0.0185185185185186,0.0377358490566038,0.0576923076923077,0.00909090909090904,0.00909090909090904,0.00909090909090904,0.00909090909090904,0.00900900900900892,0.00900900900900892,0.00900900900900892,0.00900900900900892,0.0089285714285714,0.0089285714285714,0.0089285714285714,0.0089285714285714,0.00884955752212391,0.00884955752212391,0.00884955752212391,0.00884955752212391,0.00877192982456143,0.00526315789473686,0.00526315789473686,0.00526315789473686,0.00521739130434784,0.00523560209424079,0.00523560209424079,0.00523560209424079,0.00519031141868509,0.00520833333333326,0.00520833333333326,0.00520833333333326,0.00516351118760761,0.00518134715025909,0,0,0.01,0.01,0.01,0.01,0.01,0.01,0.01,0.01,0.01,0.01,0.01,0.01,0.01,0.01,0.01,0.01,,,,,,,,,,,0.0588235294117645,0.0555555555555556,0.0526315789473684,0.0999999999999999,0.204335425586189,0.0379168240372771,0.00909090909090882,0.00900900900900914,0.00892857142857162,0.00884955752212346,0.00607153949616768,0.00515280069516311,0.0052979803518991,0.00238984491506566,0.0100130768119533,0.010004564866227,0.00998201540497301,0.00999821247689292,0.01,0.01,0.01,0.01,0.01,0.01,0.01,0.01
,,,,,,,,% change Q/Q,,,NA,0,0,0,0.204545454545455,0.0188679245283019,-0.0185185185185185,-0.0188679245283019,0.0576923076923077,0,0,0,0.00909090909090904,0,0,0,0.00900900900900892,0,0,0,0.0089285714285714,0,0,0,0.00884955752212391,0,0,0,0.00877192982456143,-0.00347826086956526,0,0,0.00872600349040131,-0.0034602076124568,0,0,0.00868055555555558,-0.00344234079173833,0,0,0.00863557858376507,-0.00342465753424659,-0.00515463917525771,0,0.0187219343696028,-0.00342465753424648,-0.00515463917525794,0,0.0187219343696028,-0.00342465753424626,-0.00515463917525794,0,0.0187219343696028,-0.00342465753424626,-0.00515463917525794,0,0.0187219343696026,-0.00342465753424626,-0.00515463917525805,0,,,,,,,,,,,,,,,,,,,,,,,,,,,,,,,,,,,,
,,,,,,,,,,,,,,,,,,,,,,,,,,,,,,,,,,,,,,,,,,,,,,,,,,,,,,,,,,,,,,,,,,,,,,,,,,,,,,,,,,,,,,,,,,,,,,,,,,,,,,,,,,
,,,,,,,,Programmatic Revenue ,,,,,,,,,,,,,,,,,,,,,,,,,,,,,,,,,,,,,,,,,,,,,,,,,,,,,,,,,,,,,,,,,,,,,,,,,,,,1845.09525772,2892.6094183672,3311.595102849,4465.3743716175,4997.2022984184,5315.76857657143,5830.75926507587,6061.66771776087,8162.2314871848,7892.72802632487,7462.36414420387,7437.8742502068,7279.32126769415,7200.13419780316,7158.69879557312,7148.50525935684,7164.44705250333,7202.49783662138,7259.4382510911,7332.66780015709,7420.06694476346,7519.89456229288,7630.71067980604
,,,,,,,,% change Y/Y,,,,,,,,,,,,,,,,,,,,,,,,,,,,,,,,,,,,,,,,,,,,,,,,,,,,,,,,,,,,,,,,,,,,,,,,,,,,,0.567729040690085,0.144846961301228,0.348405898950597,0.119100411867204,0.0637489257246706,0.0968798172994576,0.0396017812067915,0.346532318699887,-0.0330183554929883,-0.0545266327036228,-0.00328178758417774,-0.0213169754124631,-0.0108783589814102,-0.00575480971489184,-0.00142393701807708,0.00223008762924604,0.00531105664389742,0.00790564825722018,0.0100874952762338,0.0119191468900992,0.0134537354275308,0.0147363924580575
,,,,,,,,Two-year % Growth,,,,,,,,,,,,,,,,,,,,,,,,,,,,,,,,,,,,,,,,,,,,,,,,,,,,,,,,,,,,,,,,,,,,,,,,,,,,,,0.712576001991313,0.493252860251824,0.4675063108178,0.182849337591874,0.160628743024128,0.136481598506249,0.386134099906678,0.313513963206899,-0.0875449881966111,-0.0578084202878005,-0.0245987629966409,-0.0321953343938733,-0.016633168696302,-0.00717874673296892,0.000806150611168954,0.00754114427314345,0.0132167049011176,0.0179931435334539,0.022006642166333,0.02537288231763,0.0281901278855883
,,,,,,,,% change Q/Q,,,,,,,,,,,,,,,,,,,,,,,,,,,,,,,,,,,,,,,,,,,,,,,,,,,,,,,,,,,,,,,,,,,,,,,,,,,,,,,,,,,,,,,,,,,,,,,,,,
,,,,,,,,% of GOOG Network Display Revenue ,,,,,,,,,,,,,,,,,,,,,,,,,,,,,,,,,,,,,,,,,,,,,,,,,,,,,,,,,,,,,,,,,,,,,,,,,,,,0.5,0.56,0.58,0.6,0.61,0.62,0.63,0.64,0.65,0.66,0.67,0.68,0.69,0.7,0.71,0.72,0.73,0.74,0.75,0.76,0.77,0.78,0.79
,,,,,,,,Y/Y change in bp,,,,,,,,,,,,,,,,,,,,,,,,,,,,,,,,,,,,,,,,,,,,,,,,,,,,,,,,,,,,,,,,,,,,,,,,,,,,,600,200,200,100,100,100,100,100,100,100,100,100,100,100,100,100,100,100,100,100,100,100
,,,,,,,,,,,,,,,,,,,,,,,,,,,,,,,,,,,,,,,,,,,,,,,,,,,,,,,,,,,,,,,,,,,,,,,,,,,,,,,,,,,,,,,,,,,,,,,,,,,,,,,,,,
,,,,,,,,,,,,,,,,,,,,,,,,,,,,,,,,,,,,,,,,,,,,,,,,,,,,,,,,,,,,,,,,,,,,,,,,,,,,,,,,,,,,,,,,,,,,,,,,,,,,,,,,,,
,,,,,,,,Adsense for Content Revenue ,,,,,,,,,,,,,,,,,,,,,,,,,,,,,,,,,,,,,,,,,,,,,,,,,,,,,,,,,,,,,,,,,,,,,,,,,,,,1845.09525772,2272.7645430028,2398.051626201,2976.916247745,3194.9326170216,3258.0517082212,3424.41417155249,3409.68809124049,4395.04772386874,4065.95080144008,3675.49278744369,3500.17611774438,3270.41969997853,3085.7717990585,2923.97556438902,2779.97426752766,2649.86397832315,2530.6073480021,2419.8127503637,2315.57930531276,2216.38363285142,2120.99590218517,2028.41676298641
,,,,,,,,% change Y/Y,,,,,,,,,,,,,,,,,,,,,,,,,,,,,,,,,,,,,,,,,,,,,,,,,,,,,,,,,,,,,,,,,,,,,,,,,,,,,0.231787103399352,0.0551254126099086,0.241389557764041,0.0732356408890396,0.0197560007567357,0.0510619469026545,-0.00430032104011691,0.288988202516131,-0.074879032744374,-0.0960311703373533,-0.0476988202230291,-0.065641387757913,-0.0564600014246633,-0.0524329876625496,-0.0492484611072497,-0.0468026955228699,-0.045004812056998,-0.0437818208841762,-0.0430750044751468,-0.0428383827035213,-0.0430375541726661,-0.0436489005487351
,,,,,,,,Two-year % Growth,,,,,,,,,,,,,,,,,,,,,,,,,,,,,,,,,,,,,,,,,,,,,,,,,,,,,,,,,,,,,,,,,,,,,,,,,,,,,,0.286912516009261,0.29651497037395,0.314625198653081,0.0929916416457752,0.0708179476593902,0.0467616258625376,0.284687881476014,0.214109169771757,-0.170910203081727,-0.143729990560382,-0.113340207980942,-0.122101389182576,-0.108892989087213,-0.101681448769799,-0.0960511566301195,-0.0918075075798679,-0.0887866329411742,-0.0868568253593229,-0.085913387178668,-0.0858759368761873,-0.0866864547214011
,,,,,,,,% change Q/Q,,,,,,,,,,,,,,,,,,,,,,,,,,,,,,,,,,,,,,,,,,,,,,,,,,,,,,,,,,,,,,,,,,,,,,,,,,,,,,,,,,,,,,,,,,,,,,,,,,
,,,,,,,,,,,,,,,,,,,,,,,,,,,,,,,,,,,,,,,,,,,,,,,,,,,,,,,,,,,,,,,,,,,,,,,,,,,,,,,,,,,,,,,,,,,,,,,,,,,,,,,,,,
,,,,,,,,"Google Ad Network Total Ad Impressions (ComScore, WW Desktop)",,,5059281.984,4374541.863,4110447.556,4643095.82,4911689.674,5391801.812,5569651.457,5409534.362,5088715.337,5445606.425,5160986.39,6027904.131,6262405.38,6639407.423,6967834.392,7517545.366,7186923.774,6379249.367,7796511.119,8154184.072,6909826.057,6574053.948,8313864.86062,8692662.12223,7382618.26383,,8907666.1333182,9316546.6527207,7627680.89557605,6206095.3542582,9282289.17749325,10033033.3841163,9071889.2963042,9032622.17972953,13538670.3809552,12032182.2158994,9704256.72524208,9657180.04171135,11779292.7655221,10228473.5602705,8927771.58145133,8884186.40604634,10601553.4776915,10022489.5223071,8748372.43241541,8615586.85351593,10282518.7918916,9720793.78743858,8397951.14379938,8183737.58629473,9767883.11612136,9331267.8094629,8061586.32360495,7855092.82133403,9474080.65691241,9050538.25270349,,,,,,,,,,,,,,6915836.03130813,9262913.77959925,13633313.4708312,16394263.013,18187367.223,21282555.5,21742549.332,27446327.601,29516868.332,30490406.99085,32630680.0597089,33149098.8114438,43675364.0728883,41369203.092746,38436000.9874962,37367271.8652615,35680839.6556784,34441298.0545549,33423434.6774261,32583475.4207246,31887157.38504,31307680.1473982,30823852.6596005,30418758.4430104,30078779.2840044,29792870.8972565,29552018.3493734
,,,,,,,,% change Y/Y,,,NA,NA,NA,NA,-0.0291725803121393,0.232540910764625,0.354998788117369,0.165070584737577,0.0360417035174441,0.00997896712009205,-0.0733735441355825,0.1143110899422,0.230645647333839,0.219222783438669,0.350097416552188,0.247124241299584,0.147629918202453,-0.039183927032218,0.118928878096103,0.0846870454389752,-0.0385558168854456,0.0305372262146906,0.0663570837934437,0.0660370241185793,0.0684231705588358,,0.0714230123598518,0.0717714000289076,0.0331945419617179,NA,0.0420562511625593,0.0769047543154149,0.189337810600568,0.455443666931731,0.458548653470352,0.19925667096334,0.069706255035046,0.0691446901635513,-0.129952023790167,-0.149907026278695,-0.0800149012722442,-0.0800434114644539,-0.0999838709568208,-0.0201382969560083,-0.0200945048155849,-0.0302334440380051,-0.030093201573832,-0.030101875806107,-0.0400555979210044,-0.0501241847553278,-0.0500495730847624,-0.0400714166449071,-0.0400532004098145,-0.0401582726101912,-0.0300784167578798,-0.0300848247517583,,,,,,,,,,,,,,,0.339377298372294,0.471816946073418,0.202514931390375,0.109373883326023,0.170183415721973,0.0216136559352564,0.262332543525858,0.0754396275195868,0.0329824508447112,0.0701949655674059,0.0158874639077784,0.317543029489858,-0.0528023298510716,-0.0709030362193293,-0.0278054192625922,-0.0451312639484108,-0.0347396981989527,-0.0295535718635367,-0.0251308480055419,-0.021370281306507,-0.018172746809776,-0.0154539552442036,-0.013142231798979,-0.0111766283835341,-0.00950531881790806,-0.0080842342691182
,,,,,,,,,,,,,,,,,,,,,,,,,,,,,,,,,,,,,,,,,,,,,,,,,,,,,,,,,,,,,,,,,,,,,,,,,,,,,,,,,,,,,,,,,,,,,,,,,,,,,,,,,,
,,,,,,,,"Google Search Network Total Ad Impressions (ComScore, WW Desktop)",,,479264.182,276340.644,214597.701,443571.444,552342.025,493522.245,410343.862,331092.675,296646.475000001,266535.544000001,206134.624,191543.898,148306.394000001,151004.336999999,141756.328000002,127060.207,72979.2640000004,67851.6340000015,58234.853000002,60177.8830000013,37945.8280000007,36670.0860000011,33909.256,32075.5,29706.4188,,48113.6363748,49718.9669346,17417.13597,50494.709799,24056.8181874,24859.4834673,15675.422373,45445.2388191,21651.13636866,22373.53512057,14107.8801357,40900.71493719,19486.022731794,20136.181608513,12834.6439534531,37209.4254141086,17727.4091802496,18318.8912183447,11734.2336674939,34019.1823026665,16207.5054356579,16748.2752825119,10778.4730013805,31248.2986421254,14887.3939882327,15384.1177930792,9900.55963887241,28703.1051875376,13674.8064432699,14131.0717837593,,,,,,,,,,,,,,1383167.20626163,1852582.75591985,2726662.69416623,1878018.545,1413773.971,1787179.002,980197.59,627262.306,259243.634,140600.673,156387.2996094,116828.1474237,105145.33268133,94630.799413197,86090.369766156,78709.1966883302,72298.2834248178,66409.5430534392,61296.0082383244,56812.205235691,52864.1830633497,49374.2020338964,46277.6011307028,43520.329260414,41056.9882944312,38849.2730777022,36864.7211621655
,,,,,,,,% change Y/Y,,,NA,NA,NA,NA,0.152479249951544,0.785919862732897,0.912154044930798,-0.253575315817671,-0.462929739955962,-0.459932056355432,-0.497653935908026,-0.42147950570033,-0.500056779707222,-0.433455160486967,-0.312311899625355,-0.336652285315816,-0.507915592634531,-0.550664336217034,-0.589190452224459,-0.526382929629564,-0.480046441685128,-0.459554857588245,-0.417715435806134,-0.466988561229392,-0.217136102551262,,0.418893896545533,0.550060542613521,-0.413691159231889,NA,-0.5,-0.5,-0.1,-0.1,-0.1,-0.0999999999999999,-0.1,-0.1,-0.1,-0.1,-0.0902500000000001,-0.0902500000000002,-0.0902500000000002,-0.0902500000000001,-0.0857374999999999,-0.0857374999999999,-0.0857374999999999,-0.0857374999999998,-0.081450625,-0.0814506249999999,-0.0814506249999999,-0.0814506249999999,-0.0814506249999999,-0.0814506249999999,-0.0814506249999999,-0.0814506249999998,,,,,,,,,,,,,,,0.339377298372295,0.471816946073418,-0.311239138959846,-0.247199142540947,0.264119327883707,-0.451539219684722,-0.360065447620617,-0.586706180938601,-0.457650431639914,0.112279879409965,-0.25295629686365,-0.0999999999999999,-0.1,-0.0902499999999999,-0.0857374999999999,-0.081450625,-0.0814506249999998,-0.077,-0.0731499999999998,-0.0694925,-0.066017875,-0.0627169812499999,-0.0595811321874999,-0.0566020755781248,-0.0537719717992187,-0.0510833732092577
,,,,,,,,% change Q/Q,,,NA,-0.423406433489745,-0.223430553342707,1.06699066174992,0.245215471986065,-0.106491589156194,-0.168540291431038,-0.193133599254374,-0.104037940434651,-0.101504428798622,-0.226614878802058,-0.0707825095894603,-0.225731565721811,0.0181916836302964,-0.0612433336931096,-0.103671710514405,-0.425632416921844,-0.070261464955291,-0.141732489448954,0.0333654143507371,-0.36943896813386,-0.0336200859815102,-0.0752883426562179,-0.0540783318867274,-0.0738595251827721,,NA,0.0333653966059571,-0.649688297166142,1.89913966831138,-0.52357745428856,0.0333653966059571,-0.369438934899056,1.89913966831138,-0.52357745428856,0.0333653966059571,-0.369438934899056,1.89913966831138,-0.52357745428856,0.0333653966059571,-0.362607856693795,1.89913966831138,-0.52357745428856,0.0333653966059571,-0.35944629357572,1.89913966831138,-0.52357745428856,0.0333653966059573,-0.356442808613548,1.89913966831138,-0.52357745428856,0.0333653966059573,-0.356442808613548,1.89913966831138,-0.52357745428856,0.0333653966059573,,,,,,,,,,,,,,,,,,,,,,,,,,,,,,,,,,,,,,,,
,,,,,,,,% of total ad impressions,,,0.0777338442483375,0.0777338442483375,0.0777338442483375,0.0777338442483375,0.0787338442483375,0.0797338442483375,0.0807338442483375,0.0817338442483375,0.0827338442483375,0.0837338442483375,0.0847338442483375,0.0857338442483375,0.0867338442483375,0.0877338442483375,0.0887338442483375,0.0897338442483375,0.0907338442483375,0.0917338442483375,0.0927338442483375,0.0937338442483375,0.0947338442483375,0.0957338442483375,0.0967338442483375,0.0977338442483375,0.0987338442483375,,0.001,0.002,0.003,0.004,0.005,0.006,0.007,0.008,0.009,0.01,0.011,0.012,0.013,0.014,0.015,0.016,0.017,0.018,0.019,0.02,0.021,0.022,0.023,0.024,0.025,0.026,0.027,0.028,0.029,0.03,,,,,,,,,,,,,,0.2,0.2,0.2,0.114553398558435,0.0777338442483375,0.0839738912932707,0.045081999126817,0.0228541433709749,0.0087828976666521,0.00461130850244779,0.00479264604118689,0.00352432348427428,0.00240742887697185,0.0022874697199519,0.00223983680805301,0.00210636722349277,0.00202624949755946,0.00192819512633487,0.00183392307911799,0.00174358948829491,0.00165785185631351,0.00157706357677861,0.00150135681096597,0.00143070695478743,0.00136498186667651,0.00130397883479164,0.0012474518906404
,,,,,,,,,,,,,,,,,,,,,,,,,,,,,,,,,,,,,,,,,,,,,,,,,,,,,,,,,,,,,,,,,,,,,,,,,,,,,,,,,,,,,,,,,,,,,,,,,,,,,,,,,,
,,,,,,,,,,,,,,,,,,,,,,,,,,,,,,,,,,,,,,,,,,,,,,,,,,,,,,,,,,,,,,,,,,,,,,,,,,,,,,,,,,,,,,,,,,,,,,,,,,,,,,,,,,
