,,,,,,,,,,,,,,,,,,,,,,,,,,,,,,,,,,,,,,,,,,,,,,,,,,,,,,,,,,,,,,,,,,,,,,,,,,,,,,,,,,,,,,,,,,,,,,,,,,,,,,,,,,,,,,,,,,,,,,,,,,,,,,,,,,,,,,,,,,,,,,,,,,,,,,,,,,,,,,,,,,,,,,,,,,
,,,,,,,,,,,,,,,,,,,,,,,,,,,,,,,,,,,,,,,,,,,,,,,,,,,,,,,,,,,,,,,,,,,,,,,,,,,,,,,,,,,,,,,,,,,,,,,,,,,,,,,,,,,,,,,,,,,,,,,,,,,,,,,,,,,,,,,,,,,,,,,,,,,,,,,,,,,,,,,,,,,,,,,,,,
,,,,,,,,,,,,,,,,,,,,,,,,,,,,,,,,,,,,,,,,,,,,,,,,,,,,,,,,,,,,,,,,,,,,,,,,,,,,,,,,,,,,,,,,,,,,,,,,,,,10794,8739,9312,10656,11633,10379,11203,12870,13578,12139.25,12857.14,14583.365,15164.7285,13678.45,14239.208,15800.56935,17340.235625,,,,,,,,,,,,,,,,,,,,,,,,,,,,,,,,,,,,,,,,,,,,,,,,,,,,,,,
,,,,,,,,300.784424583054,,,,,,,,,,,,,,,,,,,,,,,,,,,,,,,,,,,,,,,,,,,,,,,,,,,,,,,,,,,,,,,,,,,,,,,,,,,,,,,,,,,,,,,,,,,,,,,0.077728367611636,0.187664492504863,0.203071305841924,0.20777027027027,0.167196767815697,0.169597263705559,0.147651521913773,0.133128593628594,0.116860251878038,0.126795312725251,0.107494201665378,0.0834652599040069,0.143458362937391,,,,,,,,,,,,,,,,,,,,,,,,,,,,,,,,,,,,,,,,,,,,,,,,,,,,,,,
,,,,,,,,,,,,,,,,,,,,,,,,,,,,,,,,,,,,,,,,,,,,,,,,,,,,,,,,,,,,,,,,,,,,,,,,,,,,,,,,,,,,,,,,,,,,,,,,,,,,,,,,,,,,,,,,,,,,,,,,,,,,,,,,,,,,,,,,,,,,,,,,,,,,,,,,,,,,,,,,,,,,,,,,,,
,,,,,,,,Morgan Stanley | GOOGL Other Drivers,,,,,,,,,,,,,,,,,,,,,,,,,,,,,,,,,,,,,,,,,,,,,,,,2013-12-31 00:00:00,,,,2014-12-31 00:00:00,,,,2015-12-31 00:00:00,,,,2016-12-31 00:00:00,,,,2017-12-31 00:00:00,,,,2018-12-31 00:00:00,,,,2019-12-31 00:00:00,,,,2020-12-31 00:00:00,,,,2021-12-31 00:00:00,,,,2022-12-31 00:00:00,,,,2023-12-31 00:00:00,,,,2024-12-31 00:00:00,,,,2025-12-31 00:00:00,,,,2026-12-31 00:00:00,,,,2027-12-31 00:00:00,,,,2028-12-31 00:00:00,,,,,,,,,,,,,,,,,,,,,,,,,,,,,,,,,,,,,,,,,,,,,,,,,,,,,,
,,,,,,,,(In millions),,,,,,,,,,,,,,,,,,,,,,,,,,,,,,,,,,,,,,,,,,,,,,,,1,2,3,4,1,2,3,4,1,2,3,4,1,2,3,4,1,2,3,4,1,2,3,4,1,2,3,4,1,2,3,4,1,2,3,4,1,2,3,4,1,2,3,4,1,2,3,4,1,2,3,4,1,2,3,4,1,2,3,4,1,2,3,4,,2006-12-31 00:00:00,2007-12-31 00:00:00,2008-12-30 00:00:00,2009-12-30 00:00:00,2010-12-30 00:00:00,2011-12-30 00:00:00,2012-12-29 00:00:00,2013-12-29 00:00:00,2014-12-29 00:00:00,2015-12-29 00:00:00,2016-12-28 00:00:00,2017-12-28 00:00:00,2018-12-28 00:00:00,2019-12-28 00:00:00,2020-12-27 00:00:00,2021-12-27 00:00:00,2022-12-27 00:00:00,2023-12-27 00:00:00,2024-12-26 00:00:00,2025-12-26 00:00:00,2026-12-26 00:00:00,2027-12-26 00:00:00,2028-12-25 00:00:00,2029-12-25 00:00:00,2030-12-25 00:00:00,2031-12-25 00:00:00,2032-12-24 00:00:00,2033-12-24 00:00:00,2034-12-24 00:00:00,2035-12-24 00:00:00,,,,,,,,,,,,,,,,,,,,
,,,,,,,,GOOGLE DISTRIBUTION TAC SUMMARY,,,,,,,,,,,,,,,,,,,,,,,,,,,,,,,,,,,,,,,,,,,,,,,,,,,,,,,,,,,,,,,,,,,,,,,,,,,,,,,,,,,,,,,,,,,,,,,,,,,,,,,,,,,,,,,,,,,,,,,,,,,,,,,,,,,,,,,,,,,,,,,,,,,,,,,,,,,,,,,,,,
,,,,,,,,,,,,,,,,,,,,,,,,,,,,,,,,,,,,,,,,,,,,,,,,,,,,,,,,,,,,,,,,,,,,,,,,,,,,,,,,,,,,,,,,,,,,,,,,,,,,,,,,,,,,,,,,,,,,,,,,,,,,,,,,,,,,,,,,,,,,,,,,,,,,,,,,,,,,,,,,,,,,,,,,,,
,,,,,,,,Total Distribution TAC,,,,,,,,,,,,,,,,,,,,,,,,,,,,,,,,,,,,,,,,,,,,,,,,680,706,755,824,845,893,927,968,913,945,1052,1191,1217,1352,1559,1766,1805,2049,2401,2776,2902,3009,3155,3506,3383,3617,3856,4318.72,3973.2224,3774.56128,4453.9823104,5790.17700352,5590.17700352,6290.17700352,6690.17700352,7740.17700352,7140.17700352,7140.17700352,7140.17700352,7640.17700352,,,,,,,,,,,,,,,,,,,,,,,,,,154,390,654,904,1152,1517,2165,2965,3633,4101,5894,9031,12572,15174.72,17991.94299392,26310.70801408,29060.70801408,31837.71801408,36323.38801408,40323.38801408,45623.38801408,51373.38801408,56375.88801408,60878.13801408,64930.16301408,,,,,,,,,,,,,,,,,,,,,,,,,
,,,,,,,,Google Websites revenue,,,,,,,,,,,,,,,,,,,,,,,,,,,,,,,,,,,,,,,,,,,,,,,,8640,8868,9376,10538,10469,10935,11252,12429,11932,12402,13087,14936,14328,15400,16089,17968,17441.7041574536,18465.9770787268,19766.8638221834,22286.4549416362,22153.5170652715,23289.7687468859,24082.7141878426,26925,25572,27245,28545,31902,28540,25131,31375,38788,37884,42847,45131,51934,46487,48029,46610,50567,,,,,,,,,,,,,,,,,,,,,,,,,,,,,,,,31221,37422,45085,52357,63785,77961,96451,113264,123834,177796,191693,206543,234231,264899,303368.613292138,335873.768939506,370464.399676971,405627.88426503,442282.667519302,,,,,,,,,,,,,,,,,,,,,,,,,
,,,,,,,,% of Google Websites revenue,,,,,,,,,,,,,,,,,,,,,,,,,,,,,,,,,,,,,,,,,,,,,,,,0.0787037037037037,0.0796120884077582,0.0805247440273038,0.0781932055418486,0.0807144904002293,0.0816643804298125,0.0823853537148951,0.0778823718722343,0.0765169292658398,0.0761973875181422,0.0803851149996179,0.0797402249598286,0.0849385817978783,0.0877922077922078,0.0968985020821679,0.0982858414959929,0.10348759408516,0.110960822233473,0.121465904839466,0.124559962868468,0.130995001446035,0.129198363139709,0.131006828191845,0.130213556174559,0.132293133114344,0.132758304276014,0.135084953582063,0.135374584665538,0.139215921513665,0.150195427161673,0.141959595550598,0.149277534379705,0.147560368586211,0.146805540726772,0.148239059704416,0.14903872229214,0.153595134199238,0.148663869818651,0.153189809129371,0.151090177458026,,,,,,,,,,,,,,,,,,,,,,,,,,0.0243178488115125,0.0367069015092654,0.0453732910607818,0.0574972685617274,0.059247068504423,0.0580225664563014,0.0693443515582461,0.079231468120357,0.0805811245425308,0.0783276352732204,0.0924041702594654,0.115839971267685,0.130345978787156,0.13397655036022,0.145290816689439,0.147982564366352,0.15160025673384,0.1541457130674,0.155075066981228,0.152221744944602,0.150389282262848,0.152954451240081,0.152176263261024,0.150083710651172,0.146806935433992,,,,,,,,,,,,,,,,,,,,,,,,,
,,,,,,,,,,,,,,,,,,,,,,,,,,,,,,,,,,,,,,,,,,,,,,,,,,,,,,,,,,,,,,,,,,,,,,,,,,,,,,,,,,,,,,,,,,,,,,,,,,,,,,,,,,,,,,,,,,,,,,,,,,,,,,,,,,,,,,,,,,,,,,,,,,,,,,,,,,,,,,,,,,,,,,,,,,
,,,,,,,,YoY Change in bp,,,,,,,,,,,,,,,,,,,,,,,,,,,,,,,,,,,,,,,,,,,,,,,,,,,,,,,,,,,,,,,,,,,,,,,,,,,,,,,,,,,,,,,,,,,,,,,,,,,,,,,,,,,,,,,,,,,,,,,,,,,,,,,,,,,,,,,,,,,,,,,,,,,,,,,,,,,,,,,,,,
,,,,,,,,Mobile search revs (MS),,,,,,,,,,,,,,,,,,,,,,,,,,,,,,,,,,,,,,,,,,,,,,,,1195.31553685848,1381.89277952152,1436.61156305191,1674.64048335177,2302.69139600448,2595.98495128368,2496.12009703534,2772.78668150681,3171.69049865215,3505.72796328138,3802.36524082672,4595.33083548684,4769.27202219807,5511.47853880221,5900.65391655953,6750.54099733017,6910.675160165,7638.90925477986,8364.17692672313,9568.89186371552,10376.3787529878,11229.1966045264,11241.4537895159,12860.5906648337,12611.4507363813,14110.6084532479,14357.5847799697,16425.5463971256,14938.2633972437,13004.3367505132,15499.0127699773,21353.2103162632,20390.7295372376,20741.9171170686,23217.521129426,30268.1756233031,25371.1652267079,24610.2846594019,26572.452932628,33370.6636246917,,,,,,,,,,,,,,,,,,,,,,,,,,,,,,,,4720.51582580024,5688.46036278368,10167.5831258303,15075.1145382471,22931.94547489,32482.6532053835,45707.6198118637,57505.1903667244,64794.8232339974,94618.3434070353,109924.56644343,122314.330677561,139546.664519409,154342.155758294,168863.556958171,182436.664934959,195058.206010669,206714.727721868,217421.265346069,,,,,,,,,,,,,,,,,,,,,,,,,
,,,,,,,,,,,,,,,,,,,,,,,,,,,,,,,,,,,,,,,,,,,,,,,,,,,,,,,,,,,,,,,,,,,,,,,,,,,,,,,,,,,,,,,,,,,,,,,,,,,,,,,,,,,,,,,,,,,,,,,,,,,,,,,,,,,,,,,,,,,,,,,,,,,,,,,,,,,,,,,,,,,,,,,,,,
,,,,,,,,OTHER GOOGLE & OTHER BETS ROLL-UP,,,,,,,,,,,,,,,,,,,,,,,,,,,,,,,,,,,,,,,,,,,,,,,,,,,,,,,,,,,,,,,,,,,,,,,,,,,,,,,,,,,,,,,,,,,,,,,,,,,,,,,,,,,,,,,,,,,,,,,,,,,,,,,,,,,,,,,,,,,,,,,,,,,,,,,,,,,,,,,,,,
,,,,,,,,,,,,,,,,,,,,,,,,,,,,,,,,,,,,,,,,,,,,,,,,,,,,,,,,,,,,,,,1794,1750,1704,1894,2251,2237,2357,2630,3665,3076.68687000988,3287.01985082344,3846.97645756872,5236.31682159797,4553.11019926654,4638.47016813762,4670.41963259584,6634,5615,6342,6584,8050,7347,8279,9100,10701,10739,11443,11926,13883,13072,13022,13972,16337,,,,,,,,,,,,,,,,,,,,,,,,,,,,,,,,,,,,,,,,,,,,,,,,,,,,,,,,,,,,,,,,,,,,,,,,,,,
,,,,,,,,Total Google Other Revenue + Other Bets Revenue ,,,,,,,,,,,,,,,,,,,,,,,,,,,,,,,,,,,,,,,,,,,,,,,,1049,1046,1230,1647,1423,1457,1703,1794,1750,1704,1894,2251,2237,2357,2630,3665,3076.68687000988,3287.01985082344,3846.97645756872,5236.31682159797,4553.11019926654,4638.47016813762,4670.41963259584,6634,5615,6342,6584,8050,7347,8279,9100,10701,10739,11443,11926,13883,13072,13022,13972,16337,,,,,,,,,,,,,,,,,,,,,,,,,,,,,,,,,4972,6377,7599,10889,15447,20496,26591,35427,47991,56403,69303,85217,108272,151430.675,202669.732,260928.632,327375.582,401271.007,,,,,,,,,,,,,,,,,,,,,,,,,
,,,,,,,,Period-to-period addition,,,,,,,,,,,,,,,,,,,,,,,,,,,,,,,,,,,,,,,,,,,,,,,,,-3,184,417,-224,34,246,91,-44,-46,190,357,-14,120,273,1035,-588.313129990123,210.332980813564,559.956606745281,1389.34036402925,-683.20662233143,85.359968871082,31.9494644582201,1963.58036740416,-1019,727,242,1466,-703,932,821,1601,38,704,483,1957,-811,-50,950,2365,,,,,,,,,,,,,,,,,,,,,,,,,,,,,,,,,,,1222,3290,4558.00000000001,5048.99999999999,6095,8836,12564,8412,12900,15914,23055,43158.675,51239.057,58258.9,66446.95,73895.425,,,,,,,,,,,,,,,,,,,,,,,,,
,,,,,,,,% change Y/Y,,,,,,,,,,,,,,,,,,,,,,,,,,,,,,,,,,,,,,,,,,,,,,,,,NA,NA,NA,0.356530028598665,0.392925430210325,0.384552845528455,0.0892531876138434,0.229796205200281,0.169526424159231,0.112155020551967,0.254738015607581,0.278285714285714,0.383215962441315,0.388595564941922,0.628165259884496,0.375362928033025,0.394577789912364,0.462728691090769,0.428735831268204,0.479874420646493,0.411147598325463,0.214049444832718,0.266921048901602,0.233222951841693,0.367261137856225,0.409723433425314,0.213445884835695,0.308459483526269,0.305424156417534,0.382138517618469,0.329316770186335,0.461685041513543,0.382171759874381,0.310549450549451,0.297355387346977,0.21724555358972,0.137988289784148,0.171557940633909,0.176762947489736,,,,,,,,,,,,,,,,,,,,,,,,,,,,,,,,,,,0.191626156499922,0.432951704171602,0.418587565433006,0.326859584385317,0.297375097580016,0.332292881049979,0.354644762469303,0.175282865537288,0.228711238763895,0.229629308976523,0.270544609643616,0.398613445766219,0.338366430711611,0.287457329839465,0.254655648522313,0.225720637283205,,,,,,,,,,,,,,,,,,,,,,,,,
,,,,,,,,% change Q/Q,,,,,,,,,,,,,,,,,,,,,,,,,,,,,,,,,,,,,,,,,,,,,,,,,-0.0028598665395615,0.175908221797323,0.339024390243903,-0.136004857316333,0.0238931834153198,0.168840082361016,0.0534351145038168,-0.0245261984392419,-0.0262857142857142,0.11150234741784,0.188489968321014,-0.00621945801865842,0.0536432722396065,0.115825201527365,0.393536121673004,-0.160521999997305,0.0683634668395385,0.170353886547112,0.361151251990584,-0.130474653388703,0.0187476175922192,0.00688793142999722,0.420429109560074,-0.153602652999699,0.129474621549421,0.0381583096814886,0.222660996354799,-0.0873291925465839,0.126854498434735,0.0991665660103878,0.175934065934066,0.00355106999345844,0.0655554520905113,0.0422092108712751,0.164095254066745,-0.0584167687099331,-0.00382496940024479,0.072953463369682,0.169267105639851,,,,,,,,,,,,,,,,,,,,,,,,,,,,,,,,,,,,,,,,,,,,,,,,,,,,,,,,,,,,,,,,,,,,,,,,,,,
,,,,,,,,,,,,,,,,,,,,,,,,,,,,,,,,,,,,,,,,,,,,,,,,,,,,,,,,,,,,,,,,,,,,,,,,,,,,,,,,,,,,,,,,,,,,,,,,,,,,,,,,,,,,,,,,,,,,,,,,,,,,,,,,,,,,,,,,,,,,,,,,,,,,,,,,,,,,,,,,,,,,,,,,,,
,,,,,,,,"""GOOGLE OTHER REVENUES""",,,,,,,,,,,,,,,,,,,,,,,,,,,,,,,,,,,,,,,,,,,,,,,,,,,,,,,,,,,,,,,,,,,,,,,,,,,,,,,,,,,,,,,,,,,,,,,,,,,,,,,,,,,,,,,,,,,,,,,,,,,,,,,,,,,,,,,,,,,,,,,,,,,,,,,,,,,,,,,,,,
,,,,,,,,,,,,,,,,,,,,,,,,,,,,,,,,,,,,,,,,,,,,,,,,,,,,,,,,,,,,,,,,,,,,,,,,,,,,,,,,,,,,,,,,,,,,,,,,,,,,,,,,,,,,,,,,,,,,,,,,,,,,,,,,,,,,,,,,,,,,,,,,,,,,,,,,,,,,,,,,,,,,,,,,,,
,,,,,,,,"Core Google ""Other"" Revenues",,,,,,,,,,,,,,,,,,,,,,,,,,,,,,,,,,,,,,,,,,,,,,,,,,,,,,,1688,1670,1629,1752,2100,2071,2172,2433,3403,2944.68687000988,3190.01985082344,3729.97645756872,5105.31682159797,4403.11019926654,4493.47016813762,4524.41963259584,6480,5445,6180,6429,7878,7212,8131,8922,10505,10541,11251,11744,13702,12632,12829,13763,16111,14867,16173,16750,19986,18313,19659,22009,23588,22639,24827,28027,31242,31892,35392,39392,42392,42792,47192,52092,56392,,,,,,,,,,,,,4435,6050,7151,10079,14970,19901,25932,34770,47238,55335,67776,83569,106735,149068,198468,254968,319168,389668,464668,546468,634268,727068,823568,,,,,,,,,,,,,,,,,,,,
,,,,,,,,Period-to-period addition,,,,,,,,,,,,,,,,,,,,,,,,,,,,,,,,,,,,,,,,,,,,,,,,,,,,,,,1688,-18,-41,123,348,-29,101,261,970,-458.313129990123,245.332980813564,539.956606745281,1375.34036402925,-702.20662233143,90.359968871082,30.9494644582201,1955.58036740416,-1035,735,249,1449,-666,919,791,1583,36,710,493,1958,-1070,197,934,2348,-1244,1306,577,3236,-1673,1346,2350,1579,-949,2188,3200,3215,650,3500,4000,3000,400,4400,4900,4300,,,,,,,,,,,,,4435,1615,1101,2928,4891,4931,6031,8838,12468,8097,12441,15793,23166,42333,49400,56500,64200,70500,75000,81800,87800,92800,96500,,,,,,,,,,,,,,,,,,,,
,,,,,,,,% change Y/Y,,,,,,,,,,,,,,,,,,,,,,,,,,,,,,,,,,,,,,,,,,,,,,,,,,,,,,,NA,NA,NA,NA,0.244075829383886,0.240119760479042,0.333333333333333,0.388698630136986,0.62047619047619,0.421867151139487,0.468701588776906,0.533077047911517,0.500240029855412,0.495272806120731,0.40860257248171,0.212988790697343,0.269265008703565,0.23662587434378,0.375329037192959,0.420955729588554,0.215740740740741,0.324517906336088,0.315695792880259,0.387774148390107,0.333460269103834,0.46159179145868,0.383716640019678,0.316296794440708,0.304331270823417,0.198368276254625,0.1402541996267,0.17191757493188,0.175813749817545,0.176931602279924,0.260659443448437,0.217031170529681,0.240518900130346,0.231788524920966,0.21554442589501,0.313970149253731,0.180226158310818,0.236225632064654,0.262882140495447,0.273433595347358,0.324487027302018,0.408719466407527,0.425544769807065,0.405501837513826,0.356891364189232,0.341778502445755,0.333408679927667,0.322400487408611,0.330250990752972,,,,,,,,,,,,,NA,0.364148816234498,0.18198347107438,0.409453223325409,0.485266395475742,0.32939211756847,0.303050097985026,0.340814437760296,0.358584987057808,0.171408611710911,0.224830577392247,0.233017587346553,0.27720805561871,0.396617791727175,0.3313923846835,0.284680653808171,0.251796303849895,0.220886805694807,0.192471539874971,0.176039667031085,0.160668145252787,0.146310392452402,0.132724862048667,,,,,,,,,,,,,,,,,,,,
,,,,,,,,% change Q/Q,,,,,,,,,,,,,,,,,,,,,,,,,,,,,,,,,,,,,,,,,,,,,,,,,,,,,,,NA,-0.0106635071090048,-0.0245508982035928,0.0755064456721915,0.198630136986301,-0.0138095238095238,0.048768710767745,0.120165745856354,0.398684751335799,-0.134679144869269,0.0833137755026365,0.169264340661047,0.368726285453749,-0.137544181266235,0.0205218504152209,0.00688765326132068,0.432227893565691,-0.159722222222222,0.134986225895317,0.0402912621359224,0.225384974335044,-0.0845392231530845,0.127426511369939,0.0972820071331939,0.177426585967272,0.0034269395525941,0.0673560383265346,0.0438183272597992,0.166723433242507,-0.0780907896657422,0.0155953134895503,0.0728038038818302,0.17060233960619,-0.0772143256160387,0.0878455640008071,0.035676745192605,0.193194029850746,-0.083708596017212,0.0734996996669033,0.119538125031792,0.071743377709119,-0.0402323215194167,0.0966473784177746,0.128891932170621,0.114710814571663,0.020805326163498,0.109745390693591,0.113019891500904,0.0761575954508529,0.00943574259294211,0.102822957562161,0.10383115782336,0.0825462643016202,,,,,,,,,,,,,,,,,,,,,,,,,,,,,,,,,,,,,,,,,,,,,,,,,,,,,,,
,,,,,,,,,,,,,,,,,,,,,,,,,,,,,,,,,,,,,,,,,,,,,,,,,,,,,,,,,,,,,,,,,,,,,,,,,,,,,,,,,,,,,,,,,,,,,,,,,,,,,,,,,,,,,,,,,,,,,,,,,,,,,,,,,,,,,,,,,,,,,,,,,,,,,,,,,,,,,,,,,,,,,,,,,,
,,,,,,,,"Subscriptions, Platforms, and Devices (ex. Cloud",,,,,,,,,,,,,,,,,,,,,,,,,,,,,,,,,,,,,,,,,,,,,,,,,,,,,,,,,,,,,,,,,,,,,,,4771,3620,4080,4050,5264,4435,5124,5478,6674,6494,6623,6754,8161,6811,6553,6895,8796,7413,8142,8339,10794,8739,9312,10656,11633,10379,11203,12870,13578,12139.25,12857.14,14583.365,15164.7285,13678.45,14239.208,15800.56935,17340.235625,,,,,,,,,,,,,,5200,5451,7379,10914,14063,17014,21711,28032,29055,34688,40340,48030,54744.4835,61058.462975,67344.6426911483,73265.6259169439,78841.3730354081,84085.4033518226,89015.8072691701,93659.7485506877,98014.7328878152,101891.352978193,,,,,,,,,,,,,,,,,,,,
,,,,,,,,Period-to-period addition,,,,,,,,,,,,,,,,,,,,,,,,,,,,,,,,,,,,,,,,,,,,,,,,,,,,,,,,,,,,,,,,,,,,,,,,,,,1214,-829,689,354,1196,-180,129,131,1407,-1350,-258,342,1901,-1383,729,197,2455,-2055,573,1344,977,-1254,824,1667,708,-1438.75,717.889999999999,1726.225,581.3635,-1486.2785,560.758000000002,1561.36135,1539.666275,,,,,,,,,,,,,,5200,251,1928,3535,3149,2951,4697,6321,1023,5633,5652,7690,6714.4835,6313.979475,6286.17971614833,5920.98322579562,5575.74711846415,5244.03031641449,4930.40391734749,4643.94128151762,4354.98433712754,3876.62009037752,,,,,,,,,,,,,,,,,,,,
,,,,,,,,% change Y/Y,,,,,,,,,,,,,,,,,,,,,,,,,,,,,,,,,,,,,,,,,,,,,,,,,,,,,,,,,,,,,,,,,,,,,,,,,,,0.103332634667785,0.225138121546961,0.255882352941176,0.352592592592593,0.267857142857143,0.464261555806088,0.292544886807182,0.232931726907631,0.222804914593947,0.0488142901139514,-0.0105692284463235,0.0208765176191887,0.0778090920230363,0.0883864337101747,0.242484358309171,0.209427121102248,0.227148703956344,0.178874949413193,0.143699336772292,0.277851061278331,0.077728367611636,0.187664492504863,0.203071305841924,0.20777027027027,0.167196767815697,0.169597263705559,0.147651521913773,0.133128593628594,0.116860251878038,0.126795312725251,0.107494201665378,0.0834652599040069,0.143458362937391,,,,,,,,,,,,,,NA,0.0482692307692307,0.353696569436801,0.479062203550617,0.288528495510354,0.209841427860343,0.276066768543552,0.291142738703883,0.0364940068493151,0.193873687833419,0.162938191881919,0.190629647992068,0.13979769935457,0.115335446995312,0.102953454932565,0.0879206272271731,0.0761031800203955,0.0665136858291313,0.058635669459991,0.052169849647884,0.0464979289878262,0.0395514018776604,,,,,,,,,,,,,,,,,,,,
,,,,,,,,% change Q/Q,,,,,,,,,,,,,,,,,,,,,,,,,,,,,,,,,,,,,,,,,,,,,,,,,,,,,,,,,,,,,,,,,,,,,,,,,,,0.299753086419753,-0.157484802431611,0.155355129650507,0.0690866510538641,0.218327856882074,-0.0269703326341025,0.0198644902987373,0.0197795560924052,0.208320994965946,-0.165420904300943,-0.0378799001615034,0.0521898367160079,0.275707034082669,-0.157230559345157,0.0983407527316875,0.0241955293539671,0.294399808130471,-0.190383546414675,0.0655681428081016,0.144329896907216,0.0916854354354355,-0.107796785008166,0.079391078138549,0.148799428724449,0.0550116550116551,-0.105961850051554,0.0591379203822311,0.134261974280439,0.0398648391506349,-0.0980089092923756,0.0409957268550165,0.109652260856081,0.0974437212289445,,,,,,,,,,,,,,,,,,,,,,,,,,,,,,,,,,,,,,,,,,,,,,,,,,,,,,,
,,,,,,,,,,,,,,,,,,,,,,,,,,,,,,,,,,,,,,,,,,,,,,,,,,,,,,,,,,,,,,,,,,,,,,,,,,,,,,,,,,,,,,,,,,,,,,,,0.137200723824126,0.231915129862848,0.230303638721437,0.30495779597938,0.267261383123368,0.386183695081463,0.487278182380579,0.30487707156798,0.366539441918056,0.346770642614216,0.485621331548601,0.244925135427333,,,,,,,,,,,,,,,,,,,,,,,,,,,,,,,,,,,,,,,,,,,,,,,,,,,,,,,,,,,,,,,
,,,,,,,,Google Play Revenue,,,,,,,,,,,,,,,,,,,,,,,,,,,,,,,,,,,,,,,,,,,,,,,,,,,,,,,,,,,,,,,,,,,,,,,,,,,,,,,,,,,,,,,,,,,,,,,,,,,,,,,,,,,,,,,,,,,,,,,,2000,3350,4600,5800,6900,9200,11200,13888,16248.96,14949.0432,14949.0432,15995.476224,16715.27265408,17467.4599235136,18174.8920504159,18837.3668656536,19455.3266856813,20029.7354784127,20561.9666110319,21053.7028554299,21506.8492918472,21923.458995322,22305.6708695263,,,,,,,,,,,,,,,,,,,,
,,,,,,,,% change Y/Y,,,,,,,,,,,,,,,,,,,,,,,,,,,,,,,,,,,,,,,,,,,,,,,,,,,,,,,,,,,,,,,,,,,,,,,,,,,,,,,,,,,,,,,,,,,,,,,,,,,,,,,,,,,,,,,,,,,,,,,,,0.675,0.373134328358209,0.260869565217391,0.189655172413793,0.333333333333333,0.217391304347826,0.24,0.17,-0.08,0,0.07,0.045,0.045,0.0405,0.03645,0.032805,0.0295245,0.02657205,0.023914845,0.0215233605,0.01937102445,0.017433922005,,,,,,,,,,,,,,,,,,,,
,,,,,,,,Abs change Y/Y,,,,,,,,,,,,,,,,,,,,,,,,,,,,,,,,,,,,,,,,,,,,,,,,,,,,,,,,,,,,,,,,,,,,,,,,,,,,,,,,,,,,,,,,,,,,,,,,,,,,,,,,,,,,,,,,,,,,,,,,,1350,1250,1200,1100,2300,2000,2688,2360.96,-1299.9168,0,1046.433024,719.796430079998,752.187269433598,707.432126902302,662.47481523766,617.959820027765,574.408792731396,532.231132619156,491.736244398002,453.146436417297,416.609703474838,382.211874204259,,,,,,,,,,,,,,,,,,,,
,,,,,,,,"% of Google ""Other"" Revenues",,,,,,,,,,,,,,,,,,,,,,,,,,,,,,,,,,,,,,,,,,,,,,,,,,,,,,,,,,,,,,,,,,,,,,,,,,,,,,,,,,,,,,,,,,,,,,,,,,,,,,,,,,,,,,,,,,,,,,,,0.450958286358512,0.553719008264463,0.643266675989372,0.575453914078778,0.460921843687375,0.462288327219738,0.431898812278266,0.399424791486914,0.343980693509463,0.270155294117647,0.220565439093484,0.191404422979813,0.156605355825924,0.117177797538798,0.0915759318903597,0.0738812983027422,0.0609563824872209,0.0514020537442457,0.0442508772091727,0.0385268723062098,0.0339081418136295,0.0301532442568261,0.0270841883967399,,,,,,,,,,,,,,,,,,,,
,,,,,,,,,,,,,,,,,,,,,,,,,,,,,,,,,,,,,,,,,,,,,,,,,,,,,,,,,,,,,,,,,,,,,,,,,,,,,,,,,,,,,,,,,,,,,,,,,,,,,,,,,,,,,,,,,,,,,,,,,,,,,,,,,,,,,,,,,,,,,,,,,,,,,,,,,,,,,,,,,,,,,,,,,,
,,,,,,,,Hardware Revenue ,,,,,,,,,,,,,,,,,,,,,,,,,,,,,,,,,,,,,,,,,,,,,,,,,,,,85.021501909344,85.8187835094828,90.8051843487416,297.933655194327,207.10508477581,150.534822179484,132.796598375131,229.976588315989,211.44338522604,155.805311062793,137.617689371509,935.889829263204,948.03920004647,893.970809678607,876.312464276079,1118.75185031682,,,,,,,,,,,,,,,,,,,,,,,,,,,,,,,,,,,,,,,,,,,,,,,,,,,,,,1800,701,1324.8321788603,3378.58044715075,3563.88468272108,3014,2835.78073679439,3723.68969996475,4197.37430674031,4456.40121051487,4755.18367664976,5054.92649475538,5330.81102898378,5509.14705315928,5714.39686368816,5925.71363575781,6158.2833058387,6390.92486656089,6626.1957723815,6868.47414340667,7090.61566117892,7079.519830028,,,,,,,,,,,,,,,,,,,,
,,,,,,,,% change Y/Y,,,,,,,,,,,,,,,,,,,,,,,,,,,,,,,,,,,,,,,,,,,,,,,,,,,,,,,,1.43591421140314,0.754101095628442,0.462434103598307,-0.228094630108215,0.0209473391487516,0.0350117587877805,0.0363043259794889,3.06950044835558,3.48365504096041,4.73774285087313,5.36773127261576,0.195388405062144,,,,,,,,,,,,,,,,,,,,,,,,,,,,,,,,,,,,,,,,,,,,,,,,,,,,,,,-0.610555555555556,0.889917516205847,1.55019503682135,0.054846773214059,-0.154293623861374,-0.0591304788339776,0.313109173657079,0.127208399448548,0.061711652296202,0.0670456837301603,0.0630349611051841,0.0545773582493503,0.0334538259198989,0.0372561865835803,0.0369797158143588,0.0392475378286059,0.0377770149842924,0.0368132798824803,0.0365637206245857,0.0323421932053853,-0.00156486145648338,,,,,,,,,,,,,,,,,,,,
,,,,,,,,Abs change Y/Y,,,,,,,,,,,,,,,,,,,,,,,,,,,,,,,,,,,,,,,,,,,,,,,,,,,,,,,,,,,,,,,,,,,,,,,,,,,,,,,,,,,,,,,,,,,,,,,,,,,,,,,,,,,,,,,,,,,,,,,,,,-1099,623.832178860299,2053.74826829045,185.304235570331,-549.884682721077,-178.219263205609,887.908963170355,473.684606775559,259.026903774569,298.782466134884,299.742818105624,275.884534228397,178.3360241755,205.249810528883,211.316772069651,232.569670080891,232.641560722186,235.270905820609,242.278371025168,222.141517772252,-11.0958311509166,,,,,,,,,,,,,,,,,,,,
,,,,,,,,"% of Google ""Other"" Revenues",,,,,,,,,,,,,,,,,,,,,,,,,,,,,,,,,,,,,,,,,,,,,,,,,,,,,,,,,,,,,,,,,,,,,,,,,,,,,,,,,,,,,,,,,,,,,,,,,,,,,,,,,,,,,,,,,,,,,,,,,0.297520661157025,0.0980282477975108,0.131444803934944,0.225690076629976,0.179080683519475,0.116227055375598,0.0815582610524703,0.0788282674957608,0.0758538774146617,0.0657519064346505,0.056901287279371,0.04735959614705,0.0357609348014583,0.0277583643366149,0.0224122119783195,0.0185661270420525,0.0158039236114813,0.0137537443218833,0.012125496410369,0.0108289778822306,0.00975234181834288,0.00859615700224876,,,,,,,,,,,,,,,,,,,,
,,,,,,,,,,,,,,,,,,,,,,,,,,,,,,,,,,,,,,,,,,,,,,,,,,,,,,,,,,,,,,,,,,,,,,,,,,,,,,,,,,,,,,,,,,,,,,,,,,,,,,,,,,,,,,,,,,,,,,,,,,,,,,,,,,,,,,,,,,,,,,,,,,,,,,,,,,,,,,,,,,,,,,,,,,
,,,,,,,,Fitbit Device Revenue,,,,,,,,,,,,,,,,,,,,,,,,,,,,,,,,,,,,,,,,,,,,,,,,,,,,,,,,,,,,,,,,,,,,,,,,,,,,,,,,,,,,,,,,,,,,,,,,,,,,,,,,,,,,,,,,,,,,,,,,,,,,,,1395.073,1269.8861856,1401.0376506624,1471.08953319552,1485.80042852748,1500.65843281275,1515.66501714088,1530.82166731229,1546.12988398541,1561.59118282526,1577.20709465352,1592.97916560005,1608.90895725605,1624.99804682861,1641.2480272969,1657.66050756987,1674.23711264557,,,,,,,,,,,,,,,,,,,,
,,,,,,,,% change Y/Y,,,,,,,,,,,,,,,,,,,,,,,,,,,,,,,,,,,,,,,,,,,,,,,,,,,,,,,,,,,,,,,,,,,,,,,,,,,,,,,,,,,,,,,,,,,,,,,,,,,,,,,,,,,,,,,,,,,,,,,,,,,,,,,-0.0897349560919036,0.103278125669533,0.0500000000000003,0.01,0.0100000000000002,0.00999999999999979,0.01,0.0100000000000002,0.01,0.0100000000000002,0.00999999999999979,0.01,0.01,0.0100000000000002,0.01,0.01,,,,,,,,,,,,,,,,,,,,
,,,,,,,,Y/Y Abs. Growth,,,,,,,,,,,,,,,,,,,,,,,,,,,,,,,,,,,,,,,,,,,,,,,,,,,,,,,,,,,,,,,,,,,,,,,,,,,,,,,,,,,,,,,,,,,,,,,,,,,,,,,,,,,,,,,,,,,,,,,,,,,,,,,-125.1868144,131.1514650624,70.0518825331203,14.7108953319553,14.858004285275,15.0065843281272,15.156650171409,15.3082166731231,15.461298839854,15.615911828253,15.772070946535,15.9297916560006,16.0890895725604,16.2499804682864,16.4124802729689,16.5766050756988,,,,,,,,,,,,,,,,,,,,
,,,,,,,,"% of Google ""Other"" Revenues",,,,,,,,,,,,,,,,,,,,,,,,,,,,,,,,,,,,,,,,,,,,,,,,,,,,,,,,,,,,,,,,,,,,,,,,,,,,,,,,,,,,,,,,,,,,,,,,,,,,,,,,,,,,,,,,,,,,,,,,,,,,,,,0.036522467230371,0.0296591229658834,0.0265851546615256,0.0219222206758657,0.0179571184627404,0.0142002624925364,0.0102692842683358,0.0077903232963773,0.00612465557570073,0.00494162038379009,0.0040880420398905,0.00346249140731889,0.00297363806632522,0.00258762546320625,0.00227992499679517,0.00203290695200101,,,,,,,,,,,,,,,,,,,,
,,,,,,,,,,,,,,,,,,,,,,,,,,,,,,,,,,,,,,,,,,,,,,,,,,,,,,,,,,,,,,,,,,,,,,,,,,,,,,,,,,,,,,,,,,,,,,,,,,,,,,,,,,,,,,,,,,,,,,,,,,,,,,,,,,,,,,,,,,,,,,,,,,,,,,,,,,,,,,,,,,,,,,,,,,
,,,,,,,,Units (in 1000s),,,,,,,,,,,,,,,,,,,,,,,,,,,,,,,,,,,,,,,,,,,,,,,,,,,,,,,,,,,,,,,,,,,,,,,,,,,,,,,,,,,,,,,,,,,,,,,,,,,,,,,,,,,,,,,,,,,,,,,,,,,,,,15988,13213.32,15021.5724,15021.5724,15021.5724,15021.5724,15021.5724,15021.5724,15021.5724,15021.5724,15021.5724,15021.5724,15021.5724,15021.5724,15021.5724,15021.5724,15021.5724,,,,,,,,,,,,,,,,,,,,
,,,,,,,,% change Y/Y,,,,,,,,,,,,,,,,,,,,,,,,,,,,,,,,,,,,,,,,,,,,,,,,,,,,,,,,,,,,,,,,,,,,,,,,,,,,,,,,,,,,,,,,,,,,,,,,,,,,,,,,,,,,,,,,,,,,,,,,,,,,,,,-0.173547660745559,0.136850723360972,0,0,0,0,0,0,0,0,0,0,0,0,0,0,,,,,,,,,,,,,,,,,,,,
,,,,,,,,Y/Y Abs. Growth,,,,,,,,,,,,,,,,,,,,,,,,,,,,,,,,,,,,,,,,,,,,,,,,,,,,,,,,,,,,,,,,,,,,,,,,,,,,,,,,,,,,,,,,,,,,,,,,,,,,,,,,,,,,,,,,,,,,,,,,,,,,,,,-2774.68,1808.2524,0,0,0,0,0,0,0,0,0,0,0,0,0,0,,,,,,,,,,,,,,,,,,,,
,,,,,,,,,,,,,,,,,,,,,,,,,,,,,,,,,,,,,,,,,,,,,,,,,,,,,,,,,,,,,,,,,,,,,,,,,,,,,,,,,,,,,,,,,,,,,,,,,,,,,,,,,,,,,,,,,,,,,,,,,,,,,,,,,,,,,,,,,,,,,,,,,,,,,,,,,,,,,,,,,,,,,,,,,,
,,,,,,,,Avg. Selling Price,,,,,,,,,,,,,,,,,,,,,,,,,,,,,,,,,,,,,,,,,,,,,,,,,,,,,,,,,,,,,,,,,,,,,,,,,,,,,,,,,,,,,,,,,,,,,,,,,,,,,,,,,,,,,,,,,,,,,,,,,,,,,,87.2575056292219,96.1065186947716,93.2683751976857,97.93179395757,98.9111118971457,99.9002230161172,100.899225246278,101.908217498741,102.927299673729,103.956572670466,104.996138397171,106.046099781142,107.106560778954,108.177626386743,109.259402650611,110.351996677117,111.455516643888,,,,,,,,,,,,,,,,,,,,
,,,,,,,,% change Y/Y,,,,,,,,,,,,,,,,,,,,,,,,,,,,,,,,,,,,,,,,,,,,,,,,,,,,,,,,,,,,,,,,,,,,,,,,,,,,,,,,,,,,,,,,,,,,,,,,,,,,,,,,,,,,,,,,,,,,,,,,,,,,,,,0.101412629225861,-0.0295312278046374,0.05,0.01,0.01,0.01,0.01,0.01,0.01,0.01,0.01,0.01,0.01,0.01,0.01,0.01,,,,,,,,,,,,,,,,,,,,
,,,,,,,,Y/Y Abs. Growth,,,,,,,,,,,,,,,,,,,,,,,,,,,,,,,,,,,,,,,,,,,,,,,,,,,,,,,,,,,,,,,,,,,,,,,,,,,,,,,,,,,,,,,,,,,,,,,,,,,,,,,,,,,,,,,,,,,,,,,,,,,,,,,8.84901306554973,-2.83814349708594,4.66341875988429,0.979317939575708,0.989111118971465,0.999002230161167,1.00899225246279,1.01908217498742,1.02927299673729,1.03956572670467,1.04996138397171,1.06046099781142,1.07106560778954,1.08177626386744,1.09259402650611,1.10351996677117,,,,,,,,,,,,,,,,,,,,
,,,,,,,,,,,,,,,,,,,,,,,,,,,,,,,,,,,,,,,,,,,,,,,,,,,,,,,,,,,,,,,,,,,,,,,,,,,,,,,,,,,,,,,,,,,,,,,,,,,,,,,,,,,,,,,,,,,,,,,,,,,,,,,,,,,,,,,,,,,,,,,,,,,,,,,,,,,,,,,,,,,,,,,,,,
,,,,,,,,Implied Other Hardware Revenue,,,,,,,,,,,,,,,,,,,,,,,,,,,,,,,,,,,,,,,,,,,,,,,,,,,,,,,,,,,,,,,,,,,,,,,,,,,,,,,,,,,,,,,,,,,,,,,,,,,,,,,,,,,,,,,,,,,,,,,,,,,,,,1618.927,1565.89455119439,2322.65204930235,2726.28477354478,2970.6007819874,3254.52524383701,3539.2614776145,3799.98936167149,3963.01716917387,4152.8056808629,4348.5065411043,4565.30414023865,4782.01590930484,5001.19772555289,5227.22611610977,5432.95515360905,5405.28271738244,,,,,,,,,,,,,,,,,,,,
,,,,,,,,% change Y/Y,,,,,,,,,,,,,,,,,,,,,,,,,,,,,,,,,,,,,,,,,,,,,,,,,,,,,,,,,,,,,,,,,,,,,,,,,,,,,,,,,,,,,,,,,,,,,,,,,,,,,,,,,,,,,,,,,,,,,,,,,,,,,,,-0.0327577764813413,0.48327487794803,0.173780969200134,0.0896149994356417,0.0955781280242096,0.0874893302231079,0.0736673132816172,0.0429021747131066,0.0478899039765182,0.0471249741212871,0.0498556451703764,0.0474692950149991,0.0458346062424353,0.0451948519055792,0.0393572102927109,-0.00509344094405662,,,,,,,,,,,,,,,,,,,,
,,,,,,,,Y/Y Abs. Growth,,,,,,,,,,,,,,,,,,,,,,,,,,,,,,,,,,,,,,,,,,,,,,,,,,,,,,,,,,,,,,,,,,,,,,,,,,,,,,,,,,,,,,,,,,,,,,,,,,,,,,,,,,,,,,,,,,,,,,,,,,,,,,,-53.0324488056083,756.757498107955,403.632724242438,244.316008442614,283.924461849609,284.736233777497,260.727884056988,163.027807502377,189.788511689029,195.700860241398,216.797599134356,216.711769066185,219.181816248049,226.028390556882,205.729037499283,-27.6724362266159,,,,,,,,,,,,,,,,,,,,
,,,,,,,,"% of Google ""Other"" Revenues",,,,,,,,,,,,,,,,,,,,,,,,,,,,,,,,,,,,,,,,,,,,,,,,,,,,,,,,,,,,,,,,,,,,,,,,,,,,,,,,,,,,,,,,,,,,,,,,,,,,,,,,,,,,,,,,,,,,,,,,,,,,,,,0.0450357938220993,0.0491691445298774,0.0492687227531361,0.0438296857587848,0.0389441688166307,0.0331593336545136,0.0254916505331224,0.0199680410402376,0.0162875564026188,0.0136245066582624,0.0117158815715908,0.0102912529145645,0.00915185834404373,0.0082413524190244,0.00747241682154771,0.00656325005024775,,,,,,,,,,,,,,,,,,,,
,,,,,,,,,,,,,,,,,,,,,,,,,,,,,,,,,,,,,,,,,,,,,,,,,,,,,,,,,,,,,,,,,,,,,,,,,,,,,,,,,,,,,,,,,,,,,,,,,,,,,,,,,,,,,,,,,,,,,,,,,,,,,,,,,,,,,,,,,,,,,,,,,,,,,,,,,,,,,,,,,,,,,,,,,,
,,,,,,,,,,,,,,,,,,,,,,,,,,,,,,,,,,,,,,,,,,,,,,,,,,,,,,,,,,,,,,,,,,,,,,,,,,,,,,,,0.128176795580111,0.303867403314917,0.30828729281768,0.259668508287293,0.133935907970419,0.18898931799507,0.359079704190633,0.317995069843878,0.126315789473684,0.339766081871345,0.211695906432749,0.322222222222222,0.157835400225479,,,,,,,,,,,,,,,,,,,,,,,,,,,,,,,,,,,,,,,,,,,,,,,,,,,,,,,,,,,,,,,,,,,,,,,,,,,,,,
,,,,,,,,Pixel Revenue ,,,,,,,,,,,,,,,,,,,,,,,,,,,,,,,,,,,,,,,,,,,,,,,,,,,,,,,,,,,,,,,,,,,,,,,,,,,,,,,,,,,,,,,,,,,,,,,,,,,,,,,,,,,,,,,,,,,,,,,,,,,,,,,,,,,,,,,,,,,,,,,,,,,,,,,,,,,,,,,,,,
,,,,,,,,Total Pixel Revenue ,,,,,,,,,,,,,,,,,,,,,,,,,,,,,,,,,,,,,,,,,,,,,,,,,,,,,,,,,,,,,,,694.1506,780.919425,780.919425,780.919425,780.919425,,,,,,,,,,,,,,,,,,,,,,,,,,,,,,,,,,,,,,,,,,,,,,,,,,,,,,,,694.1506,3123.6777,4000,4999.99946117401,5749.99927997589,6324.99920797348,6957.49912877083,7514.0990590725,8115.2269837983,8764.44514250216,9202.66739962727,9662.80076960863,9952.68479269689,10251.2653364778,10558.8032965721,10875.5673954693,11201.8344173334,11537.8894498534,11884.026133349,12240.5469173495,,,,,,,,,,,,,,,,,,,,
,,,,,,,,% change Y/Y,,,,,,,,,,,,,,,,,,,,,,,,,,,,,,,,,,,,,,,,,,,,,,,,,,,,,,,,,,,,,,,,,,,,,,,,,,,,,,,,,,,,,,,,,,,,,,,,,,,,,,,,,,,,,,,,,,,,,,,,,,,,3.5,0.280541843353429,0.249999865293503,0.149999979925154,0.1,0.1,0.08,0.08,0.08,0.05,0.05,0.03,0.03,0.03,0.03,0.03,0.03,0.03,0.03,,,,,,,,,,,,,,,,,,,,
,,,,,,,,Units Sold,,,,,,,,,,,,,,,,,,,,,,,,,,,,,,,,,,,,,,,,,,,,,,,,,,,,,,,,,,,,,,,1,1.125,1.125,1.125,1.125,,,,,,,,,,,,,,,,,,,,,,,,,,,,,,,,,,,,,,,,,,,,,,,,,,,,,,,,1,4.5,5,5.88235230726354,6.3888880888621,,,,,,,,,,,,,,,,,,,,,,,,,,,,,,,,,,,
,,,,,,,,ASP,,,,,,,,,,,,,,,,,,,,,,,,,,,,,,,,,,,,,,,,,,,,,,,,,,,,,,,,,,,,,,,694.1506,694.1506,694.1506,694.1506,694.1506,,,,,,,,,,,,,,,,,,,,,,,,,,,,,,,,,,,,,,,,,,,,,,,,,,,,,,,,694.1506,694.1506,800,850,900,,,,,,,,,,,,,,,,,,,,,,,,,,,,,,,,,,,
,,,,,,,,,,,,,,,,,,,,,,,,,,,,,,,,,,,,,,,,,,,,,,,,,,,,,,,,,,,,,,,,,,,,,,,,,,,,,,,,,,,,,,,,,,,,,,,,,,,,,,,,,,,,,,,,,,,,,,,,,,,,,,,,,,,,,,,,,,,,,,,,,,,,,,,,,,,,,,,,,,,,,,,,,,
,,,,,,,,Chromecast Revenue Breakdown,,,,,,,,,,,,,,,,,,,,,,,,,,,,,,,,,,,,,,,,,,,,,,,,,,,,,,,,,,,,,,,,,,,,,,,,,,,,,,,,,,,,,,,,,,,,,,,,,,,,,,,,,,,,,,,,,,,,,,,,,,,,,,,,,,,,,,,,,,,,,,,,,,,,,,,,,,,,,,,,,,
,,,,,,,,Total Chromecast Revenue ,,,,,,,,,,,,,,,,,,,,,,,,,,,,,,,,,,,,,,,,,,,,,,,,,,,,52.8,51.744,50.70912,99.3898752,68.3305392,67.647233808,66.97076146992,132.602107710442,71.6051381636385,71.6051381636385,71.6051381636385,143.210276327277,29.8354742348494,29.8354742348494,29.8354742348494,29.8354742348494,,,,,,,,,,,,,,,,,,,,,,,,,,,,,,,,,,,,,,,,,,,,,,,,,,,,,94.5,254.6429952,335.550642188362,358.025690818192,119.341896939397,122.922153847579,125.380596924531,126.634402893776,127.900746922714,129.179754391941,130.471551935861,131.776267455219,133.094030129771,134.424970431069,135.76922013538,137.126912336734,138.498181460101,139.883163274702,141.281994907449,142.694814856524,144.121763005089,145.56298063514,147.018610441491,,,,,,,,,,,,,,,,,,,,
,,,,,,,,Period-to-period addition,,,,,,,,,,,,,,,,,,,,,,,,,,,,,,,,,,,,,,,,,,,,,,,,,,,,,,,,,,,,,,,,,,,,,,,,,,,,,,,,,,,,,,,,,,,,,,,,,,,,,,,,,,,,,,,,,,,,,,,,,160.1429952,80.9076469883616,22.4750486298308,-238.683793878795,3.58025690818192,2.4584430769516,1.25380596924531,1.26634402893777,1.27900746922715,1.29179754391942,1.30471551935861,1.3177626745522,1.33094030129772,1.3442497043107,1.35769220135379,1.37126912336734,1.38498181460102,1.39883163274703,1.4128199490745,1.42694814856523,1.44121763005089,1.4556298063514,,,,,,,,,,,,,,,,,,,,
,,,,,,,,% change Y/Y,,,,,,,,,,,,,,,,,,,,,,,,,,,,,,,,,,,,,,,,,,,,,,,,,,,,,,,,0.294139,0.3073445,0.32068475,0.334161125,0.04792292,0.058508,0.0691999999999999,0.0800000000000001,-0.583333333333334,-0.583333333333334,-0.583333333333334,-0.791666666666667,,,,,,,,,,,,,,,,,,,,,,,,,,,,,,,,,,,,,,,,,,,,,,,,,,,,,,1.69463486984127,0.317729717736063,0.0669796024923546,-0.666666666666667,0.03,0.02,0.01,0.01,0.01,0.01,0.01,0.01,0.01,0.01,0.01,0.01,0.01,0.01,0.01,0.01,0.01,0.01,,,,,,,,,,,,,,,,,,,,
,,,,,,,,Chromecast Avg. Selling Price ,,,,,,,,,,,,,,,,,,,,,,,,,,,,,,,,,,,,,,,,,,,,,,,,,,,,33,32.34,31.6932,31.059336,31.059336,30.74874264,30.4412552136,30.136842661464,29.8354742348494,29.8354742348494,29.8354742348494,29.8354742348494,29.8354742348494,29.8354742348494,29.8354742348494,29.8354742348494,,,,,,,,,,,,,,,,,,,,,,,,,,,,,,,,,,,,,,,,,,,,,,,,,,,,,31.5,31.8303744,30.5046038353056,29.8354742348494,29.8354742348494,,,,,,,,,,,,,,,,,,,,,,,,,,,,,,,,,,,,,,
,,,,,,,,Chromecast Devices Sold,,,,,,,,,,,,,,,,,,,,,,,,,,,,,,,,,,,,,,,,,,,,,,,,,,,,1.6,1.6,1.6,3.2,2.2,2.2,2.2,4.4,2.4,2.4,2.4,4.8,1,1,1,1,,,,,,,,,,,,,,,,,,,,,,,,,,,,,,,,,,,,,,,,,,,,,,,,,,,,,3,8,11,12,4,,,,,,,,,,,,,,,,,,,,,,,,,,,,,,,,,,,,,,
,,,,,,,,,,,,,,,,,,,,,,,,,,,,,,,,,,,,,,,,,,,,,,,,,,,,,,,,,,,,,,,,,,,,,,,,,,,,,,,,,,,,,,,,,,,,,,,,,,,,,,,,,,,,,,,,,,,,,,,,,,,,,,,,,,,,,,,,,,,,,,,,,,,,,,,,,,,,,,,,,,,,,,,,,,
,,,,,,,,Nexus Revenue Breakdown,,,,,,,,,,,,,,,,,,,,,,,,,,,,,,,,,,,,,,,,,,,,,,,,,,,,,,,,,,,,,,,,,,,,,,,,,,,,,,,,,,,,,,,,,,,,,,,,,,,,,,,,,,,,,,,,,,,,,,,,,,,,,,,,,,,,,,,,,,,,,,,,,,,,,,,,,,,,,,,,,,
,,,,,,,,GOOGL Nexus Revenue ,,,,,,,,,,,,,,,,,,,,,,,,,,,,,,,,,,,,,,,,,,,,,,,,,,,,29.7451474848,31.57520729076,37.4512531541181,189.866100716823,128.912398681724,75.7192635057941,59.502189363538,86.423214495262,125.045026721272,73.4476856006203,56.5270798953611,82.1020537704989,118.792775385209,69.7753013205893,53.7007259005931,77.996951081974,,,,,,,,,,,,,,,,,,,,,,,,,,,,,,,,,,,,,,,,,,,,,,,,,,,,,,288.637708646501,350.557066046318,337.121845987753,320.265753688365,304.252466003947,289.03984270375,274.587850568562,260.858458040134,247.815535138127,235.424758381221,223.65352046216,212.470844439052,201.847302217099,191.754937106244,182.167190250932,173.058830738386,164.405889201466,156.185594741393,148.376315004323,140.957499254107,133.909624291402,127.214143076832,,,,,,,,,,,,,,,,,,,,
,,,,,,,,Period-to-period addition,,,,,,,,,,,,,,,,,,,,,,,,,,,,,,,,,,,,,,,,,,,,,,,,,,,,,,,,,,,,,,,,,,,,,,,,,,,,,,,,,,,,,,,,,,,,,,,,,,,,,,,,,,,,,,,,,,,,,,,,,,61.9193573998176,-13.4352200585656,-16.8560922993876,-16.0132876844182,-15.2126233001973,-14.4519921351875,-13.7293925284281,-13.0429229020067,-12.3907767569063,-11.771237919061,-11.182676023108,-10.6235422219526,-10.092365110855,-9.58774685531222,-9.1083595125466,-8.65294153691926,-8.22029446007332,-7.80927973706963,-7.41881575021617,-7.04787496270535,-6.69548121457008,,,,,,,,,,,,,,,,,,,,
,,,,,,,,% change Y/Y,,,,,,,,,,,,,,,,,,,,,,,,,,,,,,,,,,,,,,,,,,,,,,,,,,,,,,,,3.33389677249371,1.39806069390247,0.588790343508046,-0.544820196080402,-0.03,-0.03,-0.05,-0.05,-0.05,-0.05,-0.05,-0.05,,,,,,,,,,,,,,,,,,,,,,,,,,,,,,,,,,,,,,,,,,,,,,,,,,,,,,,0.214522758270823,-0.0383253437452903,-0.0499999999999999,-0.0499999999999999,-0.0499999999999999,-0.0499999999999999,-0.0499999999999999,-0.0499999999999999,-0.0499999999999999,-0.0499999999999999,-0.0499999999999999,-0.0499999999999999,-0.0499999999999999,-0.0499999999999999,-0.0499999999999999,-0.0499999999999999,-0.0499999999999999,-0.0499999999999999,-0.0499999999999999,-0.0499999999999999,-0.0499999999999999,,,,,,,,,,,,,,,,,,,,
,,,,,,,,GOOGL Nexus Operating Profit ,,,,,,,,,,,,,,,,,,,,,,,,,,,,,,,,,,,,,,,,,,,,,,,,,,,,,,,,,,,,,,,,,,,,,,,,,,,,,,,,,,,,,,,,,,,,,,,,,,,,,,,,,,,,,,,,,,,,,,,,,,,,,,,,,,,,,,,,,,,,,,,,,,,,,,,,,,,,,,,,,,
,,,,,,,,,,,,,,,,,,,,,,,,,,,,,,,,,,,,,,,,,,,,,,,,,,,,,,,,,,,,,,,,,,,,,,,,,,,,,,,,,,,,,,,,,,,,,,,,,,,,,,,,,,,,,,,,,,,,,,,,,,,,,,,,,,,,,,,,,,,,,,,,,,,,,,,,,,,,,,,,,,,,,,,,,,
,,,,,,,,,,,,,,,,,,,,,,,,,,,,,,,,,,,,,,,,,,,,,,,,,,,,,,,,,,,,,,,,,,,,,,,,,,,,,,,,,,,,,,,,,,,,,,,,,,,,,,,,,,,,,,,,,,,,,,,,,,,,,,,,,,,,,,,,,,,,,,,,,,,,,,,,,,,,,,,,,,,,,,,,,,
,,,,,,,,Nexus 6P,,,,,,,,,,,,,,,,,,,,,,,,,,,,,,,,,,,,,,,,,,,,,,,,,,,,,,,,,,,,,,,,,,,,,,,,,,,,,,,,,,,,,,,,,,,,,,,,,,,,,,,,,,,,,,,,,,,,,,,,,,,,,,,,,,,,,,,,,,,,,,,,,,,,,,,,,,,,,,,,,,
,,,,,,,,Huawei Android Phone Shipments,,,,,,,,,,,,,,,,,,,,,,,,,,,,,,,,,,,,,,,,,,,,,,,,,,,,,,,,,,27.272827,32.730772,,,,,,,,,,,,,,,,,,,,,,,,,,,,,,,,,,,,,,,,,,,,,,,,,,,,,,,,,,,,,,,32.730772,,,,,,,,,,,,,,,,,,,,,,,,,,,,,,,,,,,,,,,,
,,,,,,,,Period-to-period addition,,,,,,,,,,,,,,,,,,,,,,,,,,,,,,,,,,,,,,,,,,,,,,,,,,,,,,,,,,,5.457945,,,,,,,,,,,,,,,,,,,,,,,,,,,,,,,,,,,,,,,,,,,,,,,,,,,,,,,,,,,,,,,,,,,,,,,,,,,,,,,,,,,,,,,,,,,,,,,,,,,,,,,
,,,,,,,,% of abs change driven by Nexus ,,,,,,,,,,,,,,,,,,,,,,,,,,,,,,,,,,,,,,,,,,,,,,,,,,,,,,,,,,,0.015,,,,,,,,,,,,,,,,,,,,,,,,,,,,,,,,,,,,,,,,,,,,,,,,,,,,,,,,,,,,,,,,,,,,,,,,,,,,,,,,,,,,,,,,,,,,,,,,,,,,,,,
,,,,,,,,% of Huawei phones that are Nexus,,,,,,,,,,,,,,,,,,,,,,,,,,,,,,,,,,,,,,,,,,,,,,,,,,,,,,,,,,,0.00250129068144192,,,,,,,,,,,,,,,,,,,,,,,,,,,,,,,,,,,,,,,,,,,,,,,,,,,,,,,,,,,,,,,0.00250129068144192,,,,,,,,,,,,,,,,,,,,,,,,,,,,,,,,,,,,,,,,
,,,,,,,,,,,,,,,,,,,,,,,,,,,,,,,,,,,,,,,,,,,,,,,,,,,,,,,,,,,,,,,,,,,,,,,,,,,,,,,,,,,,,,,,,,,,,,,,,,,,,,,,,,,,,,,,,,,,,,,,,,,,,,,,,,,,,,,,,,,,,,,,,,,,,,,,,,,,,,,,,,,,,,,,,,
,,,,,,,,Huawei-Nexus Phone Units,,,,,,,,,,,,,,,,,,,,,,,,,,,,,,,,,,,,,,,,,,,,,,,,,,,,,,,,,,,0.081869175,,,,,,,,,,,,,,,,,,,,,,,,,,,,,,,,,,,,,,,,,,,,,,,,,,,,,,,,,,,,,,,0.081869175,,,,,,,,,,,,,,,,,,,,,,,,,,,,,,,,,,,,,,,,
,,,,,,,,Huawei-Nexus Phone ASP ,,,,,,,,,,,,,,,,,,,,,,,,,,,,,,,,,,,,,,,,,,,,,,,,,,,,,,,,,,,439.12,,,,,,,,,,,,,,,,,,,,,,,,,,,,,,,,,,,,,,,,,,,,,,,,,,,,,,,,,,,,,,,439.12,,,,,,,,,,,,,,,,,,,,,,,,,,,,,,,,,,,,,,,,
,,,,,,,,Huawei-Nexus Phone Revenue ,,,,,,,,,,,,,,,,,,,,,,,,,,,,,,,,,,,,,,,,,,,,,,,,,,,,,,,,,,,35.950392126,,,,,,,,,,,,,,,,,,,,,,,,,,,,,,,,,,,,,,,,,,,,,,,,,,,,,,,,,,,,,,,35.950392126,,,,,,,,,,,,,,,,,,,,,,,,,,,,,,,,,,,,,,,,
,,,,,,,,,,,,,,,,,,,,,,,,,,,,,,,,,,,,,,,,,,,,,,,,,,,,,,,,,,,,,,,,,,,,,,,,,,,,,,,,,,,,,,,,,,,,,,,,,,,,,,,,,,,,,,,,,,,,,,,,,,,,,,,,,,,,,,,,,,,,,,,,,,,,,,,,,,,,,,,,,,,,,,,,,,
,,,,,,,,Nexus 5X & Nexus 5,,,,,,,,,,,,,,,,,,,,,,,,,,,,,,,,,,,,,,,,,,,,,,,,,,,,,,,,,,,,,,,,,,,,,,,,,,,,,,,,,,,,,,,,,,,,,,,,,,,,,,,,,,,,,,,,,,,,,,,,,,,,,,,,,,,,,,,,,,,,,,,,,,,,,,,,,,,,,,,,,,
,,,,,,,,LG Android Phone Shipments ,,,,,,,,,,,,,,,,,,,,,,,,,,,,,,,,,,,,,,,,,,,,,,,,,,,,12.273056,14.524098,16.814084,15.549652,15.400387,14.11680959986,14.845089,15.314164,,,,,,,,,,,,,,,,,,,,,,,,,,,,,,,,,,,,,,,,,,,,,,,,,,,,,,,,,,,,,,59.16089,59.67644959986,,,,,,,,,,,,,,,,,,,,,,,,,,,,,,,,,,,,,,,,
,,,,,,,,Period-to-period addition,,,,,,,,,,,,,,,,,,,,,,,,,,,,,,,,,,,,,,,,,,,,,,,,,,,,,2.251042,2.289986,-1.264432,-0.149265,-1.28357740014001,0.728279400140005,0.469075,,,,,,,,,,,,,,,,,,,,,,,,,,,,,,,,,,,,,,,,,,,,,,,,,,,,,,,,,,,,,,,,,,,,,,,,,,,,,,,,,,,,,,,,,,,,,,,,,,,,,,,
,,,,,,,,% of abs change driven by Nexus ,,,,,,,,,,,,,,,,,,,,,,,,,,,,,,,,,,,,,,,,,,,,,,,,,,,,,0.0322608329831252,0.0367121982405133,na,na,na,0.101918913243641,0.2,,,,,,,,,,,,,,,,,,,,,,,,,,,,,,,,,,,,,,,,,,,,,,,,,,,,,,,,,,,,,,,,,,,,,,,,,,,,,,,,,,,,,,,,,,,,,,,,,,,,,,,
,,,,,,,,% of LG Android phones that are Nexus,,,,,,,,,,,,,,,,,,,,,,,,,,,,,,,,,,,,,,,,,,,,,,,,,,,,0.005,0.005,0.005,0.005,0.005,0.005,0.005,0.00612602816582087,,,,,,,,,,,,,,,,,,,,,,,,,,,,,,,,,,,,,,,,,,,,,,,,,,,,,,,,,,,,,,0.005,0.0052889612253347,,,,,,,,,,,,,,,,,,,,,,,,,,,,,,,,,,,,,,,,
,,,,,,,,LG-Nexus Phone Units,,,,,,,,,,,,,,,,,,,,,,,,,,,,,,,,,,,,,,,,,,,,,,,,,,,,0.06136528,0.07262049,0.08407042,0.07774826,0.077001935,0.0705840479993,0.074225445,0.093815,,,,,,,,,,,,,,,,,,,,,,,,,,,,,,,,,,,,,,,,,,,,,,,,,,,,,,,,,,,,,,0.29580445,0.3156264279993,,,,,,,,,,,,,,,,,,,,,,,,,,,,,,,,,,,,,,,,
,,,,,,,,LG-Nexus Phone ASP ,,,,,,,,,,,,,,,,,,,,,,,,,,,,,,,,,,,,,,,,,,,,,,,,,,,,315,311.85,308.7315,305.644185,302.58774315,299.5618657185,296.566247061315,261,,,,,,,,,,,,,,,,,,,,,,,,,,,,,,,,,,,,,,,,,,,,,,,,,,,,,,,,,,,,,,309.986051398477,288.133690436009,,,,,,,,,,,,,,,,,,,,,,,,,,,,,,,,,,,,,,,,
,,,,,,,,LG-Nexus Phone Revenue ,,,,,,,,,,,,,,,,,,,,,,,,,,,,,,,,,,,,,,,,,,,,,,,,,,,,19.3300632,22.6466998065,25.95518687223,23.7633035628681,23.299841729833,21.1442891086345,22.0127616601061,24.485715,,,,,,,,,,,,,,,,,,,,,,,,,,,,,,,,,,,,,,,,,,,,,,,,,,,,,,,,,,,,,,91.6952534415981,90.9426074985735,,,,,,,,,,,,,,,,,,,,,,,,,,,,,,,,,,,,,,,,
,,,,,,,,,,,,,,,,,,,,,,,,,,,,,,,,,,,,,,,,,,,,,,,,,,,,,,,,,,,,,,,,,,,,,,,,,,,,,,,,,,,,,,,,,,,,,,,,,,,,,,,,,,,,,,,,,,,,,,,,,,,,,,,,,,,,,,,,,,,,,,,,,,,,,,,,,,,,,,,,,,,,,,,,,,
,,,,,,,,Nexus 6,,,,,,,,,,,,,,,,,,,,,,,,,,,,,,,,,,,,,,,,,,,,,,,,,,,,,,,,,,,,,,,,,,,,,,,,,,,,,,,,,,,,,,,,,,,,,,,,,,,,,,,,,,,,,,,,,,,,,,,,,,,,,,,,,,,,,,,,,,,,,,,,,,,,,,,,,,,,,,,,,,
,,,,,,,,Lenovo Android Phone Shipments ,,,,,,,,,,,,,,,,,,,,,,,,,,,,,,,,,,,,,,,,,,,,,,,,,,,,,,25.699634,24.733733,18.745265,16.2108495116,18.802298,20.17472,,,,,,,,,,,,,,,,,,,,,,,,,,,,,,,,,,,,,,,,,,,,,,,,,,,,,,,,,,,,,,50.433367,73.9331325116,,,,,,,,,,,,,,,,,,,,,,,,,,,,,,,,,,,,,,,,
,,,,,,,,% of LG Android phones that are Nexus,,,,,,,,,,,,,,,,,,,,,,,,,,,,,,,,,,,,,,,,,,,,,,,,,,,,,,,0.0075,0.00675,0.006,0.00525,0.0045,,,,,,,,,,,,,,,,,,,,,,,,,,,,,,,,,,,,,,,,,,,,,,,,,,,,,,,,,,,,,,0.0036781799141033,0.00559010454825182,,,,,,,,,,,,,,,,,,,,,,,,,,,,,,,,,,,,,,,,
,,,,,,,,LG-Nexus Phone Units,,,,,,,,,,,,,,,,,,,,,,,,,,,,,,,,,,,,,,,,,,,,,,,,,,,,,,,0.1855029975,0.12653053875,0.0972650970696,0.0987120645,0.09078624,,,,,,,,,,,,,,,,,,,,,,,,,,,,,,,,,,,,,,,,,,,,,,,,,,,,,,,,,,,,,,0.1855029975,0.4132939403196,,,,,,,,,,,,,,,,,,,,,,,,,,,,,,,,,,,,,,,,
,,,,,,,,LG-Nexus Phone ASP ,,,,,,,,,,,,,,,,,,,,,,,,,,,,,,,,,,,,,,,,,,,,,,,,,,,,,,,300,270,243,218.7,196.83,,,,,,,,,,,,,,,,,,,,,,,,,,,,,,,,,,,,,,,,,,,,,,,,,,,,,,,,,,,,,,300,235.32028584923,,,,,,,,,,,,,,,,,,,,,,,,,,,,,,,,,,,,,,,,
,,,,,,,,LG-Nexus Phone Revenue ,,,,,,,,,,,,,,,,,,,,,,,,,,,,,,,,,,,,,,,,,,,,,,,,,,,,,,,55.65089925,34.1632454625,23.6354185879128,21.58832850615,17.8694556192,,,,,,,,,,,,,,,,,,,,,,,,,,,,,,,,,,,,,,,,,,,,,,,,,,,,,,,,,,,,,,55.65089925,97.2564481757628,,,,,,,,,,,,,,,,,,,,,,,,,,,,,,,,,,,,,,,,
,,,,,,,,,,,,,,,,,,,,,,,,,,,,,,,,,,,,,,,,,,,,,,,,,,,,,,,,,,,,,,,,,,,,,,,,,,,,,,,,,,,,,,,,,,,,,,,,,,,,,,,,,,,,,,,,,,,,,,,,,,,,,,,,,,,,,,,,,,,,,,,,,,,,,,,,,,,,,,,,,,,,,,,,,,
,,,,,,,,Nexus 9 Tablet,,,,,,,,,,,,,,,,,,,,,,,,,,,,,,,,,,,,,,,,,,,,,,,,,,,,,,,,,,,,,,,,,,,,,,,,,,,,,,,,,,,,,,,,,,,,,,,,,,,,,,,,,,,,,,,,,,,,,,,,,,,,,,,,,,,,,,,,,,,,,,,,,,,,,,,,,,,,,,,,,,
,,,,,,,,HTC Android Tablet Shipments,,,,,,,,,,,,,,,,,,,,,,,,,,,,,,,,,,,,,,,,,,,,,,,,,,,,,,,0.222841,0.151276,0.061845,0.026991,0.011674,,,,,,,,,,,,,,,,,,,,,,,,,,,,,,,,,,,,,,,,,,,,,,,,,,,,,,,,,,,,,,0.222841,0.251786,,,,,,,,,,,,,,,,,,,,,,,,,,,,,,,,,,,,,,,,
,,,,,,,,% of HTC tablets that are Nexus,,,,,,,,,,,,,,,,,,,,,,,,,,,,,,,,,,,,,,,,,,,,,,,,,,,,,,,1,1,1,1,1,,,,,,,,,,,,,,,,,,,,,,,,,,,,,,,,,,,,,,,,,,,,,,,,,,,,,,,,,,,,,,1,1,,,,,,,,,,,,,,,,,,,,,,,,,,,,,,,,,,,,,,,,
,,,,,,,,HTC-Nexus Tablet Units,,,,,,,,,,,,,,,,,,,,,,,,,,,,,,,,,,,,,,,,,,,,,,,,,,,,,,,0.222841,0.151276,0.061845,0.026991,0.011674,,,,,,,,,,,,,,,,,,,,,,,,,,,,,,,,,,,,,,,,,,,,,,,,,,,,,,,,,,,,,,0.222841,0.251786,,,,,,,,,,,,,,,,,,,,,,,,,,,,,,,,,,,,,,,,
,,,,,,,,HTC-Nexus Tablet ASP ,,,,,,,,,,,,,,,,,,,,,,,,,,,,,,,,,,,,,,,,,,,,,,,,,,,,,,,451.613543918692,441.524922038077,451.25735733042,454.790101083994,443.602098995583,,,,,,,,,,,,,,,,,,,,,,,,,,,,,,,,,,,,,,,,,,,,,,,,,,,,,,,,,,,,,,451.613543918692,445.433764754055,,,,,,,,,,,,,,,,,,,,,,,,,,,,,,,,,,,,,,,,
,,,,,,,,HTC-Nexus Tablet Revenue ,,,,,,,,,,,,,,,,,,,,,,,,,,,,,,,,,,,,,,,,,,,,,,,,,,,,,,,100.638013740385,66.7921241062322,27.9080112640998,12.2752396183581,5.17861090367443,,,,,,,,,,,,,,,,,,,,,,,,,,,,,,,,,,,,,,,,,,,,,,,,,,,,,,,,,,,,,,100.638013740385,112.153985892365,,,,,,,,,,,,,,,,,,,,,,,,,,,,,,,,,,,,,,,,
,,,,,,,,,,,,,,,,,,,,,,,,,,,,,,,,,,,,,,,,,,,,,,,,,,,,,,,,,,,,,,,,,,,,,,,,,,,,,,,,,,,,,,,,,,,,,,,,,,,,,,,,,,,,,,,,,,,,,,,,,,,,,,,,,,,,,,,,,,,,,,,,,,,,,,,,,,,,,,,,,,,,,,,,,,
,,,,,,,,Nexus 7 (2nd Gen),,,,,,,,,,,,,,,,,,,,,,,,,,,,,,,,,,,,,,,,,,,,,,,,,,,,,,,,,,,,,,,,,,,,,,,,,,,,,,,,,,,,,,,,,,,,,,,,,,,,,,,,,,,,,,,,,,,,,,,,,,,,,,,,,,,,,,,,,,,,,,,,,,,,,,,,,,,,,,,,,,
,,,,,,,,ASUS Android Tablet Shipments,,,,,,,,,,,,,,,,,,,,,,,,,,,,,,,,,,,,,,,,,,,,,,,,,,3.346117,3.578688,2.006992,1.85003,2.561334,2.564859,1.439647,1.11962039361517,1.619897,1.613582,,,,,,,,,,,,,,,,,,,,,,,,,,,,,,,,,,,,,,,,,,,,,,,,,,,,,,,,,,,,,,8.983215,5.79274639361517,,,,,,,,,,,,,,,,,,,,,,,,,,,,,,,,,,,,,,,,
,,,,,,,,% of ASUS Android tablets that are Nexus,,,,,,,,,,,,,,,,,,,,,,,,,,,,,,,,,,,,,,,,,,,,,,,,,,0.03,0.03,0.03,0.03,0.03,0.0275,0.025,0.0225,0.02,0.0175,,,,,,,,,,,,,,,,,,,,,,,,,,,,,,,,,,,,,,,,,,,,,,,,,,,,,,,,,,,,,,0.0292862079444831,0.0210294479645459,,,,,,,,,,,,,,,,,,,,,,,,,,,,,,,,,,,,,,,,
,,,,,,,,ASUS-Nexus Tablet Units,,,,,,,,,,,,,,,,,,,,,,,,,,,,,,,,,,,,,,,,,,,,,,,,,,0.10038351,0.10736064,0.06020976,0.0555009,0.07684002,0.0705336225,0.035991175,0.0251914588563414,0.03239794,0.028237685,,,,,,,,,,,,,,,,,,,,,,,,,,,,,,,,,,,,,,,,,,,,,,,,,,,,,,,,,,,,,,0.2630843025,0.121818258856341,,,,,,,,,,,,,,,,,,,,,,,,,,,,,,,,,,,,,,,,
,,,,,,,,ASUS-Nexus Tablet ASP ,,,,,,,,,,,,,,,,,,,,,,,,,,,,,,,,,,,,,,,,,,,,,,,,,,200,186,172.98,160.8714,149.610402,139.13767386,129.3980366898,120.340174121514,111.916361933008,104.082216597698,,,,,,,,,,,,,,,,,,,,,,,,,,,,,,,,,,,,,,,,,,,,,,,,,,,,,,,,,,,,,,154.526673876779,117.007355772722,,,,,,,,,,,,,,,,,,,,,,,,,,,,,,,,,,,,,,,,
,,,,,,,,ASUS-Nexus Tablet Revenue ,,,,,,,,,,,,,,,,,,,,,,,,,,,,,,,,,,,,,,,,,,,,,,,,,,20.076702,19.96907904,10.4150842848,8.92850748426,11.496066281888,9.81388416356936,4.65718738315901,3.03154454514708,3.62585957892388,2.93904084638756,,,,,,,,,,,,,,,,,,,,,,,,,,,,,,,,,,,,,,,,,,,,,,,,,,,,,,,,,,,,,,40.6535422145174,14.2536323536175,,,,,,,,,,,,,,,,,,,,,,,,,,,,,,,,,,,,,,,,
,,,,,,,,,,,,,,,,,,,,,,,,,,,,,,,,,,,,,,,,,,,,,,,,,,,,,,,,,,,,,,,,,,,,,,,,,,,,,,,,,,,,,,,,,,,,,,,,,,,,,,,,,,,,,,,,,,,,,,,,,,,,,,,,,,,,,,,,,,,,,,,,,,,,,,,,,,,,,,,,,,,,,,,,,,
,,,,,,,,Other Hardware Revenue ,,,,,,,,,,,,,,,,,,,,,,,,,,,,,,,,,,,,,,,,,,,,,,,,,,,,,,,,,,,,,,,,,,,,,,,,,,,,,,,,,,,,,,,,,,,,,,,,,,,,,,,,,,,,,,,,,,,,,,,,,,,,,,,,,,,,,,,,,,,,,,,,,,,,,,,,,,,,,,,,,,
,,,,,,,,Total Other Hardware Revenue ,,,,,,,,,,,,,,,,,,,,,,,,,,,,,,,,,,,,,,,,,,,,,,,,,,,,2.476354424544,2.4995762187228,2.64481119462354,8.67767927750468,9.86214689408621,7.16832486568971,6.3236475416729,10.9512661102852,14.7932203411293,10.7524872985346,9.48547131250935,16.4268991654278,18.4915254264116,13.4406091231682,11.8568391406367,230,,,,,,,,,,,,,,,,,,,,,,,,,,,,,,,,,,,,,,,,,,,,,,,,,,,,,,16.298421115395,34.305385411734,51.458078117601,273.788973690217,1437.39211187364,2084.21856221677,2667.79975963747,3148.00371637222,3620.20427382805,4163.23491490225,4579.55840639248,5037.51424703173,5440.51538679427,5875.75661773781,6345.81714715683,6853.48251892938,7401.76112044373,7993.90201007923,8633.41417088557,9324.08730455641,10070.0142889209,10875.6154320346,,,,,,,,,,,,,,,,,,,,
,,,,,,,,Period-to-period addition,,,,,,,,,,,,,,,,,,,,,,,,,,,,,,,,,,,,,,,,,,,,,,,,,,,,,,,,,,,,,,,,,,,,,,,,,,,,,,,,,,,,,,,,,,,,,,,,,,,,,,,,,,,,,,,,,,,,,,,,,,18.006964296339,17.152692705867,222.330895572616,1163.60313818342,646.826450343137,583.581197420697,480.203956734745,472.200557455832,543.030641074207,416.323491490226,457.955840639248,403.001139762539,435.241230943541,470.060529419025,507.665371772547,548.278601514351,592.140889635499,639.512160806338,690.673133670845,745.926984364514,805.601143113676,,,,,,,,,,,,,,,,,,,,
,,,,,,,,% change Y/Y,,,,,,,,,,,,,,,,,,,,,,,,,,,,,,,,,,,,,,,,,,,,,,,,,,,,,,,,2.98252640911942,1.86781607697983,1.39096369318453,0.262004017442125,0.5,0.5,0.5,0.5,0.25,0.25,0.25,13.0014252040982,,,,,,,,,,,,,,,,,,,,,,,,,,,,,,,,,,,,,,,,,,,,,,,,,,,,,,,1.10482875419939,0.5,4.32062182859815,4.25,0.45,0.28,0.18,0.15,0.15,0.1,0.1,0.08,0.08,0.08,0.08,0.08,0.08,0.08,0.08,0.08,0.08,,,,,,,,,,,,,,,,,,,,
,,,,,,,,% of Chromecast + Nexus Revenue ,,,,,,,,,,,,,,,,,,,,,,,,,,,,,,,,,,,,,,,,,,,,,,,,,,,,0.03,0.03,0.03,0.03,0.05,0.05,0.05,0.05,0.0752260764682654,0.0741280798229037,0.0740287763389976,0.072907235739381,0.124414608082124,0.134931276744129,0.141936539146052,2.13293913518346,,,,,,,,,,,,,,,,,,,,,,,,,,,,,,,,,,,,,,,,,,,,,,,,,,,,,,,0.05,0.0740246859739156,0.622803022875612,3.36488181899298,5.02923688823418,6.64918193498928,8.0975670188261,9.60278383939677,11.3781822814623,12.8845655656104,14.5776223735623,16.1788997467731,17.9399182864032,19.8745203739381,21.997522927082,24.3247696892527,26.8731864856806,29.6608398607343,32.7069995574736,36.0322053446627,39.6583387378195,,,,,,,,,,,,,,,,,,,,
,,,,,,,,Global Home Devices Sold,,,,,,,,,,,,,,,,,,,,,,,,,,,,,,,,,,,,,,,,,,,,,,,,,,,,,,,,,,,,,,,,,,,,,,,,,,,,,,,,,,,,,,,,,,,,,,,,,,,,,,,,,,,,,,,,,,,,,,,,,,,1.957759,14.1293563297158,24.7272437545881,24.7272437545881,24.7272437545881,51.9871431964572,60.0692500629774,69.079637572424,74.6060085782179,80.5744892644754,87.0204484056334,93.9820842780841,101.500651020331,109.620703101957,118.390359350114,127.861588098123,138.090515145973,149.137756357651,161.068776866263,173.954279015564,,,,,,,,,,,,,,,,,,,,
,,,,,,,,% change Y/Y,,,,,,,,,,,,,,,,,,,,,,,,,,,,,,,,,,,,,,,,,,,,,,,,,,,,,,,,,,,,,,,,,,,,,,,,,,,,,,,,,,,,,,,,,,,,,,,,,,,,,,,,,,,,,,,,,,,,,,,,,,,,6.2171070748319,0.750061586498713,0,0,1.10242369559733,0.15546356982876,0.15,0.08,0.08,0.08,0.08,0.08,0.08,0.08,0.08,0.08,0.08,0.08,0.08,,,,,,,,,,,,,,,,,,,,
,,,,,,,,Blended ASP,,,,,,,,,,,,,,,,,,,,,,,,,,,,,,,,,,,,,,,,,,,,,,,,,,,,,,,,,,,,,,,,,,,,,,,,,,,,,,,,,,,,,,,,,,,,,,,,,,,,,,,,,,,,,,,,,,,,,,,,,,,,60,60,60,60,60,60,60,60,60,60,60,60,60,60,60,60,60,60,60,,,,,,,,,,,,,,,,,,,,
,,,,,,,,,,,,,,,,,,,,,,,,,,,,,,,,,,,,,,,,,,,,,,,,,,,,,,,,,,,,,,,,,,,,,,,,,,,,,,,,,,,,,,,,,,,,,,,,,,,,,,,,,,,,,,,,,,,,,,,,,,,,,,,,,,,,,,,,,,,,,,,,,,,,,,,,,,,,,,,,,,,,,,,,,,
,,,,,,,,Other Google Other Revenue,,,,,,,,,,,,,,,,,,,,,,,,,,,,,,,,,,,,,,,,,,,,,,,,,,,,,,,,,,,,,,,,,,,,,,,,,,,,,,,,,,,,,,,,,,,,,,,,,,,,,,,,,,,,,,,,,,,,,,,,,900,1850,2954.1678211397,4691.41955284925,7137.11531727892,11718,18046.2192632056,27265.3503000353,36188.5824932597,48370.5555894851,62818.3400993502,84964.8008511646,126269.729047503,174783.960896425,230416.236270658,293786.959678561,363479.981215749,437715.108522407,518788.101372189,605892.676564746,698053.925343499,794182.809300446,,,,,,,,,,,,,,,,,,,,
,,,,,,,,Period-to-period addition,,,,,,,,,,,,,,,,,,,,,,,,,,,,,,,,,,,,,,,,,,,,,,,,,,,,,,,,,,,,,,,,,,,,,,,,,,,,,,,,,,,,,,,,,,,,,,,,,,,,,,,,,,,,,,,,,,,,,,,,,,950,1104.1678211397,1737.25173170955,2445.69576442967,4580.88468272108,6328.21926320561,9219.13103682964,8923.23219322444,12181.9730962254,14447.7845098651,22146.4607518144,41304.928196338,48514.2318489222,55632.2753742335,63370.7234079026,69693.0215371877,74235.1273066587,81072.9928497814,87104.5751925574,92161.248778753,96128.8839569467,,,,,,,,,,,,,,,,,,,,
,,,,,,,,% change Y/Y,,,,,,,,,,,,,,,,,,,,,,,,,,,,,,,,,,,,,,,,,,,,,,,,,,,,,,,,,,,,,,,,,,,,,,,,,,,,,,,,,,,,,,,,,,,,,,,,,,,,,,,,,,,,,,,,,,,,,,,,,0,1.05555555555556,0.596847470886325,0.588068057365587,0.521312523188066,0.641839802087936,0.540042606520363,0.510862186830818,0.327273704354824,0.336624765518085,0.298689653939096,0.352547690957588,0.48614164668841,0.384211102810486,0.318291650383187,0.275027161425657,0.237222991835446,0.204234431448909,0.185218630271774,0.167900102107521,0.152108207184948,0.137709825082129,,,,,,,,,,,,,,,,,,,,
,,,,,,,,% change Q/Q,,,,,,,,,,,,,,,,,,,,,,,,,,,,,,,,,,,,,,,,,,,,,,,,,,,,,,,,,,,,,,,,,,,,,,,,,,,,,,,,,,,,,,,,,,,,,,,,,,,,,,,,,,,,,,,,,,,,,,,,,,,,,1299.11531727892,2800,4987.21926320561,8059.35030003525,9908.5824932597,15282.5555894851,19589.3400993502,26259.8008511646,31946.2125475026,37374.4238714248,42792.8789618066,47884.5855955049,52653.3542511567,57132.5118742298,61335.9086413587,65284.4251154338,69000.6582313143,72506.1622786385,,,,,,,,,,,,,,,,,,,,
,,,,,,,,,,,,,,,,,,,,,,,,,,,,,,,,,,,,,,,,,,,,,,,,,,,,,,,,,,,,,,,,,,,,,,,,,,,,,,,,,,,,,,,,,,,,,,,,,,,,,,,,,,,,,,,,,,,,,,,,,,,,,,,,,212.5,425,675,1014,1459.5,,,,,,,,,,,,,,,,,,,,,,,,,,,,,,,,,,,,,
,,,,,,,,Google Cloud,,,,,,,,,,,,,,,,,,,,,,,,,,,,,,,,,,,,,,,,,,,,,,,,,,,,,,,,,,,,,,,,811.2,892.32,1054.56,1297.92,,,,1709,1825,2100,2379,2614,2777,3007,3444,3831,4047,4628,4990,5541,5821,6276,6868,7315,7454,8031,8411,9192,9574,10347,11353,11955,12260,13624,15157,17664,19752.75,22534.86,24808.635,27227.2715,29113.55,32952.792,36291.43065,39051.764375,,,,,,,,,,,,,,850,1700,2700,4056,5838,8918,13059,19206,26280,33088,43229,58705,94323.5165,137409.537025,187623.357308852,245902.374083056,310826.626964592,380582.596648177,457452.19273083,540608.251449312,629053.267112185,721676.647021807,,,,,,,,,,,,,,,,,,,,
,,,,,,,,% change Y/Y,,,,,,,,,,,,,,,,,,,,,,,,,,,,,,,,,,,,,,,,,,,,,,,,,,,,,,,,,,,,,,,,,,,,,,,,,,,0.529549444119368,0.521643835616438,0.431904761904762,0.447667087011349,0.465570007651109,0.457328051854519,0.539075490522115,0.448896631823461,0.446358653093187,0.438349394613294,0.35609334485739,0.376352705410822,0.320158816098177,0.28053599037966,0.279636711281071,0.22466511357018,0.256596035543404,0.2844110544674,0.288382517743743,0.34978004993461,0.300587467362924,0.280551493628577,0.316710157533585,0.335065621421651,0.477540777917189,0.611154159869494,0.654056077510276,0.636777396582437,0.541398975317029,0.473898571085039,0.462302938647056,0.462854794308514,0.43428857258062,,,,,,,,,,,,,,,1,0.588235294117647,0.502222222222222,0.439349112426036,0.52757793764988,0.464341780668311,0.470709855272226,0.368322399250234,0.259056316590563,0.306485735009671,0.358000416387148,0.60673735627289,0.456789803049805,0.365431842439844,0.310617066073867,0.264024506162787,0.224420830238369,0.201978747214532,0.181780872493079,0.163602785243771,0.147242506719394,,,,,,,,,,,,,,,,,,,,
,,,,,,,,Y/Y Abs. Growth,,,,,,,,,,,,,,,,,,,,,,,,,,,,,,,,,,,,,,,,,,,,,,,,,,,,,,,,,,,,,,,,,,,,,,,,,,,905,952,907,1065,1217,1270,1621,1546,1710,1774,1648,1878,1774,1633,1755,1543,1877,2120,2316,2942,2763,2686,3277,3804,5709,7492.75,8910.86,9651.635,9563.2715,9360.8,10417.932,11482.79565,11824.492875,,,,,,,,,,,,,,,850,1000,1356,1782,3080,4141,6147,7074,6808,10141,15476,35618.5165,43086.020525,50213.8202838517,58279.0167742044,64924.2528815359,69755.9696835855,76869.5960826525,83156.0587184824,88445.0156628725,92623.3799096225,,,,,,,,,,,,,,,,,,,,
,,,,,,,,% change Q/Q,,,,,,,,,,,,,,,,,,,,,,,,,,,,,,,,,,,,,,,,,,,,,,,,,,,,,,,,,,,,,,,,,,,,,,,,0.0678759508484494,0.150684931506849,0.132857142857143,0.0987810004203447,0.0623565416985463,0.0828231904933381,0.145327569005653,0.112369337979094,0.0563821456538762,0.143563133185075,0.078219533275713,0.110420841683367,0.0505323948745713,0.0781652637003951,0.0943275971956661,0.0650844496214327,0.019002050580998,0.0774081030319291,0.0473166479890426,0.0928545951729878,0.0415578764142732,0.0807395028201379,0.0972262491543443,0.0530256319915441,0.0255123379339188,0.111256117455139,0.112522019964768,0.165402124430956,0.118248980978261,0.140846717545658,0.100900338409025,0.097491720120837,0.0692790131394547,0.131871310781406,0.101315805046201,0.0760602069293181,,,,,,,,,,,,,,,,,,,,,,,,,,,,,,,,,,,,,,,,,,,,,,,,,,,,,,,
,,,,,,,,Q/Q Abs. Growth,,,,,,,,,,,,,,,,,,,,,,,,,,,,,,,,,,,,,,,,,,,,,,,,,,,,,,,,,,,,,,,,,,,,,,,,116,275,279,235,163,230,437,387,216,581,362,551,280,455,592,447,139,577,380,781,382,773,1006,602,305,1364,1533,2507,2088.75,2782.11,2273.775,2418.6365,1886.2785,3839.242,3338.63865,2760.333725,,,,,,,,,,,,,,,,,,,,,,,,,,,,,,,,,,,,,,,,,,,,,,,,,,,,,,,
,,,,,,,,"% of Google ""Other"" Revenues",,,,,,,,,,,,,,,,,,,,,,,,,,,,,,,,,,,,,,,,,,,,,,,,,,,,,,,,,,,,,,,,,,,,,,,0.263734567901235,0.335169880624426,0.339805825242718,0.370041997200187,0.331810104087332,0.385052689961176,0.369819210429222,0.386012104909213,0.364683484055212,0.383929418461247,0.411341214114301,0.424897820163488,0.404393519194278,0.46081380620646,0.489204146854782,0.499019109205842,0.454037614052511,0.501378892849936,0.496568354665183,0.502149253731343,0.459921945361753,0.52279801234096,0.526323821150618,0.515834431368985,0.50682550449381,0.541543354388445,0.548757401216418,0.540799942912192,0.565392740541579,0.619363790292236,0.636721858047016,0.629788662672624,0.642273813455369,0.680350299121331,0.6982707238515,0.696679541004377,0.692505397485459,,,,,,,,,,,,,,0.140495867768595,0.237728988952594,0.267883718622879,0.270941883767535,0.293352092859655,0.343899429276569,0.3755823986195,0.406579448748889,0.474925454052589,0.48819641170916,0.517285117687181,0.550007026748489,0.632754960823248,0.692351094508939,0.73587021629715,0.770448084028023,0.79767039368024,0.81904197544952,0.837107008518028,0.852334110264608,0.8651917937692,0.876280582807743,,,,,,,,,,,,,,,,,,,,
,,,,,,,,2yr Stacked Growth,,,,,,,,,,,,,,,,,,,,,,,,,,,,,,,,,,,,,,,,,,,,,,,,,,,,,,,,,,,,,,,,,,,,,,,,,,,,,,,,,,,,0.895677446467813,0.895168835379505,0.825249337234283,0.766517469191364,0.718885384992954,0.635730056138461,0.601017818981002,0.576754851641581,0.56494704484706,0.568019229024814,0.57444516350479,0.557183502906328,0.564962548095978,0.605092675277328,0.68484567135626,0.778128245280114,0.891705653498072,0.970766235043861,0.971843018004088,1.01893975323422,1.08505273095453,1.11635901615733,1.09963219089095,0.975687547897649,,,,,,,,,,,,,,,,,,,,,,,,,,,,,,,,,,,,,,,,,,,,,,,,,,,,,,,
,,,,,,,,,,,,,,,,,,,,,,,,,,,,,,,,,,,,,,,,,,,,,,,,,,,,,,,,,,,,,,,,,,,,,,,,,,,,,,,,,,,,,,,,,,,,0.0106544901065449,0.0173135464231355,0.0225266362252664,0.0170091324200913,0.00420091876208898,0.0174383462282398,0.0114845261121857,0.0236037234042553,0.00883666057507692,0.0178815147239122,0.023271415022323,0.0139258368225034,0.00519546886977259,0.0232348181585896,0.0261136189421685,0.0427050506771144,0.0221445306272058,0.0294954016053886,0.0241061305215439,0.025641924620145,0.0199979662547887,0.0407029142090986,0.0353956126095023,0.0292645336754382,,,,,,,,,,,,,,,,,,,,,,,,,,,,,,,,,,,,,,,,,,,,,,,,,,,,,,,
,,,,,,,,Workspace (formerly G Suite),,,,,,,,,,,,,,,,,,,,,,,,,,,,,,,,,,,,,,,,,,,,,,,,,,,,,,,,,,,,,,,,,,,,,,,,,,,,,,,,,,,,,,,,,,,,,,,,,,,,,,,,,,,,,,,,,,,,,,,,,720,1440,2160,2880,3600,4968,5464.8,6011.28,6624,7418.88,8160.768,9597.063168,10580.76214272,11374.319303424,12056.7784616294,12659.6173847109,13292.5982539465,13957.2281666438,14655.089574976,15387.8440537248,16157.236256411,16965.0980692316,,,,,,,,,,,,,,,,,,,,
,,,,,,,,% change Y/Y,,,,,,,,,,,,,,,,,,,,,,,,,,,,,,,,,,,,,,,,,,,,,,,,,,,,,,,,,,,,,,,,,,,,,,,,,,,,,,,,,,,,,,,,,,,,,,,,,,,,,,,,,,,,,,,,,,,,,,,,,,1,0.5,0.333333333333333,0.25,0.38,0.1,0.1,0.101928374655647,0.12,0.1,0.176,0.1025,0.075,0.0600000000000001,0.05,0.0500000000000003,0.0499999999999998,0.0500000000000003,0.05,0.05,0.05,,,,,,,,,,,,,,,,,,,,
,,,,,,,,Y/Y Abs. Growth,,,,,,,,,,,,,,,,,,,,,,,,,,,,,,,,,,,,,,,,,,,,,,,,,,,,,,,,,,,,,,,,,,,,,,,,,,,,,,,,,,,,,,,,,,,,,,,,,,,,,,,,,,,,,,,,,,,,,,,,,,720,720,720,720,1368,496.8,546.480000000001,612.719999999998,794.88,741.888000000001,1436.295168,983.698974720001,793.557160704,682.459158205442,602.838923081472,632.980869235549,664.629912697321,697.861408332192,732.754478748799,769.392202686238,807.861812820553,,,,,,,,,,,,,,,,,,,,
,,,,,,,,% of Other Google Other Rev,,,,,,,,,,,,,,,,,,,,,,,,,,,,,,,,,,,,,,,,,,,,,,,,,,,,,,,,,,,,,,,,,,,,,,,,,,,,,,,,,,,,,,,,,,,,,,,,,,,,,,,,,,,,,,,,,,,,,,,,,,,,,0.50440546915144,0.423963133640553,0.302822431684744,0.220473235584735,0.183041156730407,0.153375951745585,0.129910595967569,0.11295340037119,0.0837949223660686,0.0650764477763741,0.0523260802136658,0.0430911480841835,0.0365703723475667,0.0318865579343586,0.0282487002616549,0.0253969797769629,0.0231461147481698,0.0213617039686055,,,,,,,,,,,,,,,,,,,,
,,,,,,,,# Paying Businesses,,,,,,,,,,,,,,,,,,,,,,,,,,,,,,,,,,,,,,,,,,,,,,,,,,,,,,,,,,,,,,,,,,,,,,,,,,,,,,,,,,,,,,,,,,,,,,,,,,,,,,,,,,,,,,,,,,,,,,,,,1,2,3,4,5,6,6.6,7.26,8,8.96,9.856,10.3488,10.86624,11.681208,12.38208048,13.001184504,13.6512437292,14.33380591566,15.050496211443,15.8030210220152,16.5931720731159,17.4228306767717,,,,,,,,,,,,,,,,,,,,
,,,,,,,,Users/Business,,,,,,,,,,,,,,,,,,,,,,,,,,,,,,,,,,,,,,,,,,,,,,,,,,,,,,,,,,,,,,,,,,,,,,,,,,,,,,,,,,,,,,,,,,,,,,,,,,,,,,,,,,,,,,,,,,,,,,,,,6,6,6,6,6,6,6,6,6,6,6,6,6,6,6,6,6,6,6,6,6,6,,,,,,,,,,,,,,,,,,,,
,,,,,,,,Price/User/Month,,,,,,,,,,,,,,,,,,,,,,,,,,,,,,,,,,,,,,,,,,,,,,,,,,,,,,,,,,,,,,,,,,,,,,,,,,,,,,,,,,,,,,,,,,,,,,,,,,,,,,,,,,,,,,,,,,,,,,,,,10,10,10,10,10,11.5,11.5,11.5,11.5,11.5,11.5,12.88,13.524,13.524,13.524,13.524,13.524,13.524,13.524,13.524,13.524,13.524,,,,,,,,,,,,,,,,,,,,
,,,,,,,,,,,,,,,,,,,,,,,,,,,,,,,,,,,,,,,,,,,,,,,,,,,,,,,,,,,,,,,,,,,,,,,,,,,,,,,,,,,,,,,,,,,,,,,,,,,,,,,,,,,,,,,,,,,,,,,,,,,,,,,,,,,,,,,,,,,,,,,,,,,,,,,,,,,,,,,,,,,,,,,,,,
,,,,,,,,Google Cloud Platform,,,,,,,,,,,,,,,,,,,,,,,,,,,,,,,,,,,,,,,,,,,,,,,,,,,,,,,,,,,,,,,,,,,,,,,,,,,,,,,,,,,,,,,,,,,,,,,,,,,,,,,,,,,,,,,,,,,,,,,,,130,260,540,1176,2238,3950,7594.2,13194.72,19656,25669.12,35068.232,49107.936832,83742.75435728,126035.217721576,175566.578847222,233242.756698345,297534.028710645,366625.368481534,442797.103155854,525220.407395588,612896.030855774,704711.548952576,,,,,,,,,,,,,,,,,,,,
,,,,,,,,% change Y/Y,,,,,,,,,,,,,,,,,,,,,,,,,,,,,,,,,,,,,,,,,,,,,,,,,,,,,,,,,,,,,,,,,,,,,,,,,,,,,,,,,,,,,,,,,,,,,,,,,,,,,,,,,,,,,,,,,,,,,,,,,,1,1.07692307692308,1.17777777777778,0.903061224489796,0.76496872207328,0.922582278481013,0.737473334913486,0.489686783804431,0.305917785917786,0.366164169243044,0.400353939485743,0.705279426496107,0.505028329780741,0.392996195992344,0.328514562565536,0.27564102277975,0.232213236483549,0.207764495375221,0.186142374582615,0.166931105923594,0.149806024960876,,,,,,,,,,,,,,,,,,,,
,,,,,,,,Y/Y Abs. Growth,,,,,,,,,,,,,,,,,,,,,,,,,,,,,,,,,,,,,,,,,,,,,,,,,,,,,,,,,,,,,,,,,,,,,,,,,,,,,,,,,,,,,,,,,,,,,,,,,,,,,,,,,,,,,,,,,,,,,,,,,,130,280,636,1062,1712,3644.2,5600.52,6461.28,6013.12,9399.112,14039.704832,34634.81752528,42292.463364296,49531.3611256463,57676.1778511229,64291.2720123003,69091.3397708882,76171.7346743203,82423.3042397336,87675.6234601862,91815.5180968019,,,,,,,,,,,,,,,,,,,,
,,,,,,,,% of Other Google Other Rev,,,,,,,,,,,,,,,,,,,,,,,,,,,,,,,,,,,,,,,,,,,,,,,,,,,,,,,,,,,,,,,,,,,,,,,,,,,,,,,,,,,,,,,,,,,,,,,,,,,,,,,,,,,,,,,,,,,,,,,,,0.144444444444444,0.140540540540541,0.182792594291976,0.250670396614981,0.313572066655812,0.337088240314047,0.420819446402483,0.483937299715637,0.543154736819576,0.530676559058999,0.558248306856531,0.577979779156122,0.663205306521059,0.721091438111207,0.761954025848218,0.793918004235251,0.818570606599762,0.83758901930333,0.853522087312066,0.866853863250915,0.878006710662331,0.887341731273835,,,,,,,,,,,,,,,,,,,,
,,,,,,,,,,,,,,,,,,,,,,,,,,,,,,,,,,,,,,,,,,,,,,,,,,,,,,,,,,,,,,,,,,,,,,,,,,,,,,,,,,,,,,,,,,,,,,,,,,,,,,,,,,,,,,,,,,,,,,,,,,,,,,,,,,,,,,,,,,,,,,,,,,,,,,,,,,,,,,,,,,,,,,,,,,
,,,,,,,,Subscription and Other Revenue,,,,,,,,,,,,,,,,,,,,,,,,,,,,,,,,,,,,,,,,,,,,,,,,,,,,,,,,,,,,,,,,,,,,,,,,,,,,,,,,,,,,,,,,,,,,,,,,,,,,,,,,,,,,,,,,,,,,,,,,,50,150,254.167821139701,635.419552849253,1299.11531727892,2800,4987.21926320561,8059.35030003526,9908.5824932597,15282.5555894851,19589.3400993502,26259.8008511646,31946.2125475026,37374.4238714248,42792.8789618066,47884.5855955048,52653.3542511567,57132.5118742298,61335.9086413587,65284.4251154338,69000.6582313143,72506.1622786385,,,,,,,,,,,,,,,,,,,,
,,,,,,,,% change Y/Y,,,,,,,,,,,,,,,,,,,,,,,,,,,,,,,,,,,,,,,,,,,,,,,,,,,,,,,,,,,,,,,,,,,,,,,,,,,,,,,,,,,,,,,,,,,,,,,,,,,,,,,,,,,,,,,,,,,,,,,,,,2,0.694452140931342,1.5,1.04450006527754,1.15531289852295,0.781149736859146,0.616000796174137,0.229451770227229,0.542355387350418,0.281810492011449,0.340514826838686,0.216544357231325,0.169917210556672,0.144977621836321,0.118984904900711,0.0995888049639824,0.0850687992584016,0.0735727631997372,0.064375282954765,0.056923731951527,0.0508039218346663,,,,,,,,,,,,,,,,,,,,
,,,,,,,,Y/Y Abs. Growth,,,,,,,,,,,,,,,,,,,,,,,,,,,,,,,,,,,,,,,,,,,,,,,,,,,,,,,,,,,,,,,,,,,,,,,,,,,,,,,,,,,,,,,,,,,,,,,,,,,,,,,,,,,,,,,,,,,,,,,,,,100,104.167821139701,381.251731709552,663.69576442967,1500.88468272108,2187.21926320561,3072.13103682965,1849.23219322444,5373.97309622543,4306.78450986512,6670.46075181437,5686.41169633803,5428.21132392219,5418.45509038179,5091.70663369821,4768.76865565185,4479.15762307316,4203.39676712889,3948.51647407509,3716.23311588049,3505.50404732421,,,,,,,,,,,,,,,,,,,,
,,,,,,,,% of Other Google Other Rev,,,,,,,,,,,,,,,,,,,,,,,,,,,,,,,,,,,,,,,,,,,,,,,,,,,,,,,,,,,,,,,,,,,,,,,,,,,,,,,,,,,,,,,,,,,,,,,,,,,,,,,,,,,,,,,,,,,,,,,,,0.00826446280991736,0.020976087260523,0.0252175633633993,0.0424461959151138,0.0652788964011317,0.107974703069567,0.143434548841116,0.170611590245888,0.179065374415102,0.225486242762705,0.234409172053635,0.246028021278537,0.214306306836495,0.188314609264087,0.167836273421789,0.150029406442704,0.135123628964033,0.122953403019424,0.112240622765393,0.102928770039532,0.094902620155631,0.0880390717932685,,,,,,,,,,,,,,,,,,,,
,,,,,,,,,,,,,,,,,,,,,,,,,,,,,,,,,,,,,,,,,,,,,,,,,,,,,,,,,,,,,,,,,,,,,,,,,,,,,,,,,,,,,,,,,,,,,,,,,,,,,,,,,,,,,,,,,,,,,,,,,,,,,,,,,,,,,,0.604642857142857,0.508844534253433,0.582348467967043,0.598529860077763,0.60537706768432,0.607473771015133,0.580503762502605,0.586208688565596,0.582642478385059,0.580811763737865,0.57668534678022,0.570752415621842,0.563461128285106,0.55550058275244,0.547373906922091,0.539439416464819,0.531943532473501,,,,,,,,,,,,,,,,,,,,
,,,,,,,,YouTube Music/Premium,,,,,,,,,,,,,,,,,,,,,,,,,,,,,,,,,,,,,,,,,,,,,,,,,,,,,,,,,,,,44.4793686994477,57.1877597564328,69.8961508134179,82.6045418704029,127.083910569851,142.969399391082,174.740377033545,190.625865854776,176.646621989798,211.975946387758,259.081712251704,294.411036649663,338.6,380.925,465.575,507.9,539.265343431192,602.708325011332,666.151306591472,729.594288171612,1085.33725688315,1144.00413563359,1202.67101438403,1261.33789313447,1371.4472015663,1445.57948273205,1519.7117638978,1593.84404506354,2139.45763444344,2255.103993062,2370.75035168056,2486.39671029913,2751.87738230287,2900.627511076,3049.37763984913,3198.12776862225,3525.15492672998,3715.70384168835,3906.25275664673,4096.80167160511,4330.65282748778,4564.74216951414,4798.83151154051,5032.92085356687,5035.68310780279,5307.88219471105,5580.0812816193,5852.28036852756,,,,,,,,,,,,,,,,254.167821139701,635.419552849253,942.115317278923,1693,2537.71926320561,4693.35030003526,5930.5824932597,9251.70868948513,11900.0103018502,15243.9131966702,18727.1473621093,21775.9269526607,24854.6075052279,27614.3388495708,30052.0291294403,32191.9496024158,34072.1329939252,35734.9908365977,37221.6748119886,38569.1840885959,,,,,,,,,,,,,,,,,,,,
,,,,,,,,# Subscribers,,,,,,,,,,,,,,,,,,,,,,,,,,,,,,,,,,,,,,,,,,,,,,,,,,,,,,,,,,,,,,,,,,,,,,,,,,,,,,,,,,,,,,,,,,,,,,,,,,,,,,,,,,,,,,,,,,,,,,,,,,,3,7.5,11.1199991374333,19.9828600537452,29.9532716434325,55.3966699520424,70,91,111.475,135.9995,159.119415,181.3961331,202.9822729389,221.098440798697,235.89821767966,247.741045389109,257.069076391084,264.328516314913,269.926847154472,274.214522432334,,,,,,,,,,,,,,,,,,,,
,,,,,,,,% change Y/Y,,,,,,,,,,,,,,,,,,,,,,,,,,,,,,,,,,,,,,,,,,,,,,,,,,,,,,,,,,,,,,,,,,,,,,,,,,,,,,,,,,,,,,,,,,,,,,,,,,,,,,,,,,,,,,,,,,,,,,,,,,,,,,,0.498948176731015,0.849436369138281,0.263613860916188,0.3,0.225,0.22,0.17,0.14,0.119,0.08925,0.0669375,0.050203125,0.03765234375,0.0282392578125,0.021179443359375,0.0158845825195313,,,,,,,,,,,,,,,,,,,,
,,,,,,,,Price/User/Month,,,,,,,,,,,,,,,,,,,,,,,,,,,,,,,,,,,,,,,,,,,,,,,,,,,,,,,,,,,,,,,,,,,,,,,,,,,,,,,,,,,,,,,,,,,,,,,,,,,,,,,,,,,,,,,,,,,,,,,,,,,7.06021725388059,7.06021725388059,7.06021725388059,7.06021725388059,7.06021725388059,7.06021725388059,7.06021725388059,8.47226070465671,8.89587373988955,9.34066742688402,9.80770079822823,10.0038548141928,10.2039319104766,10.4080105486862,10.6161707596599,10.8284941748531,11.0450640583502,11.2659653395172,11.4912846463075,11.7211103392337,,,,,,,,,,,,,,,,,,,,
,,,,,,,,% change Y/Y,,,,,,,,,,,,,,,,,,,,,,,,,,,,,,,,,,,,,,,,,,,,,,,,,,,,,,,,,,,,,,,,,,,,,,,,,,,,,,,,,,,,,,,,,,,,,,,,,,,,,,,,,,,,,,,,,,,,,,,,,,,,,,,,,,0.2,0.05,0.05,0.05,0.02,0.02,0.02,0.02,0.02,0.02,0.02,0.02,0.02,,,,,,,,,,,,,,,,,,,,
,,,,,,,,,,,,,,,,,,,,,,,,,,,,,,,,,,,,,,,,,,,,,,,,,,,,,,,,,,,,,,,,,,,,0.7,0.9,1.1,1.3,0.8,0.9,1.1,1.2,0.75,0.9,1.1,1.25,0.8,0.9,1.1,1.2,0.85,0.95,1.05,1.15,0.925,0.975,1.025,1.075,0.925,0.975,1.025,1.075,0.925,0.975,1.025,1.075,0.925,0.975,1.025,1.075,0.925,0.975,1.025,1.075,0.925,0.975,1.025,1.075,0.925,0.975,1.025,1.075,,,,,,,,,,,,,,,,,,,,,,,,,,,,,,,,,,,,,,,,,,,,,,,,,,,,,,,
,,,,,,,,,,,,,,,,,,,,,,,,,,,,,,,,,,,,,,,,,,,,,,,,,,,,,,,,,,,,,,,,,,,,,,,,,,,,,,,,,,,,,,,,,,,,,,,,,,,,,,,,,,,,,,,,,,,,,,,,,,,,,,,,,,,,,,,,,,,,,,,,,,,,,,,,,,,,,,,,,,,,,,,,,,
,,,,,,,,YouTube TV,,,,,,,,,,,,,,,,,,,,,,,,,,,,,,,,,,,,,,,,,,,,,,,,,,,,,,,,,,,,,,,,,,,,53.55,80.325,98.175,124.95,193.725,249.075,304.425,359.775,489.9,581.75625,642.99375,734.85,799.425,820.4625,862.5375,883.575,944.775,969.6375,1019.3625,1044.225,1394.633345625,1470.018931875,1545.404518125,1620.790104375,1826.21582690625,1874.27413814062,1970.39076060937,2018.44907184375,2616.27331794243,2685.12261578302,2822.8212114642,2891.67050930479,3139.52798153092,3222.14713893963,3387.38545375704,3470.00461116575,3704.64301820648,3802.13362394876,3997.11483543331,4094.60544117559,,,,,,,,,,,,,,,,,,357,1107,2449.5,3366,3978,6030.8469,7689.3297975,11015.8876544944,13219.0651853933,15598.4969187641,17938.2714565788,20270.246745934,22601.3251217164,24940.5622718141,27263.7756474335,29549.4342788361,31778.9834193257,33936.9781900427,,,,,,,,,,,,,,,,,,,,
,,,,,,,,# Subscribers,,,,,,,,,,,,,,,,,,,,,,,,,,,,,,,,,,,,,,,,,,,,,,,,,,,,,,,,,,,,,,,,,,,,,,,,,,,,,,,,,,,,,,,,,,,,,,,,,,,,,,,,,,,,,,,,,,,,,,,,,,,,0.25,0.85,2.05,3.55,4.4,5.1,6.885,8.778375,11.0607525,13.272903,15.66202554,18.011329371,20.35280218923,22.6933744409914,25.0421386956341,27.3748139151324,29.6697814397075,31.9084109540056,34.0751946761921,,,,,,,,,,,,,,,,,,,,
,,,,,,,,% change Y/Y,,,,,,,,,,,,,,,,,,,,,,,,,,,,,,,,,,,,,,,,,,,,,,,,,,,,,,,,,,,,,,,,,,,,,,,,,,,,,,,,,,,,,,,,,,,,,,,,,,,,,,,,,,,,,,,,,,,,,,,,,,,,,,,0.731707317073171,0.23943661971831,0.159090909090909,0.35,0.275,0.26,0.2,0.18,0.15,0.13,0.115,0.1035,0.09315,0.083835,0.0754515,0.06790635,,,,,,,,,,,,,,,,,,,,
,,,,,,,,Price/User/Month,,,,,,,,,,,,,,,,,,,,,,,,,,,,,,,,,,,,,,,,,,,,,,,,,,,,,,,,,,,,,,,,,,,,,,,,,,,,,,,,,,,,,,,,,,,,,,,,,,,,,,,,,,,,,,,,,,,,,,,,,,,,,35,45,57.5,63.75,65,72.995,72.995,82.995315,82.995315,82.995315,82.995315,82.995315,82.995315,82.995315,82.995315,82.995315,82.995315,82.995315,,,,,,,,,,,,,,,,,,,,
,,,,,,,,% change Y/Y,,,,,,,,,,,,,,,,,,,,,,,,,,,,,,,,,,,,,,,,,,,,,,,,,,,,,,,,,,,,,,,,,,,,,,,,,,,,,,,,,,,,,,,,,,,,,,,,,,,,,,,,,,,,,,,,,,,,,,,,,,,,,,,,,,0.123,0,0.137,0,0,0,0,0,0,0,0,0,0,,,,,,,,,,,,,,,,,,,,
,,,,,,,,,,,,,,,,,,,,,,,,,,,,,,,,,,,,,,,,,,,,,,,,,,,,,,,,,,,,,,,,,,,,,,,,,,,,0.6,0.9,1.1,1.4,0.7,0.9,1.1,1.3,0.8,0.95,1.05,1.2,0.95,0.975,1.025,1.05,0.95,0.975,1.025,1.05,0.925,0.975,1.025,1.075,0.95,0.975,1.025,1.05,0.95,0.975,1.025,1.05,0.95,0.975,1.025,1.05,0.95,0.975,1.025,1.05,,,,,,,,,,,,,,,,,,,,,,,,,,,,,,,,,,,,,,,,,,,,,,,,,,,,,,,
,,,,,,,,,,,,,,,,,,,,,,,,,,,,,,,,,,,,,,,,,,,,,,,,,,,,,,,,,,,,,,,,,,,,,,,,,,,,,,,,,,,,,,,,,,,,,,,,,,,,,,,,,,,,,,,,,,,,,,,,,,,,,,,,,,,,,,,,,,,,,,,,,,,,,,,,,,,,,,,,,,,,,,,,,,
,,,,,,,,,,,,,,,,,,,,,,,,,,,,,,,,,,,,,,,,,,,,,,,,,,,,,,,,,,,,,,,,,,,,,,,,,,,,,,,,,,,,,,,,,,,,,,,,,,,,,,,,,,,,,,,,,,,,,,,,,,,,,,,,,,,,,,,,,,,,,,,,,,,,,,,,,,,,,,,,,,,,,,,,,,
,,,,,,,,,,,,,,,,,,,,,,,,,,,,,,,,,,,,,,,,,,,,,,,,,,,,,,,,,,,,,,,,,,,,,,,,,,,,,,,,,,,,,,,,,,,,,,,,,,,,,,,,,,,,,,,,,,,,,,,,,,,,,,,,,,,,,,,,,,,,,,,,,,,,,,,,,,,,,,,,,,,,,,,,,,
,,,,,,,,"""OTHER BETS REVENUE""",,,,,,,,,,,,,,,,,,,,,,,,,,,,,,,,,,,,,,,,,,,,,,,,,,,,,,,,,,,,,,,,,,,,,,,,,,,,,,,,,,,,,,,,,,,,,,,,,,,,,,,,,,,,,,,,,,,,,,,,,,,,,,,,,,,,,,,,,,,,,,,,,,,,,,,,,,,,,,,,,,
,,,,,,,,,,,,,,,,,,,,,,,,,,,,,,,,,,,,,,,,,,,,,,,,,,,,,,,,,,,,,,,,,,,,,,,,,,,,,,,,,,,,,,,,,,,,,,,,,,,,,,,,,,,,,,,,,,,,,,,,,,,,,,,,,,,,,,,,,,,,,,,,,,,,,,,,,,,,,,,,,,,,,,,,,,
,,,,,,,,Total Other Bets Revenue,,,,,,,,,,,,,,,,,,,,,,,,,,,,,,,,,,,,,,,,,,,,,,,,,,,,,,,106,80,75,142,151,166,185,197,262,132,97,117,131,150,145,146,154,170,162,155,172,135,148,178,196,198,192,182,181,440,193,209,226,288,285,297,657,495,,,400,450,373,344,370,545.786,572.482,603.934,640.473,979.683,1028.683,1073.683,1119.683,,,,,,,,,,,,,12,327,448,810,477,595,659,657,753,1068,1527,1648,1537,2362.675,4201.732,5960.632,8207.582,11603.007,,,,,,,,,,,,,,,,,,,,,,,,,
,,,,,,,,Period-to-period addition,,,,,,,,,,,,,,,,,,,,,,,,,,,,,,,,,,,,,,,,,,,,,,,,,0,0,0,0,0,0,106,-26,-5,67,9,15,19,12,65,-130,-35,20,14,19,-5,1,8,16,-8,-7,17,-37,13,30,18,2,-6,-10,-1,259,-247,16,17,62,-3,12,360,-162,,,400,50,-77,-29,26,175.786,26.6959999999999,31.452,36.539,339.21,49,45,46,,,,,,,,,,,,,12,315,121,362,-333,118,64,-2,96,315,459,121,-111,825.675,1839.057,1758.9,2246.95,3395.425,,,,,,,,,,,,,,,,,,,,,,,,,
,,,,,,,,% change Y/Y,,,,,,,,,,,,,,,,,,,,,,,,,,,,,,,,,,,,,,,,,,,,,,,,,NA,NA,NA,NA,NA,NA,NA,NA,NA,NA,0.424528301886792,1.075,1.46666666666667,0.387323943661972,0.735099337748344,-0.204819277108434,-0.475675675675676,-0.406091370558376,-0.5,0.136363636363636,0.494845360824742,0.247863247863248,0.175572519083969,0.133333333333333,0.117241379310345,0.0616438356164384,0.116883116883117,-0.205882352941177,-0.0864197530864198,0.148387096774194,0.13953488372093,0.466666666666667,0.297297297297297,0.0224719101123596,-0.076530612244898,1.22222222222222,0.00520833333333326,0.148351648351648,0.248618784530387,-0.345454545454545,0.476683937823834,0.421052631578947,1.9070796460177,0.71875,,,-0.39117199391172,-0.0909090909090909,NA,NA,-0.075,0.212857777777778,0.534804289544236,0.755622093023256,0.731008108108108,0.794994741528731,0.796882696748544,0.777815125493846,0.748212649089033,,,,,,,,,,,,,NA,26.25,0.370030581039755,0.808035714285714,-0.411111111111111,0.247379454926625,0.107563025210084,-0.00303490136570561,0.146118721461187,0.418326693227092,0.429775280898876,0.0792403405370006,-0.0673543689320388,0.537199089134678,0.778379167680701,0.418613086222539,0.376965060080877,0.413693704187177,,,,,,,,,,,,,,,,,,,,,,,,,
,,,,,,,,% change Q/Q,,,,,,,,,,,,,,,,,,,,,,,,,,,,,,,,,,,,,,,,,,,,,,,,,NA,NA,NA,NA,NA,NA,NA,-0.245283018867924,-0.0625,0.893333333333333,0.0633802816901408,0.0993377483443709,0.114457831325301,0.0648648648648649,0.32994923857868,-0.49618320610687,-0.265151515151515,0.206185567010309,0.11965811965812,0.145038167938931,-0.0333333333333333,0.00689655172413795,0.0547945205479452,0.103896103896104,-0.0470588235294118,-0.0432098765432098,0.109677419354839,-0.215116279069768,0.0962962962962963,0.202702702702703,0.101123595505618,0.010204081632653,-0.0303030303030303,-0.0520833333333334,-0.00549450549450548,1.43093922651934,-0.561363636363636,0.0829015544041452,0.0813397129186604,0.274336283185841,-0.0104166666666666,0.0421052631578946,1.21212121212121,-0.246575342465753,,,NA,0.125,-0.171111111111111,-0.0777479892761395,0.0755813953488371,0.475097297297298,0.0489129439010894,0.0549397186287079,0.0605016442194015,0.529624199614972,0.0500161787027029,0.0437452548549941,0.0428431855584934,,,,,,,,,,,,,,,,,,,,,,,,,,,,,,,,,,,,,,,,,,,,,,,,,,,,,,,
,,,,,,,,,,,,,,,,,,,,,,,,,,,,,,,,,,,,,,,,,,,,,,,,,,,,,,,,,,,,,,,,,,,,,,,,,,,,,,,,,,,,,,,,,,,,,,,,,,,,,,,,,,,,,,,,,,,,,,,,,,,,,,,,,,,,,,,,,,,,,,,,,,,,,,,,,,,,,,,,,,,,,,,,,,
,,,,,,,,,,,,,,,,,,,,,,,,,,,,,,,,,,,,,,,,,,,,,,,,,,,,,,,,,,,,,,,,,,,,,,,,,,,,,,,,,,,,,,,,,,,,,,,,,,,,,,,,,,,,,,,,,,,,,,,,,,,,,,,,,,,,,,,,,,,,,,,,,,,,,,,,,,,,,,,,,,,,,,,,,,
,,,,,,,,,,,,,,,,,,,,,,,,,,,,,,,,,,,,,,,,,,,,,,,,,,,,,,,,,,,,,,,,,,,,,,,,,,,,,,,,,,,,,,,,,,,,,,,,,,,,,,,,,,,,,,,,,,,,,,,,,,,,,,,,,,,,,,,,,,,,,,,,,,,,,,,,,,,,,,,,,,,,,,,,,,
